{"type":"FeatureCollection","features":[{"type":"Feature","properties":{"nome":"Parco nazionale dell'Alta Murgia","tipo":"Parco Nazionale","codice":"EUAP0852","ettari":68033,"settori":["BAT","BA_02","BA_03"]},"geometry":{"type":"Polygon","coordinates":[[[16.43085,40.90024],[16.43151,40.90077],[16.43127,40.90151],[16.43244,40.90236],[16.43451,40.9028],[16.442,40.90832],[16.4494,40.91084],[16.45724,40.91525],[16.459,40.91497],[16.4613,40.91577],[16.46316,40.9139],[16.46754,40.9119],[16.46869,40.90958],[16.4718,40.90795],[16.47414,40.90612],[16.47782,40.9055],[16.48228,40.89964],[16.48487,40.89527],[16.48768,40.89506],[16.49012,40.89402],[16.48962,40.89162],[16.4848,40.88896],[16.47926,40.88864],[16.47844,40.888],[16.4728,40.88652],[16.47262,40.88609],[16.46927,40.8856],[16.46391,40.88348],[16.46336,40.88152],[16.4578,40.87747],[16.45962,40.87482],[16.45739,40.8733],[16.4551,40.87479],[16.45108,40.87356],[16.45296,40.87191],[16.4555,40.86823],[16.45346,40.8689],[16.44719,40.8692],[16.44622,40.86887],[16.44621,40.86251],[16.44497,40.8607],[16.44427,40.85825],[16.44291,40.85826],[16.4318,40.86366],[16.43219,40.86501],[16.42486,40.86763],[16.42185,40.87087],[16.42251,40.87135],[16.41419,40.87994],[16.4159,40.88203],[16.40352,40.88648],[16.40371,40.89219],[16.39756,40.89582],[16.39331,40.8971],[16.38825,40.89665],[16.38826,40.89567],[16.3845,40.89594],[16.37853,40.89087],[16.37563,40.89289],[16.36299,40.89876],[16.36164,40.90089],[16.3589,40.90298],[16.35367,40.90607],[16.34477,40.90866],[16.33977,40.90907],[16.33591,40.9102],[16.33446,40.91006],[16.33379,40.90943],[16.33088,40.91039],[16.3292,40.91118],[16.32695,40.91296],[16.32646,40.91469],[16.32509,40.91483],[16.32378,40.9167],[16.32051,40.91929],[16.30336,40.92666],[16.3032,40.92926],[16.30218,40.92805],[16.2968,40.93082],[16.29479,40.93135],[16.2954,40.93323],[16.29398,40.93338],[16.29168,40.93493],[16.28943,40.93818],[16.28679,40.93831],[16.28182,40.9404],[16.27826,40.94075],[16.27701,40.94146],[16.27686,40.94213],[16.27393,40.94277],[16.27314,40.94349],[16.2727,40.94639],[16.27204,40.94588],[16.27062,40.94577],[16.26901,40.94662],[16.26845,40.94741],[16.26832,40.94894],[16.26891,40.95162],[16.26714,40.9496],[16.2635,40.94899],[16.26166,40.94931],[16.26052,40.95038],[16.25342,40.95457],[16.24929,40.95786],[16.24901,40.95868],[16.24698,40.95978],[16.24863,40.9616],[16.24622,40.96423],[16.24319,40.96496],[16.24245,40.9655],[16.24224,40.96669],[16.23239,40.97061],[16.22496,40.97277],[16.22452,40.9732],[16.22131,40.97303],[16.21613,40.97384],[16.21334,40.97505],[16.20549,40.97684],[16.20034,40.9762],[16.19849,40.97629],[16.19691,40.97714],[16.19571,40.97871],[16.1926,40.97899],[16.18939,40.98123],[16.18839,40.98146],[16.18701,40.9812],[16.18472,40.98178],[16.17808,40.98254],[16.17505,40.98503],[16.17382,40.98554],[16.17076,40.98567],[16.16389,40.98751],[16.16136,40.98764],[16.15008,40.99041],[16.14811,40.99119],[16.14583,40.99354],[16.14544,40.99648],[16.14616,40.99689],[16.14617,41.00128],[16.14538,41.00119],[16.14122,41.00697],[16.13711,41.01151],[16.13559,41.01486],[16.13447,41.01604],[16.12604,41.02145],[16.12122,41.02364],[16.11942,41.02406],[16.11506,41.02399],[16.11208,41.0245],[16.11145,41.02533],[16.11009,41.02607],[16.10725,41.02739],[16.10663,41.02723],[16.10665,41.02774],[16.10099,41.02838],[16.09763,41.02981],[16.09707,41.02885],[16.09143,41.02692],[16.09065,41.02883],[16.08572,41.03139],[16.08336,41.03195],[16.08127,41.02993],[16.07995,41.03589],[16.092,41.04269],[16.09344,41.03954],[16.09705,41.04055],[16.10003,41.03591],[16.104,41.03471],[16.10526,41.03394],[16.11238,41.03979],[16.12362,41.03571],[16.12666,41.03307],[16.12922,41.02959],[16.13448,41.02484],[16.1344,41.02412],[16.13879,41.02193],[16.14098,41.02302],[16.14659,41.01783],[16.15148,41.02018],[16.14719,41.02418],[16.15043,41.02946],[16.15143,41.03341],[16.15105,41.03444],[16.1527,41.03434],[16.1546,41.03279],[16.15657,41.03521],[16.16021,41.04167],[16.15625,41.04341],[16.15603,41.04523],[16.1572,41.0473],[16.15846,41.05259],[16.16107,41.05614],[16.16127,41.05763],[16.15572,41.06014],[16.14978,41.06174],[16.13651,41.06371],[16.13596,41.06565],[16.13502,41.06737],[16.13408,41.06777],[16.13397,41.06855],[16.13635,41.07094],[16.13807,41.07115],[16.14164,41.07375],[16.14187,41.0752],[16.14956,41.07633],[16.15191,41.07618],[16.149,41.08235],[16.15164,41.08383],[16.15102,41.08604],[16.15317,41.08988],[16.16215,41.08769],[16.17362,41.09022],[16.17638,41.09906],[16.17598,41.10122],[16.16779,41.10284],[16.1703,41.10874],[16.17269,41.11159],[16.16058,41.11383],[16.15895,41.11342],[16.15799,41.11365],[16.15682,41.11328],[16.15026,41.10506],[16.14307,41.10884],[16.13306,41.09677],[16.13277,41.09571],[16.1331,41.09367],[16.13042,41.0916],[16.13027,41.0906],[16.13139,41.08904],[16.12736,41.08858],[16.11917,41.08504],[16.1182,41.08421],[16.11557,41.08475],[16.11273,41.08475],[16.10773,41.08341],[16.1106,41.08017],[16.11303,41.07847],[16.11421,41.07812],[16.1152,41.07646],[16.11677,41.0755],[16.11964,41.07268],[16.1228,41.07168],[16.12396,41.07023],[16.12369,41.06942],[16.12218,41.06842],[16.12019,41.06794],[16.11911,41.06709],[16.11359,41.07102],[16.10654,41.06503],[16.10625,41.06376],[16.10461,41.06214],[16.10038,41.05976],[16.09933,41.05879],[16.09803,41.05902],[16.09792,41.05974],[16.09669,41.06096],[16.09666,41.06244],[16.0935,41.06458],[16.09299,41.06441],[16.0925,41.06521],[16.08925,41.06774],[16.08755,41.06641],[16.08631,41.06651],[16.08569,41.06566],[16.08462,41.06556],[16.08466,41.06527],[16.08582,41.06193],[16.08734,41.06026],[16.08714,41.05835],[16.08797,41.05663],[16.09048,41.05742],[16.09075,41.05669],[16.09167,41.05686],[16.09255,41.05555],[16.09194,41.05478],[16.09003,41.05395],[16.09082,41.05248],[16.08822,41.05086],[16.08679,41.05023],[16.08127,41.04949],[16.07852,41.05522],[16.07462,41.06076],[16.07275,41.06953],[16.07294,41.06992],[16.07503,41.06962],[16.07554,41.0691],[16.07767,41.06945],[16.08115,41.06732],[16.08136,41.06856],[16.08297,41.06958],[16.08441,41.06997],[16.08463,41.06882],[16.08661,41.06901],[16.08691,41.06933],[16.0859,41.07042],[16.08721,41.07],[16.08794,41.07047],[16.08686,41.07197],[16.08559,41.07279],[16.08603,41.07516],[16.08704,41.07713],[16.08539,41.07903],[16.08528,41.08043],[16.0846,41.08145],[16.08443,41.08203],[16.08541,41.08268],[16.08315,41.08448],[16.08264,41.08577],[16.08315,41.08697],[16.08219,41.0882],[16.08231,41.0893],[16.08085,41.09362],[16.08217,41.09463],[16.08286,41.09647],[16.07898,41.09799],[16.07799,41.0992],[16.07742,41.10202],[16.07791,41.1048],[16.07875,41.10658],[16.07886,41.10835],[16.07848,41.10834],[16.0792,41.11046],[16.08013,41.11166],[16.08033,41.11638],[16.08086,41.11778],[16.0798,41.13223],[16.07887,41.13653],[16.07784,41.13858],[16.09026,41.16229],[16.09187,41.15944],[16.09578,41.15564],[16.09709,41.15605],[16.0999,41.15406],[16.10443,41.14919],[16.10288,41.14889],[16.10183,41.14826],[16.10187,41.14775],[16.10368,41.14452],[16.10518,41.14334],[16.10564,41.14087],[16.10939,41.14018],[16.11275,41.13688],[16.11466,41.13665],[16.11544,41.13608],[16.12045,41.13728],[16.11995,41.13931],[16.11442,41.14256],[16.10784,41.14519],[16.1099,41.14803],[16.10938,41.14984],[16.10818,41.15106],[16.10494,41.15215],[16.10437,41.15354],[16.10512,41.15483],[16.10607,41.15593],[16.11359,41.15746],[16.11419,41.15708],[16.11607,41.15739],[16.12779,41.15429],[16.12797,41.15388],[16.13136,41.15685],[16.13457,41.15474],[16.13725,41.15443],[16.13965,41.15324],[16.14018,41.15176],[16.1419,41.1518],[16.15311,41.14682],[16.15665,41.14422],[16.15843,41.14199],[16.16755,41.13677],[16.16676,41.1348],[16.16317,41.13349],[16.16156,41.13206],[16.1608,41.13106],[16.1607,41.1291],[16.16384,41.12839],[16.16576,41.1274],[16.16835,41.13016],[16.17259,41.12789],[16.17601,41.12386],[16.18423,41.12737],[16.17959,41.13017],[16.18311,41.13354],[16.18504,41.13822],[16.18594,41.14179],[16.18114,41.14399],[16.1796,41.14177],[16.17481,41.14345],[16.17584,41.14894],[16.17958,41.15231],[16.18131,41.14971],[16.18683,41.14827],[16.18994,41.14791],[16.19229,41.14618],[16.19548,41.14526],[16.19704,41.14438],[16.19864,41.14625],[16.20152,41.14635],[16.20347,41.14967],[16.20466,41.14873],[16.20505,41.14742],[16.20593,41.14685],[16.21679,41.14221],[16.22045,41.14],[16.2187,41.13756],[16.22649,41.13453],[16.22793,41.13355],[16.23375,41.1277],[16.23356,41.12747],[16.24293,41.12853],[16.24699,41.12667],[16.2476,41.12605],[16.25269,41.127],[16.25852,41.12285],[16.25653,41.12085],[16.2604,41.11756],[16.26334,41.11678],[16.26376,41.11713],[16.26735,41.11598],[16.26422,41.11172],[16.27158,41.10842],[16.27652,41.1097],[16.27656,41.10699],[16.27729,41.10443],[16.27646,41.10231],[16.27803,41.10293],[16.27992,41.10247],[16.28276,41.10051],[16.28282,41.09898],[16.28711,41.097],[16.28894,41.09785],[16.29278,41.09763],[16.29439,41.09713],[16.29602,41.09579],[16.29806,41.09575],[16.30599,41.09387],[16.30857,41.09187],[16.30898,41.08973],[16.3107,41.08581],[16.31371,41.08046],[16.30097,41.06501],[16.30369,41.06399],[16.30732,41.06193],[16.30432,41.05805],[16.30272,41.05358],[16.30032,41.04934],[16.30496,41.04756],[16.307,41.05032],[16.30981,41.04951],[16.30909,41.04876],[16.31141,41.04824],[16.31169,41.04919],[16.31249,41.04982],[16.3162,41.04784],[16.32078,41.05144],[16.32342,41.05438],[16.32586,41.05864],[16.32221,41.06199],[16.32111,41.06232],[16.32253,41.06452],[16.32286,41.06651],[16.32256,41.07028],[16.32673,41.07062],[16.32794,41.07263],[16.33386,41.07789],[16.34063,41.07583],[16.34335,41.07671],[16.34344,41.07757],[16.35035,41.07538],[16.36189,41.0709],[16.3749,41.06457],[16.37729,41.06182],[16.38066,41.05931],[16.37484,41.05568],[16.36906,41.053],[16.36954,41.05219],[16.36911,41.05105],[16.36742,41.04982],[16.36983,41.04838],[16.36998,41.04671],[16.37133,41.04531],[16.37133,41.03888],[16.37088,41.03722],[16.37498,41.03616],[16.37711,41.03659],[16.38078,41.03607],[16.38129,41.03218],[16.38301,41.03033],[16.38656,41.0287],[16.38904,41.02865],[16.39549,41.03027],[16.39957,41.03038],[16.40104,41.02965],[16.40601,41.02893],[16.40899,41.02763],[16.4161,41.0348],[16.42577,41.03073],[16.4268,41.03145],[16.42738,41.0329],[16.42434,41.03456],[16.4152,41.04149],[16.40426,41.04749],[16.3963,41.05242],[16.39758,41.05442],[16.39959,41.05596],[16.40034,41.05765],[16.40421,41.0601],[16.40531,41.06054],[16.40597,41.06039],[16.40615,41.06126],[16.41536,41.05427],[16.42127,41.0505],[16.42558,41.04722],[16.42621,41.04745],[16.43384,41.04716],[16.43456,41.04687],[16.43625,41.04541],[16.43929,41.0413],[16.44035,41.04069],[16.44119,41.04078],[16.44475,41.03986],[16.44917,41.03689],[16.44598,41.03371],[16.44324,41.03266],[16.44124,41.0285],[16.44195,41.02683],[16.44158,41.02688],[16.44113,41.02584],[16.45064,41.02178],[16.44455,41.01564],[16.44895,41.01162],[16.44983,41.01208],[16.45107,41.01208],[16.45254,41.01139],[16.45629,41.01086],[16.46599,41.01263],[16.46782,41.01151],[16.46854,41.00637],[16.4694,41.00663],[16.47121,41.00627],[16.46992,41.00306],[16.46875,41.00302],[16.46672,41.00222],[16.46951,40.99971],[16.47054,40.99751],[16.4678,40.99585],[16.46797,40.99503],[16.47099,40.99357],[16.47061,40.99219],[16.47158,40.98886],[16.47337,40.99021],[16.47318,40.99122],[16.47377,40.99247],[16.47608,40.99549],[16.48317,41.00051],[16.4853,41.003],[16.49455,40.99675],[16.49586,40.99475],[16.49718,40.99407],[16.49708,40.99284],[16.49764,40.99212],[16.50424,40.99112],[16.50583,40.98921],[16.50966,40.98697],[16.51388,40.98595],[16.51686,40.98264],[16.52475,40.98193],[16.53338,40.983],[16.53716,40.98163],[16.53904,40.97931],[16.54108,40.97903],[16.5509,40.97089],[16.55208,40.97074],[16.55387,40.9711],[16.56367,40.96538],[16.56906,40.96333],[16.57003,40.9623],[16.5706,40.96288],[16.57428,40.9611],[16.57684,40.96187],[16.57814,40.96279],[16.57963,40.96208],[16.58344,40.96205],[16.58905,40.96055],[16.59057,40.95937],[16.59215,40.95872],[16.59474,40.9602],[16.59692,40.96052],[16.5987,40.96026],[16.60338,40.95837],[16.6087,40.95254],[16.61352,40.94829],[16.61696,40.94355],[16.62524,40.94085],[16.62246,40.93861],[16.61967,40.93438],[16.61546,40.92986],[16.61703,40.92913],[16.62161,40.92797],[16.62412,40.92335],[16.62494,40.92289],[16.62981,40.9243],[16.63246,40.92409],[16.6289,40.91547],[16.6279,40.91108],[16.63097,40.90865],[16.63235,40.90816],[16.63366,40.90813],[16.63848,40.90944],[16.64272,40.90524],[16.64559,40.905],[16.64652,40.90459],[16.65179,40.90101],[16.65323,40.90114],[16.65381,40.89956],[16.66798,40.89598],[16.6651,40.89877],[16.665,40.89947],[16.66301,40.90114],[16.66112,40.9037],[16.66889,40.91193],[16.6702,40.91473],[16.68487,40.91215],[16.68575,40.91427],[16.68701,40.91381],[16.6907,40.91345],[16.69493,40.91206],[16.69504,40.91329],[16.70074,40.91415],[16.70317,40.91531],[16.70373,40.91282],[16.70534,40.91165],[16.70478,40.91081],[16.70498,40.90952],[16.70438,40.90774],[16.70932,40.90442],[16.70831,40.9034],[16.70828,40.90181],[16.70758,40.90112],[16.70688,40.89851],[16.70293,40.89934],[16.69909,40.89901],[16.69638,40.89783],[16.69056,40.89754],[16.68901,40.89713],[16.68951,40.89623],[16.69217,40.89667],[16.69506,40.89596],[16.69498,40.89496],[16.69582,40.89524],[16.69696,40.89486],[16.69784,40.89526],[16.69987,40.89509],[16.70077,40.89473],[16.70077,40.89411],[16.70241,40.89453],[16.70653,40.8945],[16.7073,40.89276],[16.70885,40.89333],[16.71152,40.89062],[16.71167,40.8886],[16.71093,40.88756],[16.71186,40.88723],[16.7139,40.88736],[16.71419,40.88784],[16.71499,40.88803],[16.71755,40.89296],[16.71929,40.89228],[16.7207,40.89504],[16.72107,40.89384],[16.7229,40.89484],[16.72398,40.89479],[16.72338,40.89336],[16.72417,40.8928],[16.72368,40.89175],[16.7252,40.89102],[16.72723,40.89068],[16.72594,40.88897],[16.72561,40.88545],[16.72299,40.88533],[16.72209,40.8856],[16.72338,40.88737],[16.72239,40.88818],[16.72169,40.88819],[16.71956,40.88663],[16.71826,40.8871],[16.71678,40.88708],[16.71569,40.88571],[16.71584,40.88469],[16.71528,40.88423],[16.7203,40.88162],[16.72191,40.88243],[16.72281,40.88378],[16.72489,40.88429],[16.72596,40.88546],[16.72801,40.88535],[16.7299,40.88627],[16.73053,40.88437],[16.73123,40.88397],[16.73116,40.88286],[16.73171,40.88283],[16.73258,40.88357],[16.73448,40.88391],[16.73685,40.88519],[16.73658,40.88554],[16.73766,40.88617],[16.74039,40.88726],[16.74069,40.8888],[16.74233,40.89019],[16.74411,40.89013],[16.74405,40.88828],[16.74961,40.89029],[16.75098,40.89005],[16.75073,40.88853],[16.75247,40.88747],[16.75354,40.88734],[16.75233,40.88526],[16.75522,40.88478],[16.75439,40.88153],[16.75617,40.88027],[16.75801,40.8832],[16.75926,40.88363],[16.75985,40.88353],[16.7608,40.88259],[16.76165,40.8825],[16.76131,40.88084],[16.75989,40.87962],[16.75895,40.88],[16.75831,40.87973],[16.75818,40.87919],[16.75943,40.8785],[16.75782,40.87844],[16.75571,40.87737],[16.75129,40.87646],[16.74824,40.87493],[16.74224,40.87082],[16.74089,40.86982],[16.74139,40.86743],[16.73993,40.86609],[16.74273,40.86464],[16.74381,40.86482],[16.74566,40.86616],[16.74783,40.86551],[16.7486,40.86372],[16.75038,40.86404],[16.751,40.86371],[16.7482,40.86136],[16.74702,40.85947],[16.74665,40.85789],[16.7468,40.85725],[16.74863,40.85776],[16.75009,40.85563],[16.75188,40.85624],[16.75263,40.85579],[16.75349,40.85946],[16.75278,40.8601],[16.75269,40.86191],[16.75326,40.86296],[16.75277,40.86325],[16.75384,40.86472],[16.75352,40.86492],[16.75572,40.86616],[16.75654,40.86715],[16.75532,40.86676],[16.75181,40.8702],[16.75197,40.87127],[16.75266,40.87287],[16.75403,40.87266],[16.7543,40.87291],[16.75513,40.87238],[16.75581,40.87254],[16.75604,40.87191],[16.75727,40.87241],[16.75947,40.87229],[16.76008,40.87184],[16.75923,40.86992],[16.7579,40.86855],[16.75813,40.86682],[16.75974,40.86533],[16.75915,40.86029],[16.75385,40.85341],[16.75171,40.84785],[16.74956,40.84475],[16.74809,40.84485],[16.74745,40.84536],[16.74685,40.84455],[16.74597,40.84428],[16.74568,40.8428],[16.74204,40.8403],[16.73743,40.84067],[16.73696,40.83938],[16.73797,40.83833],[16.73726,40.83658],[16.73644,40.83695],[16.73641,40.83827],[16.73425,40.83845],[16.73388,40.838],[16.73297,40.83783],[16.73265,40.83958],[16.73132,40.83979],[16.73032,40.84057],[16.72873,40.84079],[16.72906,40.84197],[16.72517,40.83982],[16.72468,40.83896],[16.72041,40.8353],[16.71943,40.83188],[16.71735,40.83073],[16.71682,40.82917],[16.71413,40.82578],[16.71414,40.82354],[16.71276,40.8223],[16.71091,40.81828],[16.711,40.81645],[16.71392,40.81539],[16.71393,40.81482],[16.71592,40.81509],[16.71894,40.8126],[16.72538,40.80854],[16.72846,40.80716],[16.72611,40.80394],[16.72783,40.80419],[16.72794,40.80224],[16.72856,40.80206],[16.72928,40.8005],[16.7288,40.79918],[16.7252,40.79826],[16.72342,40.79863],[16.7214,40.79806],[16.71948,40.79836],[16.71873,40.79741],[16.71728,40.79869],[16.71711,40.7995],[16.71073,40.79956],[16.70655,40.79604],[16.70423,40.79486],[16.70406,40.79295],[16.70201,40.79023],[16.70268,40.7895],[16.69924,40.7871],[16.69873,40.78788],[16.69893,40.78961],[16.69585,40.78864],[16.6943,40.7876],[16.69311,40.79074],[16.69422,40.79169],[16.69224,40.7928],[16.69128,40.79472],[16.69151,40.79509],[16.69082,40.79518],[16.691,40.79577],[16.68713,40.79865],[16.69018,40.80031],[16.68812,40.80212],[16.68468,40.80429],[16.68465,40.80495],[16.68272,40.80585],[16.68079,40.80892],[16.67635,40.81119],[16.67598,40.8119],[16.67239,40.81488],[16.67072,40.81454],[16.66912,40.8153],[16.66827,40.81479],[16.6664,40.81229],[16.66301,40.80427],[16.65536,40.80741],[16.65358,40.80858],[16.65189,40.80895],[16.64466,40.80662],[16.63553,40.80493],[16.63335,40.80136],[16.62304,40.80499],[16.61986,40.80675],[16.62889,40.80886],[16.62926,40.80923],[16.6309,40.80893],[16.63406,40.81094],[16.63521,40.8105],[16.63631,40.81105],[16.63862,40.81378],[16.65126,40.81514],[16.6544,40.81596],[16.65454,40.8156],[16.65719,40.81508],[16.66045,40.81775],[16.65758,40.8256],[16.65907,40.82729],[16.66101,40.83384],[16.66369,40.83756],[16.65994,40.8373],[16.66182,40.83948],[16.66328,40.84367],[16.66572,40.84679],[16.66781,40.85254],[16.66472,40.86351],[16.66598,40.866],[16.66273,40.87204],[16.66285,40.87309],[16.66476,40.87456],[16.66469,40.87525],[16.6638,40.87543],[16.66364,40.87595],[16.66514,40.87669],[16.66352,40.87724],[16.6637,40.87818],[16.66255,40.87951],[16.66208,40.88258],[16.66248,40.88443],[16.66171,40.88657],[16.65837,40.88699],[16.65767,40.88678],[16.65613,40.8894],[16.65399,40.8888],[16.65293,40.88925],[16.65197,40.88905],[16.64493,40.89227],[16.64402,40.89221],[16.64138,40.89093],[16.63773,40.8909],[16.62564,40.88894],[16.62502,40.88867],[16.62258,40.88086],[16.61942,40.88084],[16.61184,40.8742],[16.60153,40.86647],[16.59968,40.8661],[16.59932,40.86518],[16.59835,40.86522],[16.5974,40.86451],[16.59452,40.86391],[16.59322,40.86147],[16.59003,40.86121],[16.58691,40.85847],[16.58434,40.85801],[16.57906,40.85975],[16.57469,40.86367],[16.57458,40.86433],[16.57534,40.86485],[16.57478,40.86558],[16.57474,40.86786],[16.57637,40.87152],[16.57607,40.87254],[16.57642,40.87395],[16.57564,40.876],[16.57691,40.87987],[16.58047,40.88038],[16.58322,40.87971],[16.58876,40.88049],[16.59267,40.87974],[16.5937,40.8799],[16.59289,40.88167],[16.59174,40.88788],[16.5912,40.88874],[16.59155,40.89149],[16.59555,40.8981],[16.59649,40.89858],[16.60055,40.90377],[16.60498,40.90794],[16.60449,40.90903],[16.60121,40.9079],[16.5999,40.90827],[16.59646,40.9039],[16.59588,40.90374],[16.5948,40.90446],[16.59255,40.90382],[16.59164,40.90474],[16.59248,40.90511],[16.59209,40.90605],[16.59284,40.90633],[16.59244,40.90791],[16.59302,40.90967],[16.5926,40.9111],[16.59342,40.91205],[16.59138,40.9113],[16.59065,40.91186],[16.59035,40.91286],[16.59131,40.9133],[16.59229,40.91495],[16.5896,40.91408],[16.58919,40.91553],[16.58871,40.91549],[16.58736,40.91479],[16.58783,40.91319],[16.58112,40.91124],[16.57617,40.91118],[16.57526,40.91227],[16.57489,40.91194],[16.5719,40.91214],[16.57151,40.91245],[16.5701,40.91204],[16.56803,40.91211],[16.56542,40.91099],[16.56457,40.91233],[16.56507,40.91338],[16.56383,40.91435],[16.56229,40.91411],[16.56217,40.91369],[16.56441,40.91054],[16.56326,40.91004],[16.56207,40.91109],[16.56102,40.9109],[16.55696,40.909],[16.55867,40.90252],[16.55917,40.90294],[16.56042,40.90928],[16.56514,40.90809],[16.56529,40.90477],[16.56444,40.90329],[16.56632,40.90328],[16.56763,40.90283],[16.56751,40.9022],[16.56814,40.9014],[16.56979,40.90143],[16.57021,40.9007],[16.57403,40.90085],[16.57734,40.89473],[16.57671,40.8917],[16.57345,40.89068],[16.57303,40.89154],[16.57171,40.89117],[16.57156,40.88829],[16.56603,40.8864],[16.56475,40.88923],[16.56258,40.89032],[16.56244,40.89104],[16.56345,40.89298],[16.56319,40.89375],[16.56347,40.89386],[16.56411,40.89253],[16.56537,40.89271],[16.56657,40.89194],[16.56612,40.89297],[16.56645,40.89318],[16.56717,40.89224],[16.56909,40.89297],[16.56799,40.89362],[16.56803,40.89399],[16.57039,40.89444],[16.57239,40.89968],[16.56989,40.89947],[16.56681,40.89864],[16.56464,40.89878],[16.56107,40.90141],[16.5593,40.90038],[16.55839,40.89862],[16.55704,40.89742],[16.55694,40.89786],[16.55555,40.89845],[16.54849,40.89829],[16.54438,40.89997],[16.54252,40.89767],[16.54196,40.89813],[16.53884,40.8988],[16.53861,40.90221],[16.53934,40.90316],[16.54088,40.90352],[16.54598,40.90355],[16.54797,40.90408],[16.54989,40.90375],[16.54992,40.90644],[16.55141,40.9079],[16.5533,40.90881],[16.55521,40.91046],[16.55814,40.91004],[16.55721,40.91147],[16.55884,40.91222],[16.55795,40.91365],[16.56042,40.9162],[16.56601,40.91658],[16.56707,40.91721],[16.56954,40.9174],[16.57069,40.91847],[16.57457,40.91869],[16.57302,40.92391],[16.57109,40.92381],[16.57103,40.92427],[16.56889,40.92404],[16.57055,40.92542],[16.56584,40.92912],[16.56362,40.93309],[16.55314,40.94032],[16.54917,40.94222],[16.54234,40.94264],[16.54068,40.94385],[16.53893,40.94419],[16.53435,40.94629],[16.5324,40.9467],[16.52863,40.94935],[16.52494,40.95136],[16.52121,40.94255],[16.52163,40.93266],[16.52337,40.92941],[16.52346,40.92754],[16.52133,40.92711],[16.52076,40.92641],[16.51531,40.92367],[16.51227,40.92296],[16.51065,40.92356],[16.50472,40.92869],[16.50281,40.92935],[16.50197,40.9306],[16.49945,40.93159],[16.495,40.93163],[16.48821,40.92749],[16.48332,40.92658],[16.48134,40.92939],[16.48012,40.93321],[16.48162,40.93449],[16.47711,40.93561],[16.47219,40.93776],[16.47157,40.93957],[16.47184,40.93987],[16.4652,40.94316],[16.46228,40.94524],[16.46142,40.94848],[16.4572,40.95072],[16.45532,40.9462],[16.45285,40.94389],[16.45175,40.94089],[16.44458,40.93454],[16.44005,40.92944],[16.44028,40.92747],[16.44109,40.92655],[16.44028,40.92353],[16.44068,40.92201],[16.43885,40.91791],[16.43789,40.9169],[16.43649,40.91621],[16.43101,40.91646],[16.42983,40.91596],[16.42886,40.91409],[16.43009,40.90741],[16.42697,40.9044],[16.42807,40.90264],[16.42893,40.90225],[16.43085,40.90024]]]}},{"type":"Feature","properties":{"nome":"Porto Selvaggio e Palude del Capitano","tipo":"Parco Naturale Regionale","codice":"EUAP1167","ettari":1122,"settori":["LE_01"]},"geometry":{"type":"Polygon","coordinates":[[[17.93743,40.18665],[17.93983,40.18341],[17.94213,40.18165],[17.94182,40.18075],[17.94251,40.18082],[17.9427,40.18043],[17.95106,40.18059],[17.95087,40.17881],[17.95416,40.17829],[17.95359,40.17773],[17.95888,40.17298],[17.96105,40.17271],[17.96231,40.17167],[17.96832,40.16566],[17.97077,40.16266],[17.97688,40.15751],[17.98083,40.15259],[17.98031,40.15243],[17.98109,40.15029],[17.98304,40.14744],[17.98218,40.14689],[17.98322,40.14474],[17.98231,40.14401],[17.9805,40.1437],[17.98005,40.14395],[17.97923,40.14252],[17.97818,40.14311],[17.97645,40.14238],[17.97608,40.14321],[17.9765,40.14379],[17.97575,40.14534],[17.97523,40.14576],[17.97439,40.14527],[17.97301,40.14577],[17.9749,40.14761],[17.97473,40.14804],[17.97144,40.14691],[17.97079,40.1474],[17.97094,40.14839],[17.97026,40.14822],[17.96997,40.1486],[17.96919,40.14846],[17.9679,40.14747],[17.9668,40.14803],[17.96562,40.14746],[17.96382,40.14787],[17.96264,40.14922],[17.963,40.14986],[17.96251,40.15023],[17.96229,40.15129],[17.96169,40.1515],[17.95989,40.15404],[17.9598,40.15502],[17.96093,40.15594],[17.95975,40.15675],[17.95991,40.15774],[17.95926,40.15778],[17.95893,40.15879],[17.9567,40.15797],[17.95428,40.1591],[17.95413,40.16],[17.95284,40.16031],[17.95226,40.16107],[17.95242,40.16148],[17.95167,40.16229],[17.95188,40.16301],[17.95132,40.16294],[17.95104,40.16355],[17.95104,40.16423],[17.95142,40.16421],[17.95016,40.16579],[17.94949,40.16577],[17.94935,40.16622],[17.94844,40.1655],[17.94756,40.16659],[17.94631,40.16659],[17.94602,40.16741],[17.9464,40.16858],[17.94496,40.16844],[17.94453,40.16922],[17.94253,40.16901],[17.94224,40.16972],[17.94098,40.17048],[17.9377,40.17046],[17.93616,40.17154],[17.9363,40.17234],[17.93527,40.17216],[17.93488,40.17247],[17.93529,40.17372],[17.93454,40.17405],[17.93413,40.17568],[17.93309,40.17633],[17.93292,40.17747],[17.92889,40.17979],[17.92796,40.18197],[17.92523,40.18404],[17.92503,40.18513],[17.92656,40.18708],[17.9258,40.18879],[17.92499,40.18895],[17.92365,40.19009],[17.92227,40.19048],[17.92034,40.19203],[17.91942,40.19209],[17.91822,40.1943],[17.91842,40.19702],[17.9178,40.19792],[17.91779,40.20066],[17.91867,40.20228],[17.91948,40.20299],[17.9212,40.20608],[17.92191,40.20562],[17.92206,40.20598],[17.92267,40.20583],[17.92325,40.20618],[17.92338,40.207],[17.92747,40.20712],[17.9317,40.21101],[17.9326,40.21382],[17.93381,40.21281],[17.93601,40.2087],[17.9367,40.19588],[17.93949,40.19559],[17.94252,40.18675],[17.93743,40.18665]],[[17.94275,40.18029],[17.943,40.17974],[17.9427,40.18043],[17.94275,40.18029]],[[17.92748,40.20697],[17.92749,40.20667],[17.92747,40.20712],[17.92748,40.20697]],[[17.93742,40.18707],[17.93742,40.18686],[17.93743,40.18665],[17.93742,40.18707]],[[17.92766,40.19987],[17.92767,40.19943],[17.92769,40.19855],[17.92766,40.19987]],[[17.92761,40.20211],[17.92766,40.20031],[17.92769,40.20121],[17.92761,40.20211]],[[17.92751,40.20587],[17.92751,40.20561],[17.92753,40.20517],[17.92751,40.20587]],[[17.92749,40.2065],[17.9275,40.20624],[17.9275,40.2061],[17.92749,40.2065]],[[17.94741,40.1777],[17.94709,40.17794],[17.94715,40.17787],[17.94741,40.1777]]]}},{"type":"Feature","properties":{"nome":"Lama Balice","tipo":"Parco Naturale Regionale","codice":"EUAP0225","ettari":497,"settori":["BA_01","BA_02"]},"geometry":{"type":"Polygon","coordinates":[[[16.79539,41.13524],[16.79814,41.13679],[16.80019,41.1371],[16.80075,41.13761],[16.80188,41.13718],[16.80321,41.1373],[16.80428,41.13816],[16.80546,41.13774],[16.80803,41.1411],[16.80836,41.14087],[16.80425,41.13586],[16.80337,41.13604],[16.80261,41.13528],[16.80215,41.13416],[16.80406,41.13315],[16.80364,41.13217],[16.79805,41.13054],[16.79428,41.13125],[16.79108,41.12871],[16.79033,41.13017],[16.78983,41.13013],[16.79029,41.13157],[16.78933,41.13176],[16.78798,41.13153],[16.78767,41.13099],[16.78528,41.13051],[16.78541,41.13008],[16.78476,41.12982],[16.78428,41.13083],[16.78257,41.13034],[16.782,41.12955],[16.78079,41.12934],[16.77851,41.12581],[16.77745,41.12576],[16.77586,41.12747],[16.77438,41.12663],[16.77381,41.12564],[16.77111,41.12447],[16.77128,41.12331],[16.76987,41.12312],[16.76959,41.12265],[16.76878,41.12311],[16.76821,41.12273],[16.76748,41.12214],[16.76773,41.1214],[16.76642,41.1213],[16.76499,41.1206],[16.76252,41.12048],[16.76227,41.11825],[16.75972,41.11828],[16.75926,41.11784],[16.75632,41.11775],[16.75627,41.11657],[16.75778,41.11395],[16.75711,41.11443],[16.75529,41.11454],[16.75425,41.11651],[16.75473,41.11673],[16.7546,41.11791],[16.75099,41.1175],[16.75116,41.11952],[16.74981,41.11912],[16.74997,41.11863],[16.74765,41.11797],[16.74687,41.11626],[16.74602,41.11617],[16.74594,41.11532],[16.74527,41.11537],[16.74395,41.11402],[16.74323,41.11154],[16.74215,41.1116],[16.74112,41.10961],[16.74023,41.10986],[16.73983,41.1096],[16.74095,41.10866],[16.74029,41.10813],[16.74052,41.10765],[16.73917,41.1074],[16.73864,41.10681],[16.73896,41.10656],[16.7377,41.10586],[16.73684,41.10677],[16.73479,41.1055],[16.7348,41.10469],[16.7356,41.10406],[16.73234,41.10336],[16.72948,41.10352],[16.72893,41.10401],[16.72736,41.10382],[16.72775,41.10257],[16.72549,41.10099],[16.72571,41.1],[16.72319,41.09975],[16.72201,41.09919],[16.71668,41.1002],[16.71677,41.10086],[16.71955,41.10036],[16.71965,41.10068],[16.72118,41.10052],[16.72235,41.10165],[16.72146,41.10213],[16.71986,41.10241],[16.71828,41.10333],[16.71213,41.10425],[16.70336,41.10374],[16.69938,41.10226],[16.69807,41.10224],[16.69607,41.10265],[16.69262,41.10422],[16.69136,41.10191],[16.69011,41.1017],[16.68809,41.10257],[16.68778,41.10195],[16.68646,41.10266],[16.6868,41.10316],[16.6852,41.10369],[16.68544,41.10317],[16.68226,41.10143],[16.68069,41.10127],[16.68061,41.10172],[16.67908,41.10215],[16.67746,41.10168],[16.67666,41.10237],[16.67458,41.101],[16.6742,41.10115],[16.67295,41.09934],[16.67141,41.1006],[16.66959,41.10047],[16.66957,41.10079],[16.66875,41.10084],[16.66876,41.10033],[16.66727,41.10035],[16.66642,41.10108],[16.66445,41.10142],[16.66406,41.10264],[16.66294,41.10218],[16.66281,41.10299],[16.65998,41.10303],[16.6586,41.10381],[16.65732,41.10334],[16.65677,41.10431],[16.65698,41.10543],[16.65545,41.10539],[16.65528,41.10913],[16.6587,41.10852],[16.65847,41.10813],[16.66031,41.10713],[16.66077,41.10593],[16.66577,41.10595],[16.66608,41.10685],[16.6696,41.10491],[16.67044,41.10349],[16.67164,41.10324],[16.67169,41.1036],[16.67593,41.10516],[16.67902,41.10472],[16.68115,41.10342],[16.68347,41.10519],[16.68468,41.10506],[16.68638,41.1055],[16.68779,41.10509],[16.68876,41.10392],[16.69089,41.10388],[16.69296,41.10579],[16.69414,41.10603],[16.69599,41.1059],[16.6982,41.10384],[16.6996,41.1047],[16.70059,41.1043],[16.70297,41.10562],[16.70388,41.10551],[16.70502,41.10672],[16.70698,41.10711],[16.70953,41.106],[16.71126,41.10653],[16.71362,41.1064],[16.71372,41.10556],[16.71937,41.1041],[16.72458,41.10395],[16.72465,41.10508],[16.72532,41.10533],[16.72699,41.10578],[16.73069,41.10557],[16.73109,41.10601],[16.73282,41.106],[16.73322,41.10662],[16.73578,41.10813],[16.7392,41.1121],[16.74012,41.11223],[16.74147,41.11339],[16.74197,41.1142],[16.74106,41.11434],[16.74163,41.11542],[16.7428,41.11515],[16.74316,41.11637],[16.74239,41.11649],[16.74281,41.11782],[16.74413,41.11815],[16.74545,41.1192],[16.74801,41.11996],[16.74833,41.12028],[16.74779,41.12087],[16.74848,41.12131],[16.74941,41.12042],[16.75082,41.12093],[16.75046,41.12153],[16.75128,41.12401],[16.75213,41.12472],[16.75721,41.12625],[16.75726,41.12454],[16.76241,41.12437],[16.76313,41.12292],[16.76526,41.12357],[16.7661,41.12339],[16.76859,41.12544],[16.76833,41.12643],[16.77174,41.12761],[16.77205,41.12725],[16.77534,41.12886],[16.775,41.12964],[16.77784,41.13123],[16.77723,41.13223],[16.77989,41.13227],[16.78241,41.13289],[16.78241,41.13402],[16.78539,41.13369],[16.78871,41.13389],[16.79047,41.13343],[16.79371,41.13433],[16.79404,41.13405],[16.79539,41.13524]]]}},{"type":"Feature","properties":{"nome":"Bosco e paludi di Rauccio","tipo":"Parco Naturale Regionale","codice":"EUAP0683","ettari":1593,"settori":["LE_01"]},"geometry":{"type":"Polygon","coordinates":[[[18.1557,40.48311],[18.15926,40.48228],[18.15934,40.48156],[18.16082,40.48104],[18.16961,40.48073],[18.17481,40.47653],[18.17641,40.47365],[18.1848,40.46965],[18.1872,40.46888],[18.193,40.46803],[18.19937,40.46814],[18.19923,40.46616],[18.19765,40.46597],[18.19778,40.46529],[18.19486,40.4668],[18.19516,40.46541],[18.18944,40.46557],[18.19205,40.4565],[18.19058,40.45663],[18.18872,40.45736],[18.18671,40.45713],[18.18673,40.45592],[18.18935,40.45264],[18.18799,40.4518],[18.1873,40.45209],[18.18618,40.45159],[18.18719,40.44847],[18.18854,40.44812],[18.18598,40.44454],[18.18509,40.44165],[18.18269,40.43885],[18.18087,40.43432],[18.17944,40.4331],[18.17667,40.43576],[18.17556,40.43908],[18.17047,40.44264],[18.16501,40.44374],[18.16367,40.44445],[18.15764,40.45177],[18.15535,40.45756],[18.15178,40.45901],[18.14931,40.45953],[18.14648,40.46222],[18.14309,40.46372],[18.13839,40.4683],[18.12931,40.46905],[18.12233,40.47428],[18.128,40.48545],[18.1427,40.48047],[18.14839,40.47952],[18.15299,40.48545],[18.15383,40.48531],[18.15429,40.48413],[18.1557,40.48311]]]}},{"type":"Feature","properties":{"nome":"Dune costiere da Torre Canne a Torre S.Leonardo","tipo":"Parco Naturale Regionale","codice":"EUAP1193","ettari":935,"settori":["BR_01"]},"geometry":{"type":"Polygon","coordinates":[[[17.50523,40.81591],[17.48642,40.82327],[17.47805,40.82745],[17.47245,40.82275],[17.46847,40.82114],[17.46748,40.81893],[17.46465,40.81596],[17.46339,40.81599],[17.4628,40.81571],[17.46333,40.81549],[17.46167,40.81429],[17.4606,40.81407],[17.46101,40.81365],[17.46032,40.81301],[17.46072,40.81262],[17.46062,40.81164],[17.45968,40.81101],[17.45909,40.81112],[17.46,40.81274],[17.45821,40.81376],[17.46006,40.81493],[17.4594,40.81526],[17.463,40.81745],[17.46779,40.82358],[17.46735,40.82365],[17.46879,40.82548],[17.46824,40.82708],[17.46918,40.82756],[17.46902,40.82778],[17.47103,40.82677],[17.47021,40.82604],[17.4717,40.82376],[17.47686,40.8281],[17.47557,40.82903],[17.47689,40.83044],[17.47295,40.83187],[17.47213,40.83234],[17.47186,40.83217],[17.47076,40.83313],[17.46979,40.83272],[17.4685,40.8334],[17.46748,40.83326],[17.46657,40.83209],[17.46325,40.83384],[17.46362,40.8342],[17.46316,40.83453],[17.46386,40.83533],[17.46657,40.8356],[17.46739,40.83534],[17.46798,40.83591],[17.46871,40.83593],[17.47064,40.83388],[17.47382,40.83172],[17.47708,40.83053],[17.47976,40.82892],[17.48236,40.82817],[17.48561,40.82647],[17.49311,40.82355],[17.49443,40.82238],[17.49993,40.81992],[17.50375,40.81904],[17.50457,40.81839],[17.52663,40.81011],[17.52918,40.80943],[17.5296,40.8096],[17.53285,40.80811],[17.53599,40.80754],[17.53658,40.80712],[17.53766,40.80773],[17.53771,40.80616],[17.53948,40.80594],[17.54004,40.80674],[17.53993,40.80588],[17.54106,40.80617],[17.54147,40.80535],[17.54251,40.80526],[17.54288,40.80411],[17.54462,40.80459],[17.54507,40.80397],[17.54578,40.80418],[17.54747,40.8036],[17.54823,40.80253],[17.54862,40.80288],[17.54882,40.80227],[17.54958,40.80225],[17.55038,40.80275],[17.55094,40.80205],[17.55065,40.80126],[17.54744,40.80188],[17.54682,40.80252],[17.54552,40.80298],[17.54393,40.80298],[17.5439,40.80334],[17.54327,40.80348],[17.54033,40.80345],[17.53994,40.80453],[17.5394,40.80469],[17.53857,40.80428],[17.53749,40.80528],[17.53704,40.80653],[17.53638,40.80674],[17.53606,40.8064],[17.53412,40.80703],[17.53421,40.80744],[17.53315,40.80754],[17.53299,40.80725],[17.53056,40.80787],[17.52975,40.80666],[17.53487,40.80497],[17.53466,40.80331],[17.53798,40.80105],[17.53675,40.79832],[17.53656,40.79591],[17.53825,40.79499],[17.53669,40.79026],[17.53968,40.79007],[17.54092,40.7908],[17.54095,40.78981],[17.54216,40.7895],[17.54193,40.78852],[17.54058,40.78842],[17.539,40.78707],[17.53917,40.78667],[17.53979,40.78694],[17.54039,40.7823],[17.54095,40.78196],[17.54245,40.78146],[17.54499,40.78687],[17.54577,40.78642],[17.54543,40.7855],[17.54622,40.78549],[17.54665,40.7859],[17.54856,40.78458],[17.55085,40.78377],[17.553,40.78648],[17.55484,40.788],[17.55523,40.79021],[17.5542,40.79035],[17.55425,40.79162],[17.55496,40.79168],[17.55535,40.79222],[17.55648,40.79193],[17.55597,40.7917],[17.55532,40.78892],[17.55582,40.78769],[17.55551,40.78784],[17.55556,40.78735],[17.5543,40.7868],[17.55313,40.7847],[17.5525,40.78434],[17.55263,40.78364],[17.5561,40.78355],[17.55679,40.78044],[17.55602,40.77918],[17.55648,40.77716],[17.55573,40.77608],[17.55258,40.77634],[17.55323,40.77773],[17.55102,40.77863],[17.54853,40.77877],[17.54858,40.77976],[17.54748,40.77947],[17.5476,40.77862],[17.54577,40.77918],[17.54496,40.77841],[17.54188,40.7803],[17.53655,40.78252],[17.53584,40.78329],[17.53565,40.78447],[17.53707,40.78375],[17.5373,40.78624],[17.53864,40.78723],[17.53695,40.78915],[17.53636,40.78823],[17.53518,40.78846],[17.53481,40.78678],[17.53328,40.78625],[17.53317,40.78584],[17.53379,40.78572],[17.53397,40.78502],[17.53269,40.78454],[17.53241,40.78359],[17.53296,40.78311],[17.53278,40.78227],[17.53114,40.78136],[17.53026,40.78184],[17.52938,40.78165],[17.5295,40.78069],[17.53135,40.78027],[17.5326,40.77848],[17.5287,40.77799],[17.52837,40.78015],[17.52772,40.78086],[17.52588,40.77931],[17.5256,40.77948],[17.52584,40.77996],[17.52855,40.78151],[17.52915,40.78282],[17.53004,40.78262],[17.52891,40.78334],[17.52851,40.78462],[17.53111,40.78936],[17.53069,40.78953],[17.53138,40.79176],[17.53233,40.79165],[17.53345,40.79431],[17.53016,40.79665],[17.5249,40.7957],[17.52004,40.79384],[17.5184,40.79281],[17.51547,40.78947],[17.51352,40.79],[17.51164,40.78538],[17.51112,40.78512],[17.51041,40.78544],[17.50778,40.78741],[17.51234,40.79143],[17.5145,40.7939],[17.5152,40.79387],[17.51601,40.79501],[17.51519,40.79502],[17.51361,40.7958],[17.51515,40.79844],[17.51325,40.79879],[17.50056,40.80509],[17.49947,40.80407],[17.49981,40.8035],[17.49936,40.80365],[17.49715,40.80028],[17.49554,40.79899],[17.49354,40.79325],[17.49321,40.79344],[17.49237,40.79259],[17.49256,40.79133],[17.4921,40.78968],[17.4884,40.78778],[17.48675,40.78869],[17.48802,40.78983],[17.48949,40.78916],[17.49034,40.78946],[17.48964,40.7898],[17.49106,40.79034],[17.49176,40.79148],[17.4914,40.79252],[17.49369,40.79746],[17.49416,40.79772],[17.49385,40.79805],[17.49565,40.80067],[17.49635,40.80078],[17.49493,40.80255],[17.49848,40.80521],[17.49205,40.80781],[17.49495,40.81107],[17.49706,40.81025],[17.49884,40.81135],[17.49976,40.8129],[17.50331,40.81164],[17.50523,40.81591]]]}},{"type":"Feature","properties":{"nome":"Palude La Vela","tipo":"Riserva Naturale Regionale Orientata","codice":"EUAP1189","ettari":116,"settori":["TA_03"]},"geometry":{"type":"Polygon","coordinates":[[[17.32798,40.48999],[17.32737,40.4876],[17.32655,40.48777],[17.32612,40.48728],[17.32664,40.48619],[17.32753,40.48555],[17.32907,40.48561],[17.33093,40.48451],[17.33143,40.48479],[17.33278,40.48447],[17.33323,40.48323],[17.33099,40.48289],[17.33022,40.48237],[17.32802,40.47971],[17.32415,40.47287],[17.32067,40.47135],[17.31651,40.47179],[17.31424,40.47315],[17.31378,40.47459],[17.31157,40.47469],[17.31151,40.47512],[17.31331,40.47592],[17.31422,40.47562],[17.31477,40.47479],[17.31598,40.47461],[17.31651,40.47563],[17.31767,40.47596],[17.31919,40.47714],[17.32029,40.47719],[17.32171,40.47803],[17.32194,40.47872],[17.32128,40.48096],[17.32146,40.48366],[17.32263,40.48526],[17.32352,40.48538],[17.32523,40.48643],[17.32561,40.4879],[17.32682,40.48914],[17.32685,40.49013],[17.32798,40.48999]]]}},{"type":"Feature","properties":{"nome":"Boschi di Santa Teresa e dei Lucci","tipo":"Riserva Naturale Regionale Orientata","codice":"EUAP0543","ettari":1289,"settori":["BR_02"]},"geometry":{"type":"Polygon","coordinates":[[[17.85601,40.58885],[17.86409,40.57777],[17.8681,40.57952],[17.87325,40.57443],[17.87397,40.57549],[17.87643,40.57746],[17.8776,40.57108],[17.88116,40.57291],[17.88085,40.57324],[17.88265,40.57429],[17.88403,40.57274],[17.88509,40.57299],[17.88523,40.57442],[17.88609,40.57543],[17.89026,40.57556],[17.88862,40.57428],[17.89138,40.56224],[17.8938,40.56324],[17.89675,40.56366],[17.89822,40.56486],[17.89829,40.56448],[17.8991,40.56431],[17.90056,40.56058],[17.90118,40.55495],[17.90942,40.55592],[17.90953,40.55644],[17.91751,40.55581],[17.91738,40.55226],[17.9251,40.5525],[17.92752,40.55125],[17.93461,40.54928],[17.93988,40.54647],[17.93972,40.54473],[17.93807,40.54025],[17.93969,40.53772],[17.93973,40.53688],[17.9445,40.53621],[17.94178,40.52832],[17.93707,40.5294],[17.93683,40.5288],[17.93135,40.52628],[17.93043,40.52622],[17.9239,40.53077],[17.92197,40.53064],[17.91739,40.53269],[17.91594,40.53594],[17.91616,40.54756],[17.9119,40.55123],[17.90799,40.54946],[17.90169,40.55047],[17.89467,40.54988],[17.89041,40.55028],[17.88973,40.55967],[17.88733,40.5596],[17.88634,40.55762],[17.87821,40.55744],[17.87758,40.56697],[17.87111,40.56654],[17.86999,40.56681],[17.86908,40.56788],[17.86701,40.56783],[17.86299,40.56739],[17.85224,40.56445],[17.8507,40.56474],[17.84922,40.57468],[17.84781,40.57432],[17.84783,40.57709],[17.84915,40.57732],[17.84781,40.58122],[17.8505,40.58177],[17.84935,40.58489],[17.85601,40.58885]]]}},{"type":"Feature","properties":{"nome":"Bosco di Cerano","tipo":"Riserva Naturale Regionale Orientata","codice":"EUAP0579","ettari":986,"settori":["BR_02"]},"geometry":{"type":"Polygon","coordinates":[[[18.0418,40.55941],[18.04489,40.55729],[18.04452,40.55665],[18.04879,40.55318],[18.04992,40.5526],[18.05056,40.55279],[18.04995,40.55235],[18.0504,40.55189],[18.05462,40.54892],[18.05557,40.5486],[18.05621,40.54887],[18.05571,40.54828],[18.06216,40.54417],[18.06208,40.54386],[18.06008,40.54261],[18.05874,40.54261],[18.0572,40.54196],[18.05404,40.54001],[18.05186,40.54009],[18.05039,40.54121],[18.04903,40.54],[18.0478,40.53961],[18.04737,40.53849],[18.04582,40.53693],[18.04156,40.5362],[18.03968,40.53438],[18.03667,40.53369],[18.03513,40.53273],[18.03205,40.53271],[18.03041,40.53133],[18.02856,40.53071],[18.02801,40.5277],[18.02613,40.52621],[18.02224,40.52557],[18.02172,40.52691],[18.02019,40.52665],[18.01985,40.52741],[18.01601,40.5298],[18.0151,40.52799],[18.01259,40.52763],[18.00891,40.53362],[18.00226,40.54148],[17.99898,40.54746],[18.0106,40.55078],[18.02085,40.54868],[18.02232,40.54879],[18.02239,40.55226],[18.02373,40.55361],[18.02836,40.55291],[18.03004,40.55298],[18.03145,40.55151],[18.03392,40.55253],[18.03565,40.55401],[18.03869,40.55532],[18.03935,40.55867],[18.0418,40.55941]]]}},{"type":"Feature","properties":{"nome":"Fiume Ofanto","tipo":"Parco Naturale Regionale","codice":"EUAP1195","ettari":15303,"settori":["BAT","FG_04"]},"geometry":{"type":"Polygon","coordinates":[[[16.19613,41.36113],[16.2001,41.36013],[16.20353,41.35999],[16.20461,41.35953],[16.20566,41.3596],[16.20581,41.36015],[16.20593,41.35951],[16.20664,41.35969],[16.21048,41.35768],[16.21256,41.35796],[16.21311,41.35764],[16.21019,41.35519],[16.21002,41.35401],[16.21108,41.35411],[16.21793,41.35144],[16.21993,41.35313],[16.23474,41.3428],[16.22868,41.33753],[16.22625,41.33748],[16.21128,41.34547],[16.21009,41.34143],[16.21151,41.33859],[16.21155,41.33526],[16.21029,41.33306],[16.20552,41.33051],[16.204,41.33026],[16.19868,41.32779],[16.19,41.32222],[16.18901,41.32036],[16.18439,41.31482],[16.17892,41.31201],[16.16452,41.30839],[16.16149,41.30714],[16.15882,41.30522],[16.15828,41.30339],[16.16074,41.30172],[16.1625,41.30117],[16.16027,41.28624],[16.14717,41.28327],[16.14444,41.28439],[16.14507,41.2876],[16.144,41.29012],[16.14459,41.29091],[16.14398,41.29113],[16.14335,41.29015],[16.14054,41.2905],[16.14092,41.28882],[16.14018,41.28873],[16.14008,41.28791],[16.1397,41.28803],[16.13948,41.28743],[16.13852,41.28762],[16.13504,41.28654],[16.13442,41.28685],[16.12315,41.28309],[16.12102,41.28258],[16.10961,41.28219],[16.07828,41.27228],[16.07595,41.2712],[16.07311,41.27236],[16.06378,41.26563],[16.06575,41.26478],[16.06495,41.25973],[16.06637,41.25914],[16.06841,41.25493],[16.0683,41.25314],[16.06722,41.25087],[16.06484,41.24956],[16.06206,41.24882],[16.06069,41.24592],[16.05714,41.24334],[16.05248,41.24239],[16.05193,41.24277],[16.04963,41.24232],[16.04692,41.24125],[16.04476,41.23919],[16.04279,41.23822],[16.04195,41.23667],[16.04077,41.23571],[16.03829,41.23428],[16.03404,41.2334],[16.02984,41.23341],[16.02669,41.2305],[16.02589,41.22656],[16.02853,41.2243],[16.02843,41.22088],[16.02599,41.21786],[16.02291,41.21636],[16.02197,41.2138],[16.01948,41.21157],[16.02031,41.20808],[16.01504,41.20485],[16.00961,41.20435],[16.00682,41.20279],[16.00361,41.20215],[16.00425,41.19542],[15.99868,41.19541],[15.99822,41.19387],[15.99989,41.19386],[16.00198,41.19248],[16.00216,41.19086],[16.00043,41.18898],[16.00325,41.18667],[16.00539,41.18639],[16.00578,41.18533],[16.00503,41.1848],[16.00289,41.18487],[16.0017,41.18516],[16.00002,41.18628],[15.9975,41.18867],[15.99965,41.19124],[15.99851,41.19202],[15.99689,41.19202],[15.99498,41.19065],[15.99562,41.18994],[15.98418,41.18424],[15.98126,41.18377],[15.98125,41.18305],[15.98376,41.17984],[15.98397,41.17902],[15.98614,41.17665],[15.98605,41.17539],[15.98552,41.17467],[15.98589,41.17378],[15.98449,41.1719],[15.98531,41.17099],[15.985,41.1697],[15.98539,41.16855],[15.98501,41.16786],[15.9855,41.16661],[15.98531,41.16596],[15.98403,41.16514],[15.98504,41.16375],[15.98484,41.16091],[15.98618,41.15972],[15.98547,41.15814],[15.98511,41.1554],[15.98656,41.15323],[15.98647,41.15163],[15.98746,41.15179],[15.98876,41.15136],[15.98825,41.15041],[15.98912,41.14828],[15.98877,41.14598],[15.98946,41.14331],[15.99167,41.14199],[15.99053,41.14155],[15.99469,41.1349],[15.99511,41.13109],[15.99666,41.12812],[15.99824,41.12733],[16.00129,41.12746],[15.99933,41.12523],[16.00029,41.1252],[16.00124,41.12062],[16.0022,41.11994],[16.00632,41.12181],[16.00523,41.12017],[16.00351,41.11367],[16.00435,41.11076],[16.0065,41.11061],[16.00661,41.10685],[16.00848,41.10713],[16.00779,41.10602],[16.00717,41.10641],[16.00585,41.10497],[16.0057,41.10296],[16.00641,41.10085],[16.00792,41.1002],[16.00903,41.09873],[16.00839,41.0975],[16.00883,41.09682],[16.01301,41.09622],[16.01284,41.09539],[16.00994,41.0957],[16.01359,41.09362],[16.01515,41.09333],[16.01639,41.09261],[16.01655,41.09164],[16.01689,41.09166],[16.01682,41.09006],[16.01518,41.08942],[16.01505,41.08861],[16.01445,41.08834],[16.01086,41.08858],[16.01151,41.08668],[16.01162,41.08304],[16.014,41.08279],[16.01118,41.08257],[16.01113,41.08216],[16.01538,41.08085],[16.01346,41.08058],[16.01156,41.0809],[16.01223,41.08017],[16.01289,41.07762],[16.0144,41.07688],[16.01544,41.07577],[16.01336,41.07566],[16.01189,41.07606],[16.01268,41.07298],[16.0116,41.0719],[16.01262,41.07081],[16.01518,41.06928],[16.01818,41.06549],[16.02094,41.0655],[16.0215,41.0652],[16.02281,41.06253],[16.02224,41.06169],[16.02279,41.0609],[16.02727,41.05741],[16.02547,41.05443],[16.02447,41.0536],[16.02754,41.05179],[16.02708,41.04985],[16.03062,41.04415],[16.03145,41.04423],[16.04068,41.03973],[16.04289,41.03771],[16.04299,41.03587],[16.04406,41.03387],[16.04281,41.03277],[16.0431,41.0309],[16.04464,41.03079],[16.04496,41.02744],[16.04381,41.0273],[16.04438,41.02355],[16.04954,41.01497],[16.05249,41.01226],[16.05173,41.01115],[16.05424,41.01003],[16.05615,41.00795],[16.05336,41.00591],[16.0561,41.00433],[16.05564,41.00298],[16.05866,41.00244],[16.05814,41.00025],[16.05723,41.00063],[16.05733,41.00162],[16.05143,41.0044],[16.04676,41.00573],[16.04686,41.00608],[16.0422,41.00765],[16.04214,41.0098],[16.03891,41.00721],[16.03791,41.00562],[16.03286,41.00775],[16.0276,41.01244],[16.02745,41.01536],[16.02659,41.01652],[16.02758,41.01801],[16.0284,41.02407],[16.03069,41.02647],[16.03308,41.02748],[16.03737,41.02727],[16.04058,41.02799],[16.04032,41.0293],[16.03927,41.03005],[16.03966,41.03087],[16.04059,41.03072],[16.04049,41.03224],[16.03969,41.0339],[16.04089,41.0342],[16.04114,41.03477],[16.04066,41.03517],[16.04112,41.03587],[16.04017,41.03631],[16.03895,41.03831],[16.03736,41.03899],[16.03728,41.03979],[16.03616,41.03966],[16.03487,41.0412],[16.03299,41.04241],[16.03205,41.04182],[16.03113,41.04211],[16.03099,41.04302],[16.0298,41.04358],[16.02954,41.04443],[16.02784,41.04504],[16.02828,41.04607],[16.02739,41.0465],[16.02771,41.04733],[16.02626,41.04805],[16.02649,41.04871],[16.02727,41.04864],[16.02726,41.04905],[16.02604,41.05007],[16.02521,41.05019],[16.02533,41.05065],[16.02476,41.05107],[16.0259,41.05149],[16.02426,41.05229],[16.02342,41.05229],[16.0224,41.05092],[16.02108,41.05106],[16.02078,41.05151],[16.01967,41.05184],[16.02019,41.05314],[16.0197,41.05349],[16.01808,41.05207],[16.013,41.05621],[16.0111,41.05497],[16.01022,41.05615],[16.00795,41.05733],[16.0074,41.05872],[16.00641,41.05783],[16.00261,41.05691],[16.00153,41.05589],[15.99869,41.05475],[15.99968,41.05605],[15.99965,41.05685],[15.9987,41.0566],[16.00033,41.06278],[15.99859,41.06221],[15.99883,41.06411],[15.99851,41.06501],[15.99761,41.06536],[15.99722,41.06769],[15.99604,41.07008],[15.99724,41.07118],[15.99687,41.0729],[15.99427,41.07296],[15.99281,41.07349],[15.99345,41.07434],[15.99714,41.07533],[15.9966,41.07705],[15.99542,41.07796],[15.99503,41.08077],[15.99347,41.08342],[15.99426,41.08438],[15.99348,41.08576],[15.99177,41.08565],[15.99176,41.08644],[15.98958,41.08711],[15.98825,41.08607],[15.99009,41.08487],[15.98884,41.0834],[15.98762,41.08363],[15.98664,41.08259],[15.98834,41.08184],[15.98666,41.08156],[15.98585,41.0802],[15.98467,41.0807],[15.98499,41.08102],[15.98401,41.08175],[15.98064,41.0796],[15.97877,41.08099],[15.97906,41.08117],[15.98016,41.0801],[15.97906,41.08117],[15.98204,41.08248],[15.98286,41.08427],[15.98407,41.08562],[15.98323,41.08673],[15.98315,41.089],[15.97955,41.09118],[15.9795,41.09145],[15.9816,41.09169],[15.98291,41.09254],[15.98315,41.09331],[15.98213,41.09683],[15.98417,41.09646],[15.98749,41.09719],[15.98584,41.09915],[15.98547,41.10053],[15.98668,41.10258],[15.98578,41.10333],[15.98559,41.10412],[15.98652,41.10499],[15.98828,41.10542],[15.99694,41.10594],[15.99774,41.10711],[15.99977,41.10832],[15.99943,41.11615],[15.9967,41.12011],[15.995,41.12401],[15.99288,41.1258],[15.99091,41.12936],[15.98986,41.12908],[15.98885,41.13037],[15.9893,41.13275],[15.98862,41.13338],[15.98944,41.13425],[15.98777,41.13741],[15.98483,41.14079],[15.98539,41.14168],[15.98522,41.14694],[15.98559,41.14713],[15.98526,41.14696],[15.98392,41.14923],[15.98342,41.15176],[15.98382,41.15249],[15.98227,41.15488],[15.98293,41.15918],[15.98201,41.16],[15.98222,41.16331],[15.98105,41.16476],[15.98145,41.16634],[15.98219,41.16687],[15.98164,41.1677],[15.98228,41.16895],[15.98216,41.17058],[15.98155,41.17132],[15.98164,41.17266],[15.98267,41.17401],[15.98243,41.1748],[15.98318,41.17604],[15.98158,41.1777],[15.97857,41.18237],[15.97836,41.18411],[15.97721,41.18536],[15.97794,41.18567],[15.97517,41.18459],[15.97175,41.1841],[15.96928,41.18424],[15.96681,41.18484],[15.96239,41.18249],[15.95446,41.18181],[15.94936,41.18065],[15.95134,41.17782],[15.94759,41.17648],[15.94598,41.17434],[15.94479,41.1735],[15.94472,41.17738],[15.9406,41.17598],[15.9372,41.176],[15.93667,41.1745],[15.9343,41.17223],[15.92594,41.16916],[15.92546,41.17086],[15.91661,41.16486],[15.91615,41.16263],[15.91253,41.16041],[15.91257,41.15911],[15.91169,41.15856],[15.9116,41.15769],[15.91013,41.15605],[15.90769,41.15477],[15.90724,41.1536],[15.90776,41.15147],[15.89809,41.14651],[15.89519,41.14999],[15.89485,41.14946],[15.89175,41.15002],[15.89074,41.1497],[15.88918,41.1483],[15.8876,41.14791],[15.89247,41.14397],[15.88751,41.14079],[15.88206,41.13862],[15.8812,41.13846],[15.88071,41.13878],[15.87974,41.13843],[15.87859,41.14044],[15.87782,41.13828],[15.87495,41.13674],[15.87029,41.14006],[15.8694,41.13643],[15.86814,41.1351],[15.86654,41.13228],[15.86483,41.1309],[15.86006,41.13177],[15.85753,41.13119],[15.85421,41.13347],[15.85174,41.13418],[15.84996,41.13409],[15.84745,41.13266],[15.8472,41.12788],[15.84649,41.12683],[15.84619,41.12496],[15.84522,41.12434],[15.8423,41.12377],[15.84069,41.12386],[15.83937,41.12486],[15.83902,41.12578],[15.83993,41.12829],[15.83975,41.12965],[15.83806,41.13034],[15.83366,41.13003],[15.83145,41.12876],[15.82938,41.12836],[15.82709,41.12738],[15.82611,41.12583],[15.82622,41.12455],[15.82696,41.12345],[15.82981,41.12218],[15.83015,41.11984],[15.82952,41.11815],[15.82589,41.1174],[15.82515,41.11786],[15.82535,41.11919],[15.82498,41.12021],[15.82256,41.12043],[15.82184,41.1202],[15.81987,41.11794],[15.81627,41.11822],[15.81299,41.11726],[15.81066,41.11502],[15.80781,41.11356],[15.8064,41.11153],[15.80367,41.11095],[15.79989,41.11197],[15.79869,41.11128],[15.79838,41.10948],[15.79954,41.10848],[15.80005,41.10498],[15.80266,41.10422],[15.8036,41.10317],[15.80336,41.1023],[15.80193,41.10148],[15.80136,41.10065],[15.80219,41.09702],[15.80134,41.09593],[15.79939,41.09528],[15.79908,41.09262],[15.7978,41.09103],[15.79579,41.08998],[15.79387,41.08967],[15.79061,41.08782],[15.78854,41.08784],[15.78822,41.08836],[15.78892,41.08902],[15.78893,41.08998],[15.78789,41.09083],[15.78448,41.08969],[15.78178,41.08974],[15.78074,41.08934],[15.77856,41.08687],[15.77467,41.08677],[15.77245,41.08558],[15.7715,41.08444],[15.76806,41.08323],[15.76434,41.08722],[15.76199,41.0875],[15.76003,41.08677],[15.75931,41.08714],[15.76023,41.09045],[15.75921,41.09241],[15.75805,41.09266],[15.75518,41.09167],[15.75364,41.09221],[15.75306,41.09368],[15.75331,41.09656],[15.75263,41.09761],[15.75049,41.0983],[15.74564,41.09873],[15.74272,41.09963],[15.74099,41.09921],[15.73685,41.09955],[15.7334,41.09887],[15.73037,41.09898],[15.72987,41.09674],[15.72705,41.09628],[15.72572,41.09525],[15.72679,41.09193],[15.72577,41.09094],[15.72266,41.09092],[15.71787,41.0894],[15.71642,41.09023],[15.71521,41.09045],[15.7128,41.09051],[15.70962,41.08995],[15.7088,41.08935],[15.70892,41.08786],[15.70792,41.08667],[15.7049,41.08781],[15.70306,41.08805],[15.70124,41.08928],[15.69921,41.08905],[15.69148,41.08616],[15.69077,41.08725],[15.68937,41.08824],[15.68759,41.08851],[15.68637,41.08822],[15.68575,41.08749],[15.68431,41.08687],[15.68164,41.08624],[15.67947,41.08678],[15.67536,41.0898],[15.67368,41.08954],[15.67214,41.08741],[15.66979,41.08607],[15.66732,41.08736],[15.66552,41.08925],[15.66652,41.09198],[15.66582,41.09276],[15.66241,41.09164],[15.66012,41.09273],[15.65747,41.09269],[15.65531,41.09044],[15.65271,41.08911],[15.65147,41.08907],[15.65119,41.08989],[15.65022,41.09035],[15.64738,41.0896],[15.64595,41.08964],[15.64091,41.09193],[15.63908,41.09207],[15.63794,41.09162],[15.63631,41.0919],[15.63545,41.09349],[15.63224,41.09711],[15.62654,41.09569],[15.62265,41.09808],[15.6179,41.09923],[15.6137,41.09874],[15.61232,41.09762],[15.61015,41.09757],[15.60784,41.09643],[15.60615,41.09628],[15.60393,41.09672],[15.60055,41.09829],[15.59871,41.09846],[15.59688,41.09765],[15.59617,41.09644],[15.59472,41.09595],[15.59273,41.09623],[15.59123,41.09767],[15.5861,41.09837],[15.58146,41.09641],[15.57936,41.09706],[15.57808,41.09703],[15.57576,41.0947],[15.57281,41.093],[15.56985,41.09207],[15.56559,41.08928],[15.5649,41.08906],[15.56307,41.08945],[15.55976,41.08847],[15.55909,41.08773],[15.5588,41.08593],[15.55806,41.08482],[15.55594,41.08363],[15.55522,41.07957],[15.54942,41.07407],[15.54748,41.07364],[15.54495,41.07426],[15.53996,41.07237],[15.53918,41.07122],[15.53918,41.07029],[15.5403,41.06767],[15.54135,41.06711],[15.54391,41.06697],[15.54423,41.06662],[15.5438,41.06467],[15.54157,41.06394],[15.54037,41.06297],[15.54046,41.0621],[15.54293,41.06122],[15.54362,41.06047],[15.54292,41.05583],[15.54161,41.05579],[15.54008,41.05657],[15.53856,41.05646],[15.534,41.05706],[15.53375,41.05756],[15.53253,41.05763],[15.5322,41.05813],[15.53195,41.05759],[15.53109,41.05801],[15.53079,41.05755],[15.52844,41.05807],[15.53392,41.06506],[15.52955,41.06726],[15.53067,41.06892],[15.53132,41.06913],[15.53268,41.06859],[15.53216,41.07031],[15.535,41.07258],[15.53363,41.07309],[15.53466,41.07372],[15.53271,41.07468],[15.5328,41.07607],[15.53427,41.07831],[15.53673,41.07816],[15.53635,41.07899],[15.53714,41.07987],[15.53748,41.07965],[15.54004,41.07994],[15.5401,41.08028],[15.5369,41.08299],[15.54477,41.08822],[15.54649,41.08807],[15.54603,41.08903],[15.54423,41.08962],[15.5454,41.09058],[15.55115,41.08634],[15.55205,41.08714],[15.54961,41.08903],[15.55079,41.0899],[15.55686,41.09106],[15.55609,41.09544],[15.56105,41.09669],[15.55985,41.09893],[15.55989,41.10002],[15.56159,41.10053],[15.56956,41.10695],[15.57175,41.1078],[15.58197,41.10572],[15.5828,41.10692],[15.5874,41.10419],[15.59227,41.1077],[15.59564,41.10331],[15.60075,41.10386],[15.60517,41.106],[15.61201,41.10358],[15.61183,41.10182],[15.61954,41.10365],[15.6203,41.10181],[15.62511,41.0983],[15.63025,41.09814],[15.63499,41.09711],[15.63679,41.09719],[15.63762,41.09917],[15.63893,41.09919],[15.64018,41.09839],[15.64805,41.0985],[15.65459,41.09738],[15.65986,41.09766],[15.66046,41.09699],[15.66218,41.09733],[15.66251,41.09651],[15.66607,41.09734],[15.66694,41.09374],[15.67218,41.09461],[15.67196,41.09626],[15.67535,41.09722],[15.67981,41.0997],[15.6809,41.09995],[15.68217,41.11863],[15.66811,41.1194],[15.66844,41.12216],[15.66006,41.12297],[15.65682,41.12536],[15.65454,41.12645],[15.64858,41.12828],[15.63916,41.12705],[15.63367,41.12704],[15.63537,41.13389],[15.635,41.13451],[15.62058,41.13029],[15.62074,41.12828],[15.6145,41.12644],[15.61034,41.13758],[15.60613,41.14326],[15.61535,41.14383],[15.62395,41.14378],[15.62814,41.14462],[15.63156,41.14673],[15.63473,41.14628],[15.63491,41.14755],[15.63719,41.1497],[15.64351,41.14478],[15.64705,41.14386],[15.64733,41.14317],[15.65105,41.14169],[15.65089,41.14018],[15.65777,41.14042],[15.66014,41.13877],[15.66161,41.13711],[15.66692,41.13507],[15.66536,41.13293],[15.66475,41.13266],[15.66622,41.13023],[15.66508,41.12981],[15.66724,41.12634],[15.66874,41.12493],[15.6704,41.12582],[15.6723,41.12436],[15.67233,41.12435],[15.67033,41.12587],[15.67044,41.12594],[15.67255,41.1244],[15.67477,41.12402],[15.67604,41.12286],[15.67731,41.12277],[15.67941,41.12298],[15.68246,41.12417],[15.68248,41.12393],[15.69164,41.12431],[15.69531,41.12385],[15.69574,41.12321],[15.69558,41.11935],[15.69789,41.11897],[15.69809,41.11723],[15.6993,41.11681],[15.70179,41.11688],[15.70611,41.11604],[15.70641,41.11569],[15.70549,41.11393],[15.70709,41.11238],[15.70696,41.11101],[15.70844,41.10883],[15.71041,41.10818],[15.71857,41.1074],[15.72138,41.10673],[15.72276,41.10688],[15.725,41.1079],[15.72578,41.10766],[15.73071,41.10878],[15.73277,41.11022],[15.73432,41.10939],[15.73618,41.10915],[15.73744,41.1096],[15.73709,41.11019],[15.73003,41.1121],[15.72937,41.11274],[15.73053,41.114],[15.74055,41.11362],[15.74248,41.11447],[15.74458,41.11446],[15.74649,41.11331],[15.75571,41.11084],[15.7574,41.11151],[15.75754,41.11337],[15.754,41.11857],[15.76109,41.11916],[15.76224,41.11974],[15.76136,41.12152],[15.75933,41.1229],[15.7549,41.12397],[15.75216,41.12585],[15.74516,41.12844],[15.74265,41.12982],[15.74212,41.13073],[15.73876,41.13052],[15.73822,41.13112],[15.7416,41.13259],[15.74149,41.13282],[15.73286,41.13455],[15.72901,41.13399],[15.72464,41.13415],[15.72352,41.13604],[15.71956,41.13642],[15.72449,41.13682],[15.72147,41.14082],[15.72215,41.14176],[15.72464,41.14348],[15.72567,41.14279],[15.72507,41.14208],[15.72835,41.14034],[15.72917,41.14125],[15.72975,41.14119],[15.72982,41.14017],[15.73156,41.1401],[15.73183,41.13886],[15.73523,41.13842],[15.73627,41.14099],[15.73757,41.1398],[15.74086,41.13799],[15.742,41.13766],[15.74258,41.13824],[15.7447,41.13731],[15.74578,41.13759],[15.74805,41.13638],[15.7493,41.13773],[15.75145,41.13814],[15.75317,41.1357],[15.755,41.13555],[15.75574,41.1341],[15.75834,41.13372],[15.75806,41.13304],[15.75848,41.13297],[15.75951,41.13364],[15.76031,41.13336],[15.76066,41.13263],[15.76161,41.1324],[15.76112,41.13178],[15.76363,41.13088],[15.76813,41.1257],[15.77128,41.12341],[15.77577,41.12147],[15.77962,41.12204],[15.78375,41.12096],[15.78639,41.12126],[15.7848,41.12395],[15.78446,41.12568],[15.78034,41.12725],[15.78006,41.12939],[15.78265,41.12969],[15.7831,41.13058],[15.7894,41.13262],[15.79239,41.13274],[15.79473,41.13364],[15.7986,41.13363],[15.80429,41.12859],[15.80948,41.13002],[15.81373,41.12515],[15.81495,41.12522],[15.83011,41.13267],[15.83455,41.13436],[15.83709,41.13111],[15.85444,41.13871],[15.85748,41.13468],[15.85993,41.13582],[15.86497,41.13662],[15.86626,41.13716],[15.8659,41.13763],[15.86585,41.14093],[15.87014,41.14707],[15.87013,41.1466],[15.8721,41.14682],[15.8721,41.14731],[15.87656,41.14976],[15.8799,41.15302],[15.87838,41.15494],[15.88759,41.1577],[15.88951,41.15799],[15.88682,41.16123],[15.88489,41.16177],[15.87063,41.16094],[15.86048,41.15894],[15.85836,41.16035],[15.85521,41.15913],[15.85405,41.15737],[15.84172,41.15473],[15.84142,41.15541],[15.83568,41.15607],[15.83372,41.15568],[15.83091,41.1563],[15.82758,41.15624],[15.82422,41.15726],[15.82186,41.15552],[15.81956,41.15546],[15.81835,41.15443],[15.81662,41.15528],[15.81541,41.1552],[15.81589,41.15367],[15.81553,41.15186],[15.80574,41.14734],[15.805,41.1474],[15.80354,41.14871],[15.80098,41.1485],[15.80113,41.14986],[15.79974,41.15027],[15.79979,41.15289],[15.79526,41.15412],[15.79088,41.1544],[15.79321,41.15511],[15.79312,41.1557],[15.80059,41.15615],[15.80517,41.15722],[15.80536,41.15781],[15.80616,41.15812],[15.80588,41.15916],[15.80288,41.15978],[15.80088,41.16063],[15.79956,41.15988],[15.79895,41.16008],[15.79873,41.16132],[15.79699,41.16175],[15.7958,41.16122],[15.79535,41.16152],[15.79539,41.16222],[15.79413,41.16267],[15.79157,41.16237],[15.79197,41.1631],[15.79121,41.16367],[15.78765,41.16399],[15.78495,41.16295],[15.78304,41.16316],[15.78216,41.16219],[15.78126,41.16224],[15.77946,41.16158],[15.77838,41.16275],[15.77334,41.16561],[15.77122,41.16443],[15.7665,41.16516],[15.76449,41.15893],[15.76553,41.15568],[15.76102,41.15369],[15.76387,41.1502],[15.75752,41.15131],[15.75773,41.15208],[15.75714,41.15389],[15.75337,41.15472],[15.75347,41.15636],[15.75125,41.1556],[15.7508,41.1561],[15.74952,41.15515],[15.74866,41.15515],[15.74859,41.15617],[15.74695,41.1565],[15.74651,41.1573],[15.74509,41.15548],[15.74214,41.15584],[15.74185,41.15849],[15.74307,41.15967],[15.74466,41.16012],[15.74595,41.15933],[15.74787,41.15917],[15.74786,41.15982],[15.74852,41.15968],[15.74921,41.16115],[15.7532,41.16051],[15.75567,41.16542],[15.75749,41.16535],[15.75852,41.16772],[15.76293,41.16658],[15.7653,41.16848],[15.76743,41.17056],[15.76731,41.17136],[15.76582,41.17238],[15.76775,41.17194],[15.76843,41.17144],[15.77084,41.17224],[15.77451,41.17243],[15.77544,41.1731],[15.77598,41.17304],[15.77724,41.17176],[15.77876,41.17125],[15.77982,41.17164],[15.78069,41.1711],[15.78134,41.17278],[15.7819,41.17296],[15.78266,41.17258],[15.78333,41.17375],[15.78398,41.17293],[15.78575,41.17299],[15.78519,41.17053],[15.78546,41.16991],[15.78641,41.17031],[15.78664,41.16965],[15.78764,41.16906],[15.79058,41.16799],[15.79135,41.16812],[15.79235,41.16754],[15.79564,41.16712],[15.80153,41.16526],[15.80211,41.16517],[15.80259,41.16575],[15.80013,41.1678],[15.80371,41.16699],[15.8049,41.16908],[15.80626,41.16795],[15.80565,41.16561],[15.80651,41.16506],[15.8087,41.16475],[15.81155,41.16718],[15.81187,41.16935],[15.81675,41.16699],[15.82411,41.16437],[15.82501,41.16441],[15.82697,41.16286],[15.82813,41.16266],[15.82974,41.1615],[15.82968,41.15844],[15.83129,41.15711],[15.84067,41.15703],[15.84148,41.15576],[15.84201,41.15566],[15.84947,41.15803],[15.85277,41.15814],[15.85836,41.16079],[15.86269,41.16171],[15.87684,41.16246],[15.87967,41.16365],[15.88261,41.16324],[15.88527,41.16195],[15.89149,41.16424],[15.8896,41.16787],[15.88656,41.17165],[15.88887,41.17153],[15.89034,41.17027],[15.89243,41.17171],[15.89096,41.17245],[15.89135,41.17409],[15.89389,41.17713],[15.90812,41.17462],[15.91849,41.18025],[15.92333,41.18781],[15.92386,41.18805],[15.93178,41.18784],[15.9334,41.18868],[15.93288,41.18544],[15.9339,41.18632],[15.9379,41.18716],[15.93956,41.18657],[15.94265,41.18469],[15.94415,41.18455],[15.94484,41.18479],[15.94644,41.18648],[15.94752,41.18679],[15.95162,41.18679],[15.95395,41.18757],[15.95682,41.18779],[15.95969,41.18754],[15.96083,41.18792],[15.96239,41.19014],[15.96563,41.19193],[15.96471,41.1927],[15.9655,41.19323],[15.96635,41.19261],[15.96717,41.19305],[15.96766,41.19271],[15.97058,41.194],[15.97154,41.19305],[15.97343,41.19409],[15.97498,41.1927],[15.97704,41.19397],[15.97512,41.1958],[15.97597,41.19631],[15.97712,41.19795],[15.98019,41.19797],[15.9844,41.20016],[15.98673,41.20062],[15.99259,41.20539],[15.99235,41.20654],[15.99286,41.2071],[15.99528,41.20771],[15.99467,41.21051],[15.99873,41.21095],[16.00325,41.21047],[16.00625,41.21055],[16.00637,41.21298],[16.00402,41.21418],[16.00402,41.21519],[16.00614,41.21431],[16.0097,41.21455],[16.01097,41.21402],[16.01206,41.21547],[16.01407,41.21635],[16.01557,41.21619],[16.01449,41.21824],[16.01506,41.21932],[16.02015,41.22128],[16.02043,41.22209],[16.02001,41.22328],[16.01755,41.22484],[16.01941,41.22967],[16.01727,41.23033],[16.01933,41.23136],[16.01932,41.23274],[16.02028,41.23382],[16.02133,41.23727],[16.02573,41.24221],[16.02885,41.24063],[16.03036,41.24253],[16.02987,41.24312],[16.0313,41.24353],[16.03191,41.2459],[16.03476,41.24709],[16.03467,41.24765],[16.03689,41.24698],[16.04081,41.24965],[16.04104,41.24922],[16.04436,41.25011],[16.04408,41.25074],[16.04705,41.25328],[16.05236,41.25926],[16.05064,41.26005],[16.05225,41.26182],[16.05043,41.26276],[16.05082,41.26498],[16.0449,41.26996],[16.04436,41.27089],[16.04596,41.27172],[16.04661,41.27331],[16.04776,41.27275],[16.04977,41.2741],[16.04715,41.27552],[16.05027,41.2773],[16.06249,41.27936],[16.06372,41.27954],[16.06552,41.27835],[16.07512,41.28542],[16.07442,41.28609],[16.07617,41.2871],[16.07639,41.28857],[16.07748,41.28951],[16.0748,41.29127],[16.07574,41.29229],[16.08074,41.2953],[16.07999,41.29593],[16.08439,41.29737],[16.08883,41.29737],[16.09208,41.29603],[16.10249,41.29458],[16.11832,41.30449],[16.13104,41.30945],[16.13488,41.31474],[16.13826,41.31821],[16.14007,41.3217],[16.14122,41.32266],[16.19678,41.33728],[16.19695,41.33987],[16.19578,41.34227],[16.19623,41.34353],[16.19559,41.3446],[16.19603,41.34542],[16.1915,41.35016],[16.18912,41.35141],[16.18808,41.35144],[16.19239,41.35709],[16.19007,41.35824],[16.19322,41.35918],[16.19613,41.36113]],[[16.2025,41.34829],[16.20225,41.3487],[16.20217,41.34878],[16.2025,41.34829]],[[16.20208,41.34885],[16.20185,41.34899],[16.20217,41.34878],[16.20208,41.34885]],[[16.2027,41.34122],[16.20202,41.34226],[16.20196,41.34217],[16.2027,41.34122]],[[15.75687,41.1576],[15.76057,41.15424],[15.75842,41.15692],[15.75687,41.1576]]]}},{"type":"Feature","properties":{"nome":"Le Cesine","tipo":"Riserva Naturale Statale di Popolamento Animale","codice":"EUAP0104","ettari":365,"settori":["LE_01"]},"geometry":{"type":"Polygon","coordinates":[[[18.33267,40.34675],[18.33103,40.34891],[18.32857,40.34908],[18.32756,40.34985],[18.32606,40.35355],[18.32313,40.35648],[18.33194,40.36388],[18.33528,40.36215],[18.33852,40.36124],[18.34338,40.35737],[18.35136,40.35258],[18.35254,40.35011],[18.35629,40.34755],[18.35008,40.34071],[18.33267,40.34675]]]}},{"type":"Feature","properties":{"nome":"Torre Guaceto","tipo":"Riserva Naturale Statale","codice":"EUAP1075","ettari":1120,"settori":["BR_01","BR_02"]},"geometry":{"type":"Polygon","coordinates":[[[17.76353,40.72611],[17.77018,40.72305],[17.7715,40.72316],[17.7725,40.72232],[17.77299,40.72249],[17.77539,40.72186],[17.77478,40.72174],[17.77489,40.72066],[17.7786,40.71934],[17.78261,40.71882],[17.7841,40.71936],[17.78569,40.71819],[17.78638,40.71892],[17.78693,40.71847],[17.78638,40.71811],[17.78754,40.7182],[17.78801,40.71779],[17.78857,40.71819],[17.78853,40.71872],[17.78912,40.71814],[17.78892,40.71757],[17.79043,40.71788],[17.79046,40.7187],[17.79162,40.71866],[17.79216,40.71795],[17.79175,40.71644],[17.7927,40.71583],[17.79351,40.71628],[17.7933,40.71728],[17.79366,40.71678],[17.79463,40.71673],[17.79454,40.71761],[17.79555,40.71729],[17.79537,40.71617],[17.79585,40.71591],[17.79676,40.71699],[17.79869,40.71652],[17.79878,40.71614],[17.80036,40.716],[17.80062,40.71488],[17.80024,40.71445],[17.79793,40.71429],[17.7972,40.71297],[17.79717,40.71188],[17.79806,40.71058],[17.79965,40.70923],[17.80254,40.70806],[17.80585,40.70535],[17.80825,40.7047],[17.81567,40.70082],[17.82023,40.69989],[17.81967,40.69523],[17.81088,40.69566],[17.80974,40.69433],[17.80881,40.69435],[17.79743,40.69599],[17.79611,40.6958],[17.79475,40.69455],[17.79123,40.69346],[17.78981,40.69203],[17.78513,40.68872],[17.77682,40.68519],[17.76326,40.70081],[17.76161,40.70402],[17.75823,40.71382],[17.7596,40.71435],[17.76109,40.71868],[17.7673,40.71742],[17.77165,40.71466],[17.7725,40.7218],[17.76774,40.72292],[17.76389,40.72476],[17.76327,40.72531],[17.76353,40.72611]]]}},{"type":"Feature","properties":{"nome":"Medio Fortore","tipo":"Parco Naturale Regionale","codice":"n/p","ettari":3511,"settori":["FG_02"]},"geometry":{"type":"Polygon","coordinates":[[[15.29336,41.91285],[15.29554,41.91212],[15.2956,41.91074],[15.29621,41.91038],[15.29882,41.91237],[15.29918,41.9121],[15.2995,41.91118],[15.29879,41.90972],[15.29872,41.90802],[15.29323,41.90428],[15.28567,41.89467],[15.28467,41.89426],[15.28354,41.89437],[15.2721,41.89934],[15.26998,41.89719],[15.26865,41.89696],[15.26723,41.89746],[15.26642,41.89656],[15.26468,41.89297],[15.26276,41.89052],[15.26306,41.88974],[15.26267,41.88811],[15.26078,41.88641],[15.2626,41.88488],[15.26274,41.88367],[15.28065,41.87801],[15.28228,41.87633],[15.28338,41.87365],[15.28317,41.86978],[15.28227,41.86882],[15.28311,41.8673],[15.28128,41.86431],[15.27378,41.86075],[15.27356,41.8588],[15.27146,41.85661],[15.27302,41.85628],[15.27379,41.85553],[15.27332,41.8524],[15.26693,41.84564],[15.26385,41.83821],[15.26246,41.8376],[15.26016,41.83805],[15.25917,41.83637],[15.25975,41.83227],[15.26195,41.83201],[15.26173,41.82176],[15.26158,41.82217],[15.26126,41.82275],[15.26066,41.8235],[15.26158,41.82217],[15.26168,41.82095],[15.26282,41.81966],[15.26672,41.81708],[15.26776,41.81596],[15.28263,41.80666],[15.28196,41.80307],[15.29016,41.79888],[15.28943,41.79683],[15.28843,41.79623],[15.28793,41.79523],[15.28843,41.7935],[15.28659,41.78977],[15.28526,41.79014],[15.28363,41.78681],[15.26562,41.79151],[15.26867,41.79844],[15.26717,41.79817],[15.2613,41.79445],[15.25704,41.79263],[15.25746,41.79221],[15.2557,41.79149],[15.25542,41.79169],[15.25363,41.79055],[15.25333,41.79085],[15.25204,41.79003],[15.25178,41.7902],[15.2493,41.78864],[15.24978,41.78826],[15.2474,41.7867],[15.24617,41.78771],[15.24356,41.78468],[15.24191,41.78201],[15.24273,41.78291],[15.24698,41.78059],[15.25359,41.77483],[15.24753,41.7706],[15.24632,41.76891],[15.24902,41.76632],[15.24684,41.76481],[15.2454,41.76641],[15.24443,41.76674],[15.23863,41.76035],[15.23946,41.75929],[15.24001,41.75952],[15.24607,41.75441],[15.24973,41.7508],[15.25271,41.75171],[15.25408,41.75038],[15.25448,41.74929],[15.25008,41.74737],[15.25066,41.74555],[15.25015,41.74482],[15.24841,41.74556],[15.24537,41.74774],[15.2429,41.74848],[15.24148,41.75017],[15.24062,41.75008],[15.24059,41.74926],[15.2386,41.74974],[15.23498,41.74881],[15.23305,41.74896],[15.22507,41.75137],[15.22197,41.75277],[15.22196,41.75644],[15.22374,41.7588],[15.22379,41.76292],[15.22284,41.76687],[15.22433,41.76964],[15.22487,41.77229],[15.22729,41.77496],[15.22408,41.78144],[15.224,41.78189],[15.22504,41.7826],[15.22505,41.78403],[15.22406,41.78549],[15.22384,41.78758],[15.22667,41.78868],[15.22577,41.793],[15.22811,41.79454],[15.2283,41.79503],[15.22704,41.79663],[15.2272,41.79855],[15.22873,41.79957],[15.22941,41.79944],[15.23045,41.79843],[15.23125,41.79863],[15.23148,41.79894],[15.23046,41.80177],[15.23421,41.80491],[15.23375,41.80597],[15.22985,41.80802],[15.22991,41.80851],[15.23079,41.80904],[15.23282,41.8085],[15.23448,41.8067],[15.23568,41.80678],[15.23662,41.80821],[15.23678,41.81017],[15.23981,41.81307],[15.24049,41.81445],[15.23966,41.81588],[15.23686,41.81712],[15.23707,41.8183],[15.23796,41.81903],[15.24056,41.81874],[15.24207,41.81956],[15.24296,41.82241],[15.24625,41.82535],[15.24651,41.82618],[15.24594,41.82896],[15.24642,41.83068],[15.24455,41.83294],[15.24429,41.83378],[15.24478,41.83437],[15.23833,41.83649],[15.23952,41.83819],[15.23916,41.8419],[15.23967,41.84561],[15.24043,41.84627],[15.24143,41.84646],[15.24499,41.84542],[15.24725,41.84886],[15.24863,41.84906],[15.25052,41.84835],[15.25416,41.85348],[15.25228,41.85451],[15.25235,41.85597],[15.26065,41.85926],[15.26084,41.86009],[15.26285,41.86252],[15.25767,41.86502],[15.25703,41.86573],[15.25713,41.86668],[15.25963,41.86951],[15.26317,41.87238],[15.2573,41.87619],[15.2576,41.87779],[15.2569,41.87825],[15.25621,41.88071],[15.25882,41.88725],[15.26061,41.88909],[15.26055,41.89089],[15.2658,41.89915],[15.26553,41.9028],[15.26646,41.9035],[15.26714,41.90335],[15.2686,41.9013],[15.27007,41.90251],[15.27032,41.90385],[15.26926,41.90537],[15.27044,41.90724],[15.27202,41.90713],[15.27315,41.9055],[15.2738,41.90547],[15.27813,41.90751],[15.2787,41.90678],[15.27841,41.90551],[15.27676,41.90403],[15.27668,41.90328],[15.27746,41.90238],[15.28271,41.90076],[15.28528,41.90109],[15.28639,41.90314],[15.28818,41.9042],[15.28828,41.90462],[15.29045,41.90423],[15.29146,41.90471],[15.29158,41.90547],[15.28942,41.90671],[15.28817,41.90876],[15.28955,41.9084],[15.29112,41.90714],[15.29441,41.90749],[15.295,41.9081],[15.29465,41.90945],[15.29169,41.91107],[15.29084,41.9125],[15.29129,41.91333],[15.29333,41.91375],[15.29336,41.91285]],[[15.2912,41.90437],[15.29137,41.90442],[15.29146,41.9047],[15.2912,41.90437]],[[15.26591,41.89853],[15.26599,41.89862],[15.26643,41.89936],[15.26591,41.89853]],[[15.25747,41.82792],[15.25629,41.82963],[15.25512,41.83093],[15.25731,41.83267],[15.25511,41.83093],[15.25747,41.82792]],[[15.25836,41.82663],[15.25792,41.82728],[15.25765,41.82766],[15.25836,41.82663]],[[15.26036,41.8239],[15.25987,41.82464],[15.25852,41.8264],[15.25986,41.82465],[15.26036,41.8239]],[[15.2552,41.82242],[15.25911,41.82143],[15.26085,41.81927],[15.25913,41.82145],[15.2552,41.82242]],[[15.25305,41.82189],[15.2512,41.82126],[15.24818,41.82012],[15.25097,41.82113],[15.25305,41.82189]],[[15.24667,41.81006],[15.24642,41.81023],[15.24644,41.81019],[15.24667,41.81006]],[[15.24784,41.80819],[15.24963,41.80897],[15.25107,41.80928],[15.24962,41.80897],[15.24784,41.80819]],[[15.25424,41.80781],[15.2534,41.80813],[15.2534,41.80812],[15.25424,41.80781]],[[15.26586,41.80698],[15.25977,41.80595],[15.26586,41.80698],[15.26586,41.80698]],[[15.25885,41.80609],[15.25891,41.80606],[15.25895,41.80606],[15.25885,41.80609]],[[15.26139,41.80196],[15.26266,41.80273],[15.26704,41.8038],[15.2627,41.80276],[15.26139,41.80196]],[[15.24613,41.80232],[15.24381,41.80051],[15.24612,41.80231],[15.2491,41.79969],[15.24613,41.80232]],[[15.25501,41.79783],[15.25502,41.79783],[15.25154,41.801],[15.25501,41.79783]],[[15.24121,41.79805],[15.24197,41.79746],[15.24199,41.79748],[15.24121,41.79805]],[[15.24997,41.80064],[15.24997,41.80064],[15.25021,41.80058],[15.24997,41.80064]],[[15.23679,41.79345],[15.24115,41.79683],[15.23675,41.79347],[15.23679,41.79345]],[[15.24108,41.79058],[15.24095,41.79068],[15.23965,41.79154],[15.24108,41.79058]],[[15.23725,41.78273],[15.23636,41.78301],[15.23635,41.783],[15.23725,41.78273]],[[15.23476,41.78139],[15.23476,41.78139],[15.23423,41.7816],[15.23476,41.78139]],[[15.2345,41.77663],[15.2354,41.77626],[15.23351,41.77716],[15.2345,41.77663]],[[15.23666,41.77525],[15.23636,41.77534],[15.23614,41.77556],[15.23627,41.77537],[15.23666,41.77525]],[[15.22839,41.77273],[15.22884,41.77249],[15.22825,41.77291],[15.22839,41.77273]],[[15.22898,41.77231],[15.22915,41.77224],[15.22884,41.77249],[15.22898,41.77231]],[[15.22789,41.77315],[15.22787,41.77361],[15.22825,41.77291],[15.22789,41.77315]],[[15.23585,41.7721],[15.23591,41.77253],[15.23588,41.77236],[15.23585,41.7721]],[[15.23741,41.77244],[15.23702,41.77248],[15.23702,41.77248],[15.23741,41.77244]],[[15.23886,41.77206],[15.23857,41.77215],[15.23858,41.77214],[15.23886,41.77206]],[[15.23969,41.77172],[15.2392,41.77196],[15.2392,41.77196],[15.23969,41.77172]],[[15.23096,41.7714],[15.23077,41.77148],[15.23077,41.77148],[15.23096,41.7714]],[[15.23614,41.77078],[15.23617,41.77079],[15.23551,41.77129],[15.23614,41.77078]],[[15.23182,41.77106],[15.23255,41.77087],[15.23305,41.77065],[15.23256,41.77087],[15.23182,41.77106]],[[15.23346,41.76942],[15.2332,41.7703],[15.2332,41.77031],[15.23346,41.76942]]]}},{"type":"Feature","properties":{"nome":"Lago di Lesina (parte orientale)","tipo":"Riserva Naturale Statale di Popolamento Animale","codice":"EUAP0103","ettari":879,"settori":["FG_02"]},"geometry":{"type":"Polygon","coordinates":[[[15.57364,41.91069],[15.57384,41.90739],[15.57025,41.90253],[15.56838,41.90163],[15.56702,41.90004],[15.55978,41.89808],[15.55573,41.89557],[15.54861,41.89266],[15.54471,41.89276],[15.54421,41.8938],[15.54251,41.89416],[15.54171,41.89515],[15.53404,41.89569],[15.53251,41.89666],[15.52644,41.89556],[15.52529,41.8952],[15.52049,41.89125],[15.5184,41.89118],[15.518,41.88851],[15.51659,41.88729],[15.51561,41.88711],[15.51548,41.88636],[15.51365,41.88584],[15.51253,41.88473],[15.51144,41.88438],[15.51163,41.90485],[15.51618,41.90626],[15.52715,41.90826],[15.52819,41.90873],[15.53683,41.90984],[15.54366,41.91175],[15.54588,41.9119],[15.54896,41.91074],[15.55024,41.91081],[15.55247,41.91268],[15.5636,41.91451],[15.5694,41.91323],[15.57364,41.91069]]]}},{"type":"Feature","properties":{"nome":"Ischitella e Carpino","tipo":"Riserva Naturale Statale Biogenetica","codice":"EUAP0100","ettari":301,"settori":["FG_01"]},"geometry":{"type":"Polygon","coordinates":[[[15.90632,41.84645],[15.90506,41.84842],[15.9058,41.85064],[15.90478,41.8533],[15.90356,41.854],[15.89977,41.85856],[15.89975,41.85995],[15.89724,41.86346],[15.89513,41.8655],[15.89078,41.86751],[15.88947,41.86982],[15.89043,41.86925],[15.89009,41.87085],[15.889,41.87121],[15.88957,41.87175],[15.89025,41.87138],[15.89209,41.87141],[15.89327,41.87075],[15.89535,41.87101],[15.89809,41.87],[15.89977,41.86996],[15.90047,41.87045],[15.90163,41.86984],[15.90291,41.86982],[15.90317,41.86926],[15.90512,41.86817],[15.90533,41.86729],[15.90762,41.86689],[15.90752,41.86638],[15.91043,41.86515],[15.91058,41.86316],[15.91238,41.86141],[15.91275,41.8623],[15.91333,41.86248],[15.91362,41.86119],[15.91655,41.85908],[15.91657,41.85814],[15.91767,41.85668],[15.91684,41.85571],[15.9172,41.85499],[15.91798,41.85368],[15.92001,41.85215],[15.91938,41.84924],[15.9169,41.84728],[15.91455,41.84974],[15.91287,41.85031],[15.90965,41.84697],[15.90777,41.84736],[15.90632,41.84645]]]}},{"type":"Feature","properties":{"nome":"Foresta Umbra","tipo":"Riserva Naturale Statale Biogenetica","codice":"EUAP0098","ettari":403,"settori":["FG_03"]},"geometry":{"type":"Polygon","coordinates":[[[15.98134,41.79807],[15.97863,41.7992],[15.97877,41.79842],[15.97307,41.80026],[15.97262,41.79999],[15.97017,41.80072],[15.97035,41.80178],[15.9677,41.80188],[15.96527,41.80301],[15.9644,41.80422],[15.96269,41.80378],[15.9625,41.80423],[15.96058,41.80488],[15.96115,41.80553],[15.96048,41.80628],[15.95931,41.80594],[15.95709,41.80698],[15.95828,41.80833],[15.96052,41.80951],[15.9614,41.81086],[15.96277,41.81035],[15.96364,41.8108],[15.96492,41.81077],[15.96875,41.81177],[15.97195,41.814],[15.97506,41.81478],[15.97844,41.8151],[15.97991,41.81593],[15.97997,41.81696],[15.98218,41.81866],[15.984,41.81899],[15.98628,41.81872],[15.98917,41.81996],[15.99054,41.82226],[15.99485,41.82609],[15.99553,41.82842],[15.99776,41.82929],[15.99867,41.83031],[15.99998,41.83091],[16.00158,41.83097],[16.00265,41.83013],[15.99996,41.82597],[15.99918,41.82347],[15.99975,41.823],[15.99872,41.82274],[15.99846,41.82223],[15.99867,41.82098],[15.99987,41.81965],[15.99855,41.8189],[15.99883,41.81773],[15.99715,41.81622],[15.99694,41.81539],[15.99495,41.81552],[15.99431,41.8142],[15.9901,41.81313],[15.98878,41.81223],[15.98711,41.81206],[15.98524,41.81119],[15.98333,41.81108],[15.98241,41.81028],[15.98271,41.80922],[15.98159,41.80673],[15.98229,41.80602],[15.98192,41.80412],[15.97947,41.8009],[15.97941,41.79954],[15.98134,41.79807]]]}},{"type":"Feature","properties":{"nome":"Falascone","tipo":"Riserva Naturale Statale Orientata e Biogenetica","codice":"EUAP0097","ettari":48,"settori":["FG_03"]},"geometry":{"type":"Polygon","coordinates":[[[15.98747,41.81204],[15.9875,41.81055],[15.98787,41.80992],[15.98904,41.80907],[15.98979,41.80918],[15.9885,41.80848],[15.98868,41.80717],[15.98769,41.8047],[15.98746,41.80236],[15.98437,41.80268],[15.98334,41.80231],[15.9817,41.80295],[15.98103,41.80285],[15.9824,41.80519],[15.98239,41.80615],[15.9817,41.80666],[15.98267,41.80855],[15.9828,41.81069],[15.98338,41.81101],[15.98436,41.81085],[15.98747,41.81204]]]}},{"type":"Feature","properties":{"nome":"Palude di Frattarolo","tipo":"Riserva Naturale Statale di Popolamento Animale","codice":"EUAP0109","ettari":263,"settori":["FG_03"]},"geometry":{"type":"Polygon","coordinates":[[[15.87534,41.581],[15.87937,41.57637],[15.88567,41.57277],[15.88652,41.57064],[15.87505,41.56959],[15.8706,41.56249],[15.86252,41.55684],[15.85913,41.56813],[15.87124,41.58018],[15.8726,41.57946],[15.87384,41.58065],[15.87534,41.581]]]}},{"type":"Feature","properties":{"nome":"Masseria Combattenti","tipo":"Riserva Naturale Statale di Popolamento Animale","codice":"EUAP0106","ettari":79,"settori":["BAT","FG_04"]},"geometry":{"type":"Polygon","coordinates":[[[15.95656,41.43236],[15.95359,41.42907],[15.95049,41.43067],[15.94689,41.43742],[15.95001,41.44113],[15.95457,41.44022],[15.95745,41.44016],[15.95656,41.43236]]]}},{"type":"Feature","properties":{"nome":"Il Monte","tipo":"Riserva Naturale Statale di Popolamento Animale","codice":"EUAP0099","ettari":134,"settori":["FG_04"]},"geometry":{"type":"Polygon","coordinates":[[[15.96734,41.41538],[15.98366,41.40562],[15.98365,41.40431],[15.98129,41.40214],[15.98634,41.39902],[15.97888,41.39821],[15.97685,41.39902],[15.97908,41.40125],[15.97605,41.40189],[15.97283,41.4007],[15.96576,41.40361],[15.966,41.40533],[15.96895,41.40511],[15.96953,41.40943],[15.96655,41.40965],[15.96734,41.41538]],[[15.96923,41.40645],[15.96883,41.40341],[15.97299,41.40311],[15.97337,41.40616],[15.96923,41.40645]],[[15.97829,41.39955],[15.98426,41.39904],[15.98239,41.39954],[15.97829,41.39955]]]}},{"type":"Feature","properties":{"nome":"Saline Margherita di S.","tipo":"Riserva Naturale Statale di Popolamento Animale","codice":"EUAP0102","ettari":4837,"settori":["BAT","FG_04"]},"geometry":{"type":"Polygon","coordinates":[[[15.96454,41.44012],[15.96552,41.43973],[15.97271,41.43961],[15.975,41.43898],[15.97748,41.43883],[15.98095,41.43803],[15.98726,41.43565],[15.98891,41.43594],[15.99224,41.43432],[15.99362,41.43223],[15.99569,41.43231],[15.99744,41.43081],[15.99944,41.43033],[16.00631,41.43],[16.00718,41.43046],[16.00801,41.43007],[16.00712,41.42826],[16.00789,41.42754],[16.02083,41.42425],[16.02889,41.42288],[16.04119,41.41969],[16.04622,41.41707],[16.0573,41.41247],[16.06408,41.40875],[16.07099,41.40603],[16.08494,41.39929],[16.09366,41.39615],[16.09703,41.39448],[16.10673,41.39179],[16.1097,41.39148],[16.11351,41.3905],[16.11599,41.38899],[16.11933,41.38783],[16.12554,41.38624],[16.13085,41.38547],[16.13557,41.3837],[16.13929,41.38191],[16.13822,41.38051],[16.14522,41.37652],[16.14418,41.37545],[16.15422,41.36942],[16.15762,41.36803],[16.15498,41.36483],[16.14546,41.36593],[16.12705,41.37313],[16.12452,41.37245],[16.11352,41.37481],[16.10842,41.37691],[16.10759,41.3751],[16.10091,41.37627],[16.09817,41.37407],[16.09455,41.37575],[16.09252,41.37432],[16.09057,41.37596],[16.08489,41.37172],[16.06775,41.38015],[16.05613,41.36687],[16.05465,41.37059],[16.05057,41.37123],[16.04447,41.37375],[16.04417,41.37694],[16.04539,41.37852],[16.04281,41.37984],[16.04065,41.3801],[16.03946,41.37976],[16.03798,41.37765],[16.03641,41.37708],[16.03483,41.37593],[16.03379,41.37654],[16.03423,41.38228],[16.03487,41.38406],[16.03422,41.38487],[16.03176,41.38593],[16.02819,41.38558],[16.02195,41.38712],[16.01944,41.38883],[16.01653,41.39009],[16.01373,41.3927],[16.01048,41.39445],[16.00681,41.39538],[16.00524,41.39678],[16.00263,41.39793],[15.99866,41.40185],[15.99401,41.40332],[15.98538,41.40223],[15.98369,41.40432],[15.9837,41.40564],[15.96514,41.41678],[15.96895,41.42169],[15.95361,41.42906],[15.95664,41.43236],[15.95747,41.44016],[15.96454,41.44012]]]}},{"type":"Feature","properties":{"nome":"San Cataldo","tipo":"Riserva Naturale Statale Biogenetica","codice":"EUAP0110","ettari":27,"settori":["LE_01"]},"geometry":{"type":"Polygon","coordinates":[[[18.30265,40.38468],[18.30302,40.38392],[18.30451,40.38412],[18.31218,40.37567],[18.31277,40.37575],[18.31353,40.37481],[18.31165,40.37452],[18.30783,40.37667],[18.30682,40.37789],[18.30764,40.37804],[18.30704,40.37882],[18.30486,40.38079],[18.30317,40.3817],[18.3017,40.38423],[18.30347,40.38637],[18.30405,40.3865],[18.30432,40.38495],[18.30265,40.38468]]]}},{"type":"Feature","properties":{"nome":"Bosco Incoronata","tipo":"Parco Naturale Regionale","codice":"EUAP1188","ettari":2067,"settori":["FG_03"]},"geometry":{"type":"Polygon","coordinates":[[[15.56007,41.35959],[15.56885,41.36188],[15.56774,41.36285],[15.56783,41.36399],[15.57502,41.36979],[15.57667,41.36999],[15.57815,41.3691],[15.58149,41.371],[15.58216,41.3716],[15.5808,41.37352],[15.58105,41.37463],[15.59715,41.3871],[15.59864,41.3874],[15.6008,41.38705],[15.6016,41.38653],[15.60542,41.38744],[15.60705,41.38696],[15.60838,41.39005],[15.6083,41.39312],[15.60915,41.39403],[15.61298,41.39409],[15.61436,41.39467],[15.62245,41.3945],[15.62364,41.39402],[15.62419,41.39285],[15.6271,41.39441],[15.62919,41.39428],[15.63088,41.3947],[15.63226,41.39763],[15.63601,41.39964],[15.63845,41.39948],[15.64017,41.39875],[15.64128,41.39764],[15.64214,41.39921],[15.64348,41.39987],[15.64695,41.40017],[15.64914,41.39957],[15.65011,41.40137],[15.65166,41.40192],[15.65283,41.40173],[15.65368,41.40096],[15.65398,41.39848],[15.65309,41.39732],[15.65404,41.3958],[15.65382,41.39437],[15.65254,41.39317],[15.65071,41.39291],[15.65015,41.39239],[15.65136,41.3908],[15.65181,41.38729],[15.65105,41.38622],[15.65106,41.38357],[15.64962,41.38166],[15.64537,41.38087],[15.64289,41.38209],[15.64324,41.38117],[15.64082,41.3801],[15.6394,41.38206],[15.63978,41.38225],[15.63911,41.38274],[15.63874,41.38164],[15.63778,41.38101],[15.63621,41.38083],[15.6349,41.3789],[15.63228,41.37833],[15.63053,41.37858],[15.62803,41.37698],[15.62489,41.37668],[15.62425,41.37607],[15.62353,41.37405],[15.62229,41.37339],[15.62094,41.37373],[15.61974,41.37314],[15.61864,41.37143],[15.6151,41.37039],[15.6118,41.36787],[15.6079,41.36776],[15.60697,41.36737],[15.61476,41.34676],[15.61286,41.34635],[15.61299,41.34614],[15.60816,41.34423],[15.60669,41.3463],[15.60584,41.34596],[15.60461,41.34772],[15.60672,41.34865],[15.60594,41.34983],[15.61017,41.35152],[15.61082,41.35039],[15.61204,41.35092],[15.6096,41.35672],[15.58144,41.34581],[15.58158,41.36037],[15.56123,41.35088],[15.55949,41.35092],[15.55512,41.34742],[15.55351,41.34661],[15.54558,41.34465],[15.54513,41.34358],[15.5438,41.34257],[15.54219,41.34408],[15.53971,41.34357],[15.53711,41.34092],[15.53494,41.34017],[15.5308,41.34061],[15.51755,41.33844],[15.51475,41.33874],[15.51285,41.33854],[15.51289,41.34036],[15.5125,41.34078],[15.51106,41.34037],[15.51146,41.34112],[15.51255,41.34166],[15.51485,41.34153],[15.51809,41.34253],[15.52066,41.34259],[15.52164,41.34227],[15.52544,41.34278],[15.52805,41.34256],[15.5292,41.34329],[15.53154,41.34353],[15.53278,41.34311],[15.53478,41.3439],[15.5365,41.34412],[15.53787,41.34534],[15.53917,41.3457],[15.53994,41.347],[15.54164,41.34818],[15.54437,41.34864],[15.54542,41.34957],[15.54794,41.35043],[15.55019,41.35056],[15.55076,41.34926],[15.55373,41.34963],[15.55798,41.35281],[15.55856,41.35429],[15.55846,41.35407],[15.55745,41.35455],[15.55734,41.3555],[15.55685,41.35584],[15.55789,41.35745],[15.56007,41.35959]]]}},{"type":"Feature","properties":{"nome":"Bosco delle Pianelle","tipo":"Riserva Naturale Regionale Orientata","codice":"EUAP0459","ettari":1140,"settori":["TA_02"]},"geometry":{"type":"Polygon","coordinates":[[[17.20971,40.66453],[17.20765,40.66575],[17.20639,40.6678],[17.20407,40.66928],[17.20425,40.67002],[17.20845,40.67116],[17.21655,40.67067],[17.21592,40.66946],[17.21652,40.66907],[17.21588,40.66811],[17.21648,40.66756],[17.21563,40.66673],[17.21664,40.66588],[17.21501,40.66469],[17.21458,40.66328],[17.21725,40.65297],[17.22021,40.65321],[17.22226,40.65178],[17.22545,40.6505],[17.2241,40.64975],[17.22305,40.64834],[17.22533,40.64774],[17.22499,40.6473],[17.22736,40.6472],[17.22644,40.64532],[17.2277,40.64591],[17.22818,40.64578],[17.22744,40.64493],[17.22887,40.64395],[17.22946,40.64438],[17.229,40.6447],[17.22983,40.64594],[17.22833,40.64636],[17.22857,40.6469],[17.22787,40.64709],[17.22824,40.64834],[17.23128,40.6465],[17.23254,40.64933],[17.233,40.64899],[17.23487,40.65135],[17.2382,40.65151],[17.23969,40.65256],[17.2366,40.65353],[17.2345,40.65618],[17.23555,40.65519],[17.23752,40.65434],[17.2378,40.65516],[17.23745,40.65603],[17.23852,40.65701],[17.23974,40.657],[17.24191,40.65885],[17.24647,40.65799],[17.2479,40.65824],[17.25092,40.65611],[17.25135,40.65571],[17.25054,40.65376],[17.25065,40.65152],[17.24968,40.64992],[17.24791,40.6492],[17.24794,40.6488],[17.24475,40.64868],[17.24204,40.6464],[17.24129,40.64413],[17.24385,40.64284],[17.24559,40.63967],[17.24547,40.63892],[17.24434,40.63762],[17.24343,40.63729],[17.23998,40.63718],[17.23993,40.63651],[17.24073,40.63579],[17.23759,40.63377],[17.2332,40.63508],[17.23217,40.63419],[17.22879,40.63426],[17.22788,40.63366],[17.226,40.63416],[17.22303,40.63766],[17.2222,40.63795],[17.21923,40.63713],[17.219,40.63783],[17.21838,40.63799],[17.218,40.63752],[17.21635,40.63777],[17.21488,40.63912],[17.21265,40.63994],[17.21146,40.6409],[17.2101,40.64076],[17.2089,40.63974],[17.20807,40.63952],[17.20463,40.64008],[17.20361,40.64121],[17.20134,40.64213],[17.20051,40.64302],[17.2007,40.6446],[17.20033,40.64504],[17.1985,40.64564],[17.19527,40.64878],[17.19609,40.65006],[17.19555,40.65107],[17.19339,40.64845],[17.19273,40.64865],[17.19047,40.65087],[17.19089,40.65263],[17.19005,40.65389],[17.18926,40.65412],[17.188,40.65389],[17.1866,40.65277],[17.185,40.65375],[17.1858,40.6549],[17.18605,40.65646],[17.18437,40.6587],[17.18251,40.66016],[17.1817,40.65967],[17.18167,40.66081],[17.18037,40.66116],[17.18097,40.66254],[17.18356,40.66403],[17.18371,40.66531],[17.18229,40.66547],[17.18189,40.6661],[17.18224,40.6665],[17.1811,40.66685],[17.18081,40.67019],[17.18169,40.67061],[17.18149,40.67103],[17.18334,40.67159],[17.18393,40.67247],[17.18549,40.67303],[17.18549,40.67277],[17.18623,40.67293],[17.18654,40.67358],[17.18717,40.67338],[17.18757,40.67375],[17.18807,40.67349],[17.18891,40.67401],[17.19073,40.67426],[17.19058,40.67469],[17.19095,40.67484],[17.19192,40.6735],[17.19116,40.67229],[17.18984,40.67175],[17.18787,40.67157],[17.18711,40.67085],[17.18626,40.67115],[17.18423,40.67019],[17.18623,40.66884],[17.18512,40.66762],[17.18574,40.66716],[17.18811,40.66636],[17.19396,40.66312],[17.19447,40.66309],[17.19539,40.66415],[17.19741,40.66377],[17.19738,40.6628],[17.20209,40.66387],[17.20271,40.66328],[17.20378,40.66356],[17.20435,40.66434],[17.20677,40.66379],[17.20732,40.66298],[17.2079,40.66283],[17.20886,40.66344],[17.20823,40.66378],[17.20896,40.66462],[17.20971,40.66453]]]}},{"type":"Feature","properties":{"nome":"Sfilzi","tipo":"Riserva Naturale Statale Integrale e Biogenetica","codice":"EUAP0111","ettari":55,"settori":["FG_01"]},"geometry":{"type":"Polygon","coordinates":[[[16.03166,41.86085],[16.03035,41.85852],[16.02797,41.85726],[16.02771,41.8561],[16.02683,41.85695],[16.02386,41.85676],[16.02617,41.85654],[16.02661,41.85614],[16.02597,41.85642],[16.02439,41.85634],[16.02352,41.85542],[16.02282,41.85577],[16.02153,41.8552],[16.02062,41.85392],[16.02093,41.85303],[16.02013,41.8531],[16.01946,41.85264],[16.01847,41.85302],[16.01828,41.85276],[16.01678,41.85299],[16.0169,41.85265],[16.01601,41.85249],[16.0142,41.8527],[16.01179,41.85234],[16.01325,41.85372],[16.01634,41.8553],[16.01888,41.85804],[16.02323,41.86002],[16.02426,41.86012],[16.02566,41.85959],[16.02785,41.86006],[16.02861,41.85974],[16.03076,41.8601],[16.03166,41.86085]]]}},{"type":"Feature","properties":{"nome":"Isola di S.Andrea e litorale di punta Pizzo","tipo":"Parco Naturale Regionale","codice":"EUAP1191","ettari":698,"settori":["LE_02"]},"geometry":{"type":"MultiPolygon","coordinates":[[[[17.95147,40.05182],[17.95002,40.05168],[17.94971,40.05261],[17.95147,40.05182]]],[[[17.94839,40.04509],[17.94632,40.04543],[17.94508,40.04618],[17.94492,40.04702],[17.94524,40.04907],[17.94884,40.05324],[17.94968,40.05242],[17.94899,40.05233],[17.94867,40.05156],[17.9492,40.05083],[17.94971,40.05068],[17.94972,40.05135],[17.95171,40.05112],[17.95153,40.05177],[17.95591,40.05062],[17.95211,40.04626],[17.94839,40.04509]]],[[[18.02319,40.00418],[18.02287,40.00198],[18.02504,39.9995],[18.03008,39.99613],[18.03015,39.99567],[18.02719,39.99464],[18.02408,39.99462],[18.0226,39.99253],[18.02229,39.99117],[18.02144,39.99033],[18.02212,39.98853],[18.02116,39.9878],[18.0203,39.98749],[18.01746,39.98764],[18.01266,39.98531],[18.01237,39.98549],[18.00912,39.98431],[18.00748,39.98311],[18.0052,39.98278],[18.0045,39.98323],[18.00446,39.98412],[18.00225,39.98549],[17.99901,39.98983],[17.99774,39.9909],[17.99721,39.9925],[17.99511,39.99452],[17.99324,40.00026],[17.99506,39.99973],[17.9967,39.99827],[18.00212,39.9967],[18.0052,39.99649],[18.0052,39.9954],[18.00558,39.99532],[18.00836,39.99621],[18.01083,39.99794],[18.0105,39.99826],[18.01256,40.00038],[18.01265,40.001],[18.01322,40.00095],[18.01357,40.00144],[18.01353,40.00287],[18.01396,40.00251],[18.01535,40.00318],[18.01577,40.0038],[18.01549,40.00493],[18.01623,40.00495],[18.01771,40.00673],[18.01849,40.00949],[18.01939,40.01078],[18.02001,40.01473],[18.02073,40.01534],[18.02263,40.01519],[18.02272,40.01749],[18.02144,40.02382],[18.02113,40.02434],[18.01952,40.0244],[18.01964,40.02524],[18.02564,40.0296],[18.02878,40.02956],[18.02995,40.03025],[18.03106,40.03032],[18.02941,40.03185],[18.03249,40.03267],[18.0366,40.0319],[18.03642,40.02988],[18.03719,40.02714],[18.03519,40.0266],[18.04485,40.01767],[18.04017,40.01578],[18.03746,40.01508],[18.03547,40.01639],[18.03375,40.0168],[18.03365,40.01757],[18.03245,40.01897],[18.02644,40.01775],[18.02736,40.01504],[18.02534,40.01456],[18.02567,40.01279],[18.02262,40.01292],[18.02319,40.00418]],[[18.01939,40.00521],[18.01991,40.0052],[18.02,40.00632],[18.02124,40.00667],[18.01969,40.00651],[18.01917,40.00607],[18.01939,40.00521]],[[18.00816,39.99333],[18.00761,39.99428],[18.00641,39.99427],[18.00661,39.99402],[18.00816,39.99333]],[[18.00274,39.99414],[18.0032,39.99447],[18.00275,39.99503],[18.00156,39.99511],[18.00153,39.99458],[18.00253,39.99449],[18.00274,39.99414]]]]}},{"type":"Feature","properties":{"nome":"Isola di Varano","tipo":"Riserva Naturale Statale Integrale","codice":"EUAP0101","ettari":159,"settori":["FG_01"]},"geometry":{"type":"MultiPolygon","coordinates":[[[[15.68932,41.91415],[15.69959,41.914],[15.70007,41.91092],[15.68962,41.91023],[15.68932,41.91415]]],[[[15.78197,41.91818],[15.78248,41.91611],[15.71721,41.91201],[15.71718,41.91437],[15.75702,41.91647],[15.77152,41.9177],[15.78197,41.91818]]]]}},{"type":"Feature","properties":{"nome":"Laghi di Conversano e Gravina di Monsignore","tipo":"Riserva Naturale Regionale Orientata","codice":"EUAP1190","ettari":348,"settori":["BA_01"]},"geometry":{"type":"MultiPolygon","coordinates":[[[[17.16414,40.93848],[17.16686,40.93785],[17.16703,40.93814],[17.16747,40.93799],[17.16637,40.93634],[17.16503,40.93655],[17.16454,40.93432],[17.1613,40.93604],[17.16225,40.9377],[17.16173,40.93785],[17.16198,40.93839],[17.1641,40.93807],[17.16414,40.93848]]],[[[17.14943,40.95631],[17.15299,40.95547],[17.15405,40.95445],[17.15339,40.95383],[17.15408,40.95341],[17.1526,40.95221],[17.1521,40.95304],[17.15133,40.9534],[17.1501,40.95345],[17.14995,40.95267],[17.14901,40.95284],[17.14878,40.95397],[17.14695,40.95335],[17.14498,40.95356],[17.14595,40.95483],[17.14632,40.95441],[17.14817,40.95489],[17.14943,40.95631]]],[[[17.09688,40.97085],[17.0985,40.97077],[17.09878,40.96927],[17.09957,40.96914],[17.09892,40.9689],[17.09961,40.9682],[17.09955,40.96744],[17.09776,40.96729],[17.0958,40.96763],[17.0958,40.96828],[17.09428,40.96771],[17.09397,40.96858],[17.09494,40.9687],[17.09536,40.96965],[17.0959,40.96944],[17.09688,40.97085]]],[[[17.07385,40.97186],[17.07784,40.97168],[17.07794,40.96985],[17.07588,40.96961],[17.0758,40.96914],[17.07268,40.96869],[17.07173,40.97066],[17.07249,40.97052],[17.07188,40.97159],[17.07276,40.97143],[17.07385,40.97186]]],[[[17.13553,40.97813],[17.13476,40.97697],[17.13187,40.97784],[17.13244,40.97887],[17.13077,40.97929],[17.13107,40.98016],[17.13157,40.98017],[17.13135,40.98141],[17.13224,40.98175],[17.13173,40.98247],[17.13238,40.98273],[17.13326,40.98169],[17.13501,40.9811],[17.13451,40.98042],[17.13571,40.97947],[17.13451,40.97889],[17.13553,40.97813]]],[[[17.10586,40.98832],[17.10637,40.9883],[17.1061,40.98713],[17.10839,40.98656],[17.10852,40.98583],[17.10926,40.98578],[17.10857,40.98455],[17.10528,40.9849],[17.10471,40.98593],[17.10323,40.9864],[17.10397,40.98798],[17.10536,40.98774],[17.10586,40.98832]]],[[[17.1335,40.99378],[17.13319,40.99303],[17.13268,40.99311],[17.13164,40.99047],[17.12927,40.99069],[17.12985,40.99229],[17.12846,40.99277],[17.12877,40.99345],[17.13043,40.99306],[17.13066,40.99376],[17.13155,40.99352],[17.13213,40.99436],[17.1335,40.99378]]],[[[17.10626,41.00243],[17.10586,41.00091],[17.10445,41.00118],[17.10386,41.00264],[17.10626,41.00243]]],[[[17.12768,41.01344],[17.12828,41.0113],[17.12747,41.00948],[17.12845,41.00788],[17.12823,41.00442],[17.12855,41.00425],[17.12766,41.00346],[17.12725,41.00216],[17.12172,41.0025],[17.11975,41.00168],[17.11172,41.00218],[17.11393,41.00505],[17.11332,41.00623],[17.11425,41.00909],[17.11563,41.00989],[17.11645,41.00964],[17.11702,41.00994],[17.11692,41.01028],[17.11914,41.01164],[17.11991,41.01274],[17.11954,41.01313],[17.12348,41.01313],[17.125,41.01355],[17.12768,41.01344]]],[[[17.1266,40.92783],[17.13111,40.9282],[17.13149,40.92648],[17.13052,40.92659],[17.12949,40.92396],[17.13148,40.92305],[17.13226,40.92109],[17.13172,40.92126],[17.12943,40.91986],[17.12973,40.9187],[17.13027,40.91831],[17.12725,40.91661],[17.12778,40.91593],[17.12615,40.91498],[17.12452,40.91544],[17.12295,40.91689],[17.12116,40.91774],[17.12036,40.91958],[17.12023,40.92389],[17.12097,40.92552],[17.12219,40.92609],[17.12334,40.92904],[17.1266,40.92783]]],[[[17.08229,40.93698],[17.08218,40.93483],[17.08308,40.93466],[17.08259,40.93425],[17.08252,40.9326],[17.08285,40.9324],[17.08216,40.93049],[17.08133,40.93052],[17.08147,40.9311],[17.08105,40.93144],[17.07985,40.93159],[17.07954,40.93556],[17.07887,40.93569],[17.07963,40.9371],[17.08078,40.93724],[17.08229,40.93698]]]]}},{"type":"Feature","properties":{"nome":"Litorale di Ugento","tipo":"Parco Naturale Regionale","codice":"EUAP1194","ettari":1635,"settori":["LE_02"]},"geometry":{"type":"MultiPolygon","coordinates":[[[[18.09604,39.89516],[18.09671,39.89504],[18.09665,39.89417],[18.09601,39.89456],[18.09604,39.89516]]],[[[18.17364,39.89368],[18.17543,39.89188],[18.16891,39.88756],[18.16847,39.88627],[18.16718,39.8859],[18.16544,39.88966],[18.16421,39.88926],[18.16165,39.88666],[18.16054,39.88672],[18.15571,39.88288],[18.15336,39.88256],[18.15365,39.88206],[18.15918,39.87953],[18.16068,39.87799],[18.16351,39.87775],[18.16439,39.87799],[18.16422,39.87744],[18.16599,39.87636],[18.16679,39.87631],[18.16703,39.8757],[18.16822,39.87506],[18.16798,39.87484],[18.16998,39.87349],[18.1695,39.87307],[18.1707,39.87243],[18.17182,39.87325],[18.17261,39.87274],[18.1756,39.87512],[18.1762,39.87484],[18.17526,39.87397],[18.17888,39.87295],[18.17957,39.87364],[18.17703,39.87646],[18.18246,39.87987],[18.18746,39.87413],[18.18823,39.87414],[18.18843,39.87343],[18.18999,39.87263],[18.19202,39.87391],[18.19207,39.87428],[18.19357,39.87336],[18.1953,39.87408],[18.19583,39.8735],[18.19751,39.87447],[18.19921,39.87632],[18.20141,39.8764],[18.20549,39.87563],[18.20681,39.87499],[18.20946,39.87498],[18.20948,39.87333],[18.20792,39.87124],[18.20665,39.87067],[18.20662,39.87027],[18.20829,39.86939],[18.20819,39.86884],[18.2054,39.86729],[18.20324,39.86666],[18.20143,39.86484],[18.2002,39.86536],[18.19889,39.86358],[18.19983,39.86332],[18.19946,39.86299],[18.20112,39.86163],[18.20111,39.86133],[18.19931,39.86048],[18.20033,39.85995],[18.20118,39.86028],[18.20122,39.85909],[18.2005,39.85741],[18.1915,39.8537],[18.18979,39.8551],[18.18835,39.85437],[18.18913,39.85366],[18.18817,39.85321],[18.17486,39.86069],[18.17219,39.85832],[18.17876,39.853],[18.17686,39.85158],[18.17537,39.85142],[18.17551,39.85082],[18.17197,39.85074],[18.17149,39.85044],[18.17152,39.8498],[18.17047,39.8506],[18.17113,39.85112],[18.17109,39.85157],[18.17048,39.85217],[18.16931,39.85242],[18.16863,39.8533],[18.16838,39.85518],[18.16763,39.8552],[18.16642,39.85659],[18.16457,39.8567],[18.16636,39.85736],[18.16602,39.85771],[18.16646,39.85801],[18.16574,39.85831],[18.16471,39.85959],[18.16436,39.8595],[18.16412,39.86016],[18.16484,39.86072],[18.16374,39.86199],[18.16475,39.863],[18.16666,39.86308],[18.16819,39.86429],[18.16622,39.86533],[18.16225,39.86262],[18.15906,39.86305],[18.15831,39.85983],[18.15112,39.86138],[18.14746,39.86275],[18.14199,39.86844],[18.13299,39.87558],[18.12324,39.88204],[18.11928,39.88551],[18.11816,39.886],[18.11855,39.88635],[18.11625,39.88696],[18.11559,39.88674],[18.11508,39.88751],[18.11677,39.8876],[18.11711,39.88808],[18.11765,39.88791],[18.11789,39.88853],[18.11681,39.88966],[18.11533,39.89048],[18.11094,39.88926],[18.11482,39.8907],[18.1161,39.89042],[18.11807,39.89123],[18.11855,39.89067],[18.11957,39.8912],[18.11975,39.89089],[18.11924,39.89068],[18.11964,39.89011],[18.12018,39.89034],[18.1222,39.88856],[18.12107,39.88796],[18.12074,39.8883],[18.11987,39.88791],[18.11934,39.88823],[18.1188,39.88785],[18.11934,39.88752],[18.11893,39.88708],[18.11921,39.88663],[18.12075,39.8858],[18.12291,39.8863],[18.12332,39.88662],[18.12296,39.88687],[18.1264,39.88854],[18.12812,39.88894],[18.12902,39.88817],[18.12957,39.88862],[18.13397,39.88676],[18.13447,39.88711],[18.14774,39.87754],[18.151,39.8758],[18.15171,39.87645],[18.14935,39.87809],[18.15037,39.87896],[18.14704,39.88122],[18.14778,39.88196],[18.14627,39.88423],[18.14261,39.88695],[18.14063,39.89118],[18.14029,39.89527],[18.1427,39.89606],[18.14238,39.89716],[18.14389,39.89684],[18.14501,39.89766],[18.14548,39.8972],[18.14656,39.89786],[18.14933,39.89656],[18.15229,39.89459],[18.15183,39.8942],[18.15536,39.89227],[18.15656,39.89442],[18.15919,39.89276],[18.16133,39.89433],[18.16197,39.89388],[18.16285,39.89404],[18.16335,39.89471],[18.16638,39.89517],[18.16821,39.89584],[18.17008,39.89728],[18.1724,39.89434],[18.17364,39.89368]]],[[[18.08993,39.89981],[18.09264,39.89968],[18.09466,39.89898],[18.09987,39.89625],[18.10038,39.89508],[18.09952,39.89581],[18.09779,39.89632],[18.09482,39.89844],[18.0942,39.89842],[18.09269,39.89929],[18.09191,39.89902],[18.09143,39.89925],[18.09025,39.8985],[18.08948,39.89968],[18.08775,39.89915],[18.08597,39.90065],[18.08656,39.90117],[18.08993,39.89981]]]]}},{"type":"Feature","properties":{"nome":"Monte Barone","tipo":"Riserva Naturale Statale Biogenetica","codice":"EUAP0107","ettari":123,"settori":["FG_03"]},"geometry":{"type":"MultiPolygon","coordinates":[[[[16.14258,41.74978],[16.14345,41.74879],[16.14563,41.74843],[16.14571,41.74809],[16.14364,41.74851],[16.1426,41.74967],[16.14239,41.74975],[16.1421,41.74959],[16.14176,41.74967],[16.14258,41.74978]]],[[[16.13874,41.7502],[16.1404,41.7491],[16.1424,41.74887],[16.14422,41.7478],[16.14366,41.74739],[16.14205,41.74755],[16.14033,41.74703],[16.1381,41.74717],[16.13747,41.74751],[16.13793,41.7476],[16.13783,41.7487],[16.13887,41.75106],[16.13874,41.7502]]],[[[16.12438,41.74819],[16.1254,41.74763],[16.12476,41.74863],[16.12614,41.74812],[16.12822,41.74816],[16.13012,41.74747],[16.1327,41.74711],[16.13366,41.74654],[16.13579,41.74694],[16.1353,41.74665],[16.13781,41.74663],[16.13761,41.74516],[16.13962,41.74631],[16.14061,41.74596],[16.14301,41.74622],[16.14412,41.74533],[16.14444,41.74559],[16.14405,41.7459],[16.142,41.74664],[16.14293,41.7465],[16.14466,41.74561],[16.14346,41.7431],[16.14459,41.74272],[16.14421,41.7424],[16.14277,41.74265],[16.14219,41.74243],[16.14125,41.74184],[16.14139,41.74132],[16.14066,41.74103],[16.13996,41.741],[16.13933,41.74163],[16.13854,41.7417],[16.13633,41.74072],[16.13607,41.74026],[16.13404,41.74014],[16.13363,41.7392],[16.1327,41.73955],[16.13043,41.73954],[16.12897,41.73811],[16.12802,41.73878],[16.12616,41.73901],[16.12423,41.73862],[16.12314,41.73918],[16.12184,41.73906],[16.12026,41.7378],[16.12007,41.73707],[16.11973,41.73797],[16.12029,41.73877],[16.12199,41.73945],[16.12326,41.73941],[16.12476,41.73874],[16.12447,41.73983],[16.12498,41.74113],[16.12599,41.74077],[16.12655,41.74099],[16.12739,41.74208],[16.12621,41.74191],[16.12555,41.74303],[16.12633,41.74416],[16.12718,41.74412],[16.1272,41.74469],[16.12407,41.74462],[16.12287,41.74356],[16.12326,41.74225],[16.12225,41.74301],[16.11961,41.7398],[16.11933,41.73886],[16.11833,41.73899],[16.11836,41.74012],[16.11915,41.74037],[16.11919,41.74115],[16.12034,41.7424],[16.12109,41.74271],[16.1216,41.74358],[16.12413,41.74478],[16.12436,41.74534],[16.12218,41.75168],[16.12474,41.74866],[16.12438,41.74819]],[[16.13357,41.74601],[16.13248,41.74508],[16.13238,41.74451],[16.13293,41.74423],[16.13463,41.74474],[16.13457,41.74643],[16.13338,41.74645],[16.13261,41.74707],[16.1324,41.74674],[16.13357,41.74601]],[[16.12691,41.74513],[16.12673,41.74534],[16.12573,41.7455],[16.12626,41.74508],[16.12691,41.74513]],[[16.13092,41.74247],[16.13166,41.74154],[16.13259,41.74123],[16.13518,41.74186],[16.13474,41.74216],[16.13485,41.74315],[16.13256,41.7435],[16.13092,41.74247]],[[16.13607,41.74161],[16.13871,41.74264],[16.13857,41.74309],[16.13562,41.74259],[16.13607,41.74161]],[[16.12886,41.74118],[16.12841,41.74084],[16.12768,41.74111],[16.12698,41.74076],[16.1278,41.74026],[16.12813,41.74046],[16.12823,41.7393],[16.12868,41.7389],[16.12977,41.73999],[16.12992,41.74094],[16.12886,41.74118]]]]}},{"type":"Feature","properties":{"nome":"Palude del conte e duna costiera - Porto Cesareo","tipo":"Riserva Naturale Regionale Orientata","codice":"EUAP1132","ettari":898,"settori":["LE_01"]},"geometry":{"type":"MultiPolygon","coordinates":[[[[17.88403,40.26045],[17.88404,40.25975],[17.88579,40.258],[17.88535,40.25754],[17.88641,40.25722],[17.88675,40.25769],[17.88625,40.25737],[17.88614,40.2578],[17.88669,40.25788],[17.88653,40.25829],[17.88741,40.25818],[17.88753,40.25686],[17.88696,40.25701],[17.8857,40.25657],[17.88677,40.2556],[17.88822,40.25511],[17.88818,40.25461],[17.88459,40.25572],[17.88321,40.25755],[17.88246,40.25782],[17.88271,40.25813],[17.8843,40.25755],[17.88489,40.25829],[17.88416,40.25883],[17.88314,40.2589],[17.8829,40.25977],[17.882,40.26005],[17.88155,40.26197],[17.88248,40.26184],[17.88403,40.26045]],[[17.88357,40.26082],[17.88358,40.26081],[17.88357,40.26081],[17.88357,40.26082]]],[[[17.88294,40.26232],[17.88331,40.26249],[17.8832,40.26213],[17.88294,40.26232]]],[[[17.87912,40.26833],[17.8791,40.26782],[17.87878,40.26772],[17.87885,40.26811],[17.87912,40.26833]]],[[[17.87327,40.26921],[17.87398,40.26977],[17.87424,40.26964],[17.87419,40.26915],[17.87327,40.26921]]],[[[17.86583,40.27119],[17.86581,40.27084],[17.86764,40.27054],[17.86778,40.27001],[17.86894,40.26948],[17.86893,40.26855],[17.8682,40.26897],[17.86682,40.26865],[17.86468,40.27042],[17.86422,40.27137],[17.86583,40.27119]]],[[[17.88079,40.28067],[17.88188,40.27896],[17.88128,40.27866],[17.88341,40.27647],[17.88524,40.27731],[17.88639,40.27629],[17.88853,40.2757],[17.88892,40.27515],[17.88635,40.27355],[17.88558,40.27405],[17.8829,40.27463],[17.88144,40.27554],[17.88154,40.27593],[17.87976,40.27739],[17.88071,40.27824],[17.87932,40.27985],[17.87387,40.28344],[17.87262,40.28204],[17.87198,40.2825],[17.87221,40.28539],[17.87351,40.28525],[17.87461,40.28441],[17.87533,40.28501],[17.87816,40.28324],[17.88079,40.28067]]],[[[17.81062,40.29663],[17.80887,40.29707],[17.80847,40.29622],[17.8095,40.29593],[17.80831,40.29371],[17.8147,40.29258],[17.81405,40.29093],[17.81297,40.29097],[17.814,40.28974],[17.81494,40.28971],[17.81515,40.29016],[17.81778,40.28992],[17.81923,40.28901],[17.82082,40.28861],[17.82135,40.29129],[17.82043,40.29152],[17.82054,40.29319],[17.82254,40.29278],[17.82262,40.29096],[17.82428,40.29056],[17.82402,40.28991],[17.82344,40.28986],[17.82545,40.28965],[17.82464,40.28876],[17.82448,40.28777],[17.82648,40.28731],[17.82752,40.28993],[17.82917,40.28958],[17.82822,40.28688],[17.82957,40.28658],[17.83058,40.28932],[17.83234,40.28897],[17.83216,40.28842],[17.83379,40.288],[17.83306,40.28581],[17.83732,40.28487],[17.83674,40.28298],[17.83902,40.28292],[17.84118,40.28221],[17.84137,40.28278],[17.84262,40.28275],[17.84331,40.28423],[17.84395,40.28371],[17.84309,40.28354],[17.84276,40.28267],[17.84351,40.2813],[17.8425,40.28088],[17.84239,40.28253],[17.84177,40.28254],[17.84145,40.28232],[17.84168,40.28054],[17.83994,40.28042],[17.83902,40.28098],[17.83905,40.2827],[17.83828,40.28192],[17.83688,40.28261],[17.83649,40.28218],[17.8367,40.28147],[17.83488,40.28241],[17.83399,40.28383],[17.83303,40.28384],[17.83273,40.28437],[17.83116,40.28429],[17.8306,40.28365],[17.82923,40.28391],[17.82852,40.2835],[17.82751,40.28403],[17.82733,40.285],[17.82666,40.28516],[17.82645,40.28445],[17.82582,40.28412],[17.82626,40.28443],[17.82592,40.28497],[17.82537,40.28473],[17.82323,40.2853],[17.82354,40.28614],[17.82276,40.28658],[17.82288,40.28706],[17.82204,40.28674],[17.82031,40.28759],[17.81993,40.28667],[17.81902,40.28686],[17.81954,40.28781],[17.81835,40.28802],[17.81699,40.28951],[17.81567,40.28964],[17.81386,40.28905],[17.81291,40.28979],[17.80903,40.29001],[17.80622,40.2899],[17.80533,40.2892],[17.80436,40.2894],[17.80283,40.28911],[17.80046,40.29012],[17.79892,40.28962],[17.79804,40.29006],[17.79676,40.28935],[17.79562,40.28988],[17.79475,40.2897],[17.79518,40.29061],[17.7938,40.29109],[17.79273,40.29274],[17.79213,40.29296],[17.78805,40.29323],[17.78755,40.29286],[17.78572,40.29352],[17.78278,40.29393],[17.77124,40.29483],[17.76886,40.29471],[17.7671,40.29423],[17.76685,40.29221],[17.76637,40.29168],[17.76536,40.29148],[17.7627,40.29198],[17.76261,40.29338],[17.7634,40.29334],[17.764,40.29389],[17.76334,40.29557],[17.76388,40.2958],[17.76846,40.30559],[17.76991,40.31049],[17.76747,40.3116],[17.77335,40.312],[17.7778,40.31126],[17.77909,40.31143],[17.78386,40.31043],[17.79129,40.31022],[17.79114,40.3098],[17.79805,40.30882],[17.79827,40.30998],[17.80063,40.31047],[17.80346,40.31374],[17.81692,40.30889],[17.81062,40.29663]],[[17.77068,40.29937],[17.76759,40.29672],[17.76755,40.29599],[17.76818,40.29597],[17.76782,40.2952],[17.77077,40.29523],[17.77121,40.29574],[17.77289,40.29542],[17.77295,40.29586],[17.77777,40.29553],[17.77772,40.29514],[17.7793,40.29496],[17.78221,40.29501],[17.78386,40.29432],[17.79059,40.29386],[17.79232,40.29335],[17.79413,40.2914],[17.79552,40.2909],[17.79706,40.29329],[17.80102,40.29217],[17.80111,40.29098],[17.80043,40.29095],[17.80051,40.29045],[17.80519,40.28953],[17.80534,40.29144],[17.80487,40.2922],[17.80388,40.29235],[17.80383,40.29205],[17.80319,40.29245],[17.80318,40.2922],[17.802,40.29248],[17.80364,40.29551],[17.80672,40.29467],[17.80636,40.2952],[17.80722,40.29694],[17.8047,40.29763],[17.80207,40.29749],[17.79967,40.29817],[17.79894,40.29679],[17.79555,40.2979],[17.79479,40.29601],[17.78968,40.297],[17.78984,40.29611],[17.78917,40.29554],[17.78706,40.29616],[17.78751,40.29748],[17.78079,40.29901],[17.78016,40.29858],[17.77858,40.29874],[17.77867,40.29918],[17.77792,40.29936],[17.77194,40.30024],[17.77172,40.29931],[17.77068,40.29937]],[[17.76685,40.29597],[17.76405,40.29552],[17.76423,40.29441],[17.76547,40.29438],[17.76537,40.29322],[17.76485,40.29323],[17.76448,40.29223],[17.76621,40.29261],[17.76588,40.29382],[17.76679,40.29379],[17.76707,40.2946],[17.76761,40.29477],[17.76756,40.29579],[17.76685,40.29597]]],[[[17.79932,40.3211],[17.80084,40.32182],[17.80349,40.3215],[17.80534,40.31865],[17.8082,40.31557],[17.8065,40.31473],[17.80445,40.31499],[17.80526,40.31649],[17.80353,40.31715],[17.8028,40.31855],[17.7965,40.32066],[17.79547,40.32077],[17.79436,40.32021],[17.7944,40.32305],[17.79572,40.32309],[17.79637,40.32269],[17.79705,40.32355],[17.79784,40.32371],[17.798,40.32194],[17.79932,40.3211]]],[[[17.90857,40.23633],[17.90869,40.23666],[17.90871,40.23636],[17.90857,40.23633]]],[[[17.90844,40.23693],[17.90869,40.23746],[17.90925,40.23784],[17.90914,40.23683],[17.90844,40.23693]]],[[[17.89826,40.24995],[17.89812,40.24943],[17.90023,40.24878],[17.89937,40.24782],[17.8996,40.24755],[17.90022,40.24756],[17.9025,40.24565],[17.90401,40.2452],[17.90439,40.24453],[17.90586,40.24453],[17.90627,40.24374],[17.90595,40.24313],[17.90756,40.24271],[17.90774,40.24086],[17.90795,40.24121],[17.91049,40.24158],[17.91058,40.24237],[17.91134,40.23985],[17.90991,40.23822],[17.90911,40.23837],[17.90785,40.2374],[17.90672,40.23782],[17.90478,40.23996],[17.90513,40.2423],[17.90402,40.24226],[17.90379,40.24285],[17.90307,40.2431],[17.90237,40.24246],[17.90093,40.24363],[17.89952,40.24555],[17.89829,40.24619],[17.89618,40.2484],[17.89524,40.25062],[17.89595,40.25078],[17.89786,40.24978],[17.89826,40.24995]]],[[[17.89452,40.25117],[17.89503,40.25157],[17.89469,40.25086],[17.89452,40.25117]]],[[[17.89042,40.25384],[17.89092,40.25292],[17.88962,40.25328],[17.88946,40.25366],[17.89042,40.25384]]],[[[17.88874,40.25554],[17.88867,40.25614],[17.88896,40.25604],[17.88874,40.25554]]],[[[17.88746,40.2593],[17.8876,40.2598],[17.88781,40.25957],[17.88746,40.2593]]],[[[17.88577,40.26349],[17.88573,40.26411],[17.88597,40.26349],[17.88577,40.26349]]]]}},{"type":"Feature","properties":{"nome":"Riserve del Litorale Tarantino Orientale","tipo":"Riserva Naturale Regionale Orientata","codice":"EUAP0577","ettari":1113,"settori":["TA_03"]},"geometry":{"type":"MultiPolygon","coordinates":[[[[17.77035,40.31059],[17.76375,40.29545],[17.76274,40.2968],[17.76073,40.29738],[17.75957,40.29676],[17.75945,40.2975],[17.75864,40.29773],[17.75692,40.29743],[17.75644,40.29702],[17.75649,40.29583],[17.75562,40.29469],[17.75479,40.29485],[17.75424,40.29545],[17.75029,40.29569],[17.74947,40.29569],[17.74799,40.29501],[17.74797,40.29584],[17.7493,40.2968],[17.74903,40.29764],[17.74839,40.29814],[17.74664,40.2979],[17.74493,40.30373],[17.74444,40.30411],[17.74358,40.30379],[17.74328,40.30067],[17.74182,40.30076],[17.74173,40.30001],[17.74115,40.30004],[17.74105,40.29868],[17.73948,40.29874],[17.73907,40.29913],[17.73938,40.29786],[17.73893,40.29789],[17.73881,40.29626],[17.73738,40.29766],[17.73603,40.29778],[17.73541,40.29915],[17.7323,40.30008],[17.72424,40.30038],[17.72167,40.30088],[17.7202,40.30053],[17.71809,40.30082],[17.71819,40.30121],[17.72403,40.30162],[17.72822,40.30413],[17.73007,40.30468],[17.74259,40.30381],[17.74305,40.30646],[17.74473,40.3063],[17.74493,40.30808],[17.74807,40.30881],[17.748,40.31147],[17.75006,40.31161],[17.75141,40.31094],[17.75298,40.31073],[17.75562,40.31117],[17.7599,40.31033],[17.7603,40.31106],[17.76496,40.31096],[17.76522,40.3129],[17.76763,40.31151],[17.77035,40.31059]]],[[[17.66514,40.34706],[17.66904,40.34496],[17.67008,40.34666],[17.67812,40.34329],[17.67795,40.34011],[17.68328,40.33827],[17.68998,40.33662],[17.69359,40.32964],[17.69129,40.32632],[17.68935,40.31872],[17.68652,40.31929],[17.68474,40.31424],[17.68511,40.31119],[17.68387,40.30792],[17.68626,40.30588],[17.68582,40.30403],[17.67935,40.3046],[17.68052,40.30985],[17.67756,40.31028],[17.6781,40.31559],[17.68186,40.3153],[17.68196,40.31951],[17.6763,40.32111],[17.67255,40.32122],[17.67195,40.32404],[17.66884,40.32577],[17.6668,40.32409],[17.66506,40.32516],[17.66439,40.32482],[17.66367,40.32497],[17.66182,40.32592],[17.66031,40.32819],[17.66083,40.33025],[17.65516,40.33554],[17.65415,40.33719],[17.6537,40.34071],[17.65661,40.34226],[17.6583,40.34232],[17.6607,40.3447],[17.66514,40.34706]]]]}},{"type":"Feature","properties":{"nome":"Salina di Punta della Contessa","tipo":"Parco Naturale Regionale","codice":"EUAP0580","ettari":1697,"settori":["BR_02"]},"geometry":{"type":"MultiPolygon","coordinates":[[[[18.01532,40.62792],[18.01847,40.62194],[18.02163,40.61807],[18.02394,40.61681],[18.02479,40.6158],[18.02541,40.61382],[18.02765,40.61249],[18.02866,40.6111],[18.03152,40.60902],[18.03131,40.60838],[18.0331,40.60657],[18.03523,40.60566],[18.04084,40.60115],[18.04272,40.60018],[18.04545,40.59748],[18.04471,40.59583],[18.04384,40.59527],[18.04282,40.5937],[18.04151,40.59083],[18.04164,40.58799],[18.04223,40.58754],[18.04131,40.58652],[18.04141,40.58473],[18.04244,40.58408],[18.04214,40.58322],[18.04258,40.58199],[18.0417,40.58126],[18.04137,40.58165],[18.04067,40.58164],[18.03545,40.57902],[18.0334,40.58191],[18.01415,40.57485],[18.0134,40.57422],[18.0132,40.57448],[18.00983,40.57324],[18.00192,40.58907],[17.9828,40.60308],[17.98259,40.60421],[17.98383,40.61237],[17.98637,40.61153],[17.98601,40.60848],[17.98989,40.60725],[17.98908,40.60471],[17.99452,40.60647],[17.996,40.60835],[17.99298,40.60937],[17.99369,40.61048],[18.00908,40.61092],[18.00996,40.61175],[18.00791,40.61246],[18.01049,40.6221],[18.00697,40.62267],[18.0076,40.62517],[18.00436,40.62544],[18.005,40.62882],[18.01425,40.63281],[18.01532,40.62792]]],[[[17.9873,40.63557],[17.98866,40.63264],[17.98669,40.632],[17.98645,40.63088],[17.987,40.62982],[17.98655,40.62969],[17.98815,40.62877],[17.9886,40.6279],[17.98754,40.62704],[17.98815,40.62635],[17.98759,40.62579],[17.9882,40.62462],[17.98678,40.62404],[17.98685,40.62351],[17.98838,40.62335],[17.98761,40.62306],[17.98729,40.62182],[17.98459,40.61814],[17.98434,40.61629],[17.98317,40.63397],[17.984,40.63419],[17.98368,40.63498],[17.98324,40.63489],[17.98266,40.63725],[17.98325,40.63866],[17.98286,40.64138],[17.98472,40.64228],[17.98749,40.6389],[17.98613,40.63621],[17.9873,40.63557]]]]}},{"type":"Feature","properties":{"nome":"Stornara","tipo":"Riserva Naturale Statale Biogenetica","codice":"EUAP0112","ettari":1536,"settori":["TA_01"]},"geometry":{"type":"MultiPolygon","coordinates":[[[[16.8663,40.40438],[16.86688,40.40382],[16.86633,40.4031],[16.86509,40.40365],[16.8663,40.40438]]],[[[16.9312,40.46133],[16.91611,40.44926],[16.90872,40.46197],[16.90978,40.46264],[16.91885,40.46534],[16.91767,40.46753],[16.92766,40.47323],[16.93023,40.4688],[16.93067,40.46224],[16.9312,40.46133]]],[[[16.96188,40.47923],[16.9502,40.47222],[16.94567,40.47618],[16.94205,40.48221],[16.9532,40.48788],[16.95517,40.48703],[16.96174,40.48202],[16.96008,40.48098],[16.96188,40.47923]]],[[[16.97346,40.49531],[16.97421,40.49524],[16.97449,40.49574],[16.97676,40.49534],[16.98087,40.49536],[16.98259,40.49512],[16.98164,40.4949],[16.98794,40.49443],[16.98808,40.49401],[16.98185,40.49014],[16.96908,40.48336],[16.96725,40.48506],[16.9629,40.48241],[16.96198,40.48303],[16.96262,40.48358],[16.95456,40.4895],[16.96353,40.49341],[16.96995,40.49722],[16.97346,40.49531]]],[[[16.95715,40.50864],[16.96386,40.5077],[16.96429,40.50689],[16.96328,40.50501],[16.96371,40.50428],[16.96294,40.50402],[16.96295,40.50454],[16.96195,40.50445],[16.96194,40.504],[16.95687,40.50381],[16.95715,40.50864]]],[[[17.01377,40.51325],[17.01505,40.51095],[17.01361,40.51172],[17.01467,40.51087],[17.01372,40.50816],[17.01378,40.50642],[17.01304,40.50516],[17.01368,40.50481],[17.00533,40.50107],[17.00485,40.50141],[17.00401,40.50047],[17.00369,40.50064],[16.98982,40.49497],[16.98762,40.49551],[16.98572,40.4955],[16.98482,40.49613],[16.97914,40.49627],[16.97715,40.49676],[16.97655,40.49652],[16.97302,40.4982],[16.97106,40.49984],[16.97228,40.50061],[16.97458,40.50338],[16.97574,40.50402],[16.97791,40.50427],[16.97823,40.50398],[16.97824,40.50427],[16.97953,40.50396],[16.98926,40.50697],[17.00114,40.50946],[17.00607,40.50966],[17.01105,40.51114],[17.01079,40.51144],[17.01166,40.51167],[17.01297,40.51367],[17.01377,40.51325]]],[[[17.05618,40.52361],[17.05868,40.51761],[17.05504,40.51627],[17.04633,40.51426],[17.04619,40.51467],[17.04483,40.51374],[17.05499,40.51615],[17.05531,40.51528],[17.04656,40.51349],[17.0332,40.50994],[17.0164,40.50465],[17.01597,40.50503],[17.01844,40.5059],[17.0149,40.50529],[17.01455,40.50646],[17.01493,40.50885],[17.01641,40.51239],[17.01933,40.51532],[17.02298,40.51713],[17.03046,40.51875],[17.03456,40.52014],[17.03763,40.52037],[17.04142,40.52148],[17.0448,40.52194],[17.04947,40.52192],[17.04994,40.52232],[17.0544,40.523],[17.05618,40.52361]],[[17.04425,40.51395],[17.03041,40.50946],[17.03019,40.50969],[17.02996,40.50927],[17.04475,40.51372],[17.04425,40.51395]],[[17.02715,40.50841],[17.02186,40.50685],[17.02409,40.50747],[17.02715,40.50841]]],[[[17.08524,40.52439],[17.08567,40.52099],[17.07494,40.52029],[17.06935,40.51953],[17.06707,40.52359],[17.08524,40.52439]]],[[[17.10314,40.52937],[17.10349,40.52804],[17.10443,40.5277],[17.10461,40.52632],[17.10152,40.52277],[17.10153,40.52228],[17.08712,40.52116],[17.08604,40.52132],[17.08597,40.52109],[17.08504,40.52637],[17.0879,40.52653],[17.09181,40.5261],[17.09694,40.52702],[17.10049,40.52849],[17.10205,40.52834],[17.09831,40.52671],[17.10306,40.52817],[17.10314,40.52937]]]]}},{"type":"Feature","properties":{"nome":"Terra delle Gravine","tipo":"Parco Naturale Regionale","codice":"EUAP0894","ettari":25287,"settori":["TA_01","TA_02","TA_03"]},"geometry":{"type":"MultiPolygon","coordinates":[[[[17.27613,40.55113],[17.27338,40.55228],[17.274,40.55312],[17.2764,40.55204],[17.27613,40.55113]]],[[[17.29622,40.648],[17.29793,40.64696],[17.29791,40.6461],[17.29688,40.64353],[17.29599,40.6428],[17.29743,40.64009],[17.29554,40.63995],[17.29457,40.63882],[17.29353,40.6384],[17.29086,40.63818],[17.29041,40.63712],[17.29053,40.63443],[17.2887,40.63241],[17.28838,40.63052],[17.28987,40.62989],[17.29171,40.62828],[17.29237,40.62818],[17.29559,40.62868],[17.29667,40.63026],[17.29782,40.6298],[17.29713,40.62953],[17.2963,40.62784],[17.29655,40.62651],[17.29721,40.62618],[17.29711,40.62272],[17.29764,40.62188],[17.29959,40.62139],[17.30007,40.62229],[17.30208,40.6215],[17.30286,40.6218],[17.30759,40.62021],[17.30975,40.61997],[17.31035,40.61977],[17.31043,40.61901],[17.31142,40.61858],[17.31105,40.61812],[17.31199,40.61827],[17.31243,40.61876],[17.31323,40.62125],[17.31317,40.62361],[17.31224,40.62526],[17.31299,40.6266],[17.311,40.62946],[17.31122,40.6303],[17.31055,40.63133],[17.31131,40.63241],[17.31092,40.63503],[17.30972,40.63504],[17.30959,40.63382],[17.30808,40.63291],[17.30757,40.63373],[17.31092,40.63712],[17.31115,40.63993],[17.31423,40.63977],[17.31457,40.63751],[17.3128,40.63735],[17.31219,40.63593],[17.31117,40.6355],[17.31165,40.63522],[17.31488,40.63551],[17.31585,40.6291],[17.31674,40.62642],[17.31878,40.62682],[17.31853,40.62788],[17.31886,40.62822],[17.31995,40.62775],[17.32051,40.62891],[17.32233,40.62806],[17.32277,40.62925],[17.32103,40.62978],[17.32161,40.63092],[17.32276,40.63017],[17.32486,40.63146],[17.32637,40.63137],[17.32811,40.63185],[17.32968,40.63174],[17.32966,40.6315],[17.33138,40.63176],[17.33616,40.63147],[17.33663,40.63405],[17.3368,40.63454],[17.33713,40.63448],[17.33763,40.63371],[17.33961,40.63248],[17.34208,40.63223],[17.3417,40.63054],[17.34286,40.62596],[17.34239,40.62322],[17.342,40.62292],[17.34724,40.62308],[17.34897,40.62366],[17.35014,40.61818],[17.35291,40.61782],[17.36257,40.61839],[17.36284,40.61917],[17.36405,40.61921],[17.36411,40.61964],[17.36528,40.6202],[17.36505,40.62124],[17.36624,40.62097],[17.36644,40.62145],[17.36722,40.62134],[17.36755,40.62167],[17.37005,40.6215],[17.38311,40.62494],[17.38398,40.62347],[17.38464,40.62358],[17.38534,40.62409],[17.38873,40.62458],[17.38983,40.62546],[17.3897,40.62498],[17.39043,40.62498],[17.39151,40.62587],[17.3924,40.62585],[17.39249,40.62356],[17.39404,40.62369],[17.39405,40.6231],[17.39475,40.62248],[17.39651,40.62386],[17.39892,40.6213],[17.3988,40.62071],[17.39979,40.62007],[17.40213,40.62019],[17.40391,40.61981],[17.40459,40.62013],[17.40475,40.61985],[17.40537,40.61998],[17.40629,40.62137],[17.40799,40.62181],[17.40887,40.62075],[17.41021,40.62126],[17.40954,40.62207],[17.41123,40.62271],[17.41191,40.62199],[17.41233,40.62234],[17.41446,40.62117],[17.41848,40.62009],[17.4185,40.61764],[17.41799,40.61616],[17.41917,40.6141],[17.41976,40.61184],[17.41809,40.60632],[17.41812,40.60489],[17.41934,40.60249],[17.42011,40.60216],[17.41836,40.60094],[17.41676,40.60057],[17.41689,40.59947],[17.41573,40.59948],[17.4172,40.59832],[17.41596,40.59783],[17.41624,40.59721],[17.41585,40.5972],[17.41513,40.5981],[17.41109,40.59918],[17.41094,40.59686],[17.4105,40.59673],[17.41131,40.59581],[17.41252,40.59582],[17.41231,40.59361],[17.41178,40.59366],[17.41152,40.59249],[17.41409,40.59156],[17.41407,40.59131],[17.40912,40.58677],[17.41599,40.5834],[17.41681,40.58199],[17.41927,40.58125],[17.42517,40.57505],[17.42966,40.57331],[17.42866,40.57174],[17.43039,40.57155],[17.42961,40.5708],[17.43117,40.56444],[17.43035,40.56307],[17.43173,40.56175],[17.43073,40.56009],[17.43193,40.55782],[17.43465,40.55543],[17.43565,40.55526],[17.43666,40.55402],[17.43763,40.5544],[17.43879,40.55414],[17.43903,40.55365],[17.43713,40.55257],[17.43698,40.55285],[17.43129,40.55048],[17.42979,40.55314],[17.42944,40.55299],[17.4276,40.55457],[17.42569,40.55399],[17.42536,40.55512],[17.42321,40.55447],[17.42358,40.55154],[17.42426,40.55035],[17.42395,40.55022],[17.42398,40.55017],[17.42426,40.55035],[17.42589,40.54855],[17.42857,40.54703],[17.42707,40.54551],[17.42709,40.5447],[17.42808,40.54426],[17.42785,40.5436],[17.42848,40.54292],[17.4301,40.54356],[17.42964,40.54147],[17.42843,40.53933],[17.42949,40.53902],[17.42906,40.53824],[17.43013,40.53784],[17.42923,40.53689],[17.43142,40.53427],[17.43242,40.53385],[17.43267,40.53261],[17.43428,40.53185],[17.4332,40.53119],[17.43382,40.53013],[17.43326,40.52982],[17.43346,40.5294],[17.43383,40.52943],[17.43778,40.5253],[17.44104,40.52679],[17.44011,40.52784],[17.4406,40.52806],[17.44012,40.52861],[17.44082,40.52894],[17.44195,40.52713],[17.44365,40.52799],[17.44422,40.52687],[17.44525,40.52603],[17.44601,40.52433],[17.44441,40.52372],[17.44507,40.52282],[17.44318,40.5222],[17.44376,40.5213],[17.44441,40.52165],[17.44468,40.52125],[17.44347,40.5207],[17.44366,40.52035],[17.44468,40.52041],[17.44534,40.51895],[17.44437,40.51755],[17.44482,40.51698],[17.44377,40.516],[17.44452,40.51602],[17.44468,40.51671],[17.44553,40.51626],[17.44486,40.51541],[17.44662,40.51549],[17.4464,40.51655],[17.44592,40.51674],[17.44762,40.51705],[17.44721,40.5183],[17.44781,40.51863],[17.44857,40.51741],[17.44929,40.51762],[17.44966,40.51728],[17.45019,40.51758],[17.45347,40.51225],[17.45599,40.50908],[17.45811,40.50751],[17.46664,40.51005],[17.46951,40.50563],[17.47024,40.5061],[17.47048,40.50734],[17.46987,40.50861],[17.47161,40.51009],[17.47773,40.50473],[17.47845,40.50044],[17.47538,40.49664],[17.47508,40.49537],[17.47184,40.49074],[17.47195,40.48947],[17.4678,40.48806],[17.4696,40.48593],[17.46951,40.4848],[17.47032,40.48401],[17.47106,40.48167],[17.47372,40.48208],[17.47549,40.48281],[17.47705,40.4803],[17.47909,40.48137],[17.48196,40.47712],[17.48445,40.47782],[17.48539,40.47705],[17.48619,40.47764],[17.48727,40.4768],[17.48543,40.47565],[17.48563,40.47508],[17.48786,40.47523],[17.48787,40.47477],[17.48406,40.47373],[17.48073,40.47211],[17.47793,40.47332],[17.47314,40.47722],[17.46752,40.47988],[17.46463,40.48243],[17.45701,40.49154],[17.45634,40.49384],[17.45436,40.49636],[17.45163,40.50118],[17.45109,40.50375],[17.44964,40.50507],[17.44758,40.50842],[17.44835,40.50851],[17.44902,40.50915],[17.44695,40.51048],[17.44607,40.50997],[17.44422,40.51086],[17.44333,40.51188],[17.44429,40.51242],[17.44385,40.51299],[17.44307,40.51313],[17.44278,40.51259],[17.43667,40.51897],[17.43641,40.52017],[17.4376,40.52066],[17.43703,40.52116],[17.4372,40.52095],[17.43649,40.52075],[17.43496,40.52192],[17.43455,40.52264],[17.43503,40.52269],[17.43229,40.52582],[17.43339,40.52685],[17.43326,40.52755],[17.43405,40.52761],[17.43198,40.53021],[17.4306,40.5302],[17.42987,40.53077],[17.42615,40.5354],[17.4267,40.53634],[17.42718,40.53643],[17.42642,40.53856],[17.42682,40.539],[17.42578,40.5399],[17.42363,40.53915],[17.42249,40.54032],[17.42095,40.54426],[17.41908,40.54722],[17.41542,40.55137],[17.41238,40.55345],[17.41092,40.55698],[17.40826,40.55821],[17.40769,40.55986],[17.40533,40.56129],[17.40609,40.5635],[17.40565,40.5648],[17.40624,40.56497],[17.40498,40.56745],[17.40579,40.56822],[17.40662,40.56818],[17.40844,40.56892],[17.4091,40.5695],[17.40875,40.5703],[17.4109,40.57081],[17.41066,40.57132],[17.4116,40.57115],[17.41176,40.57227],[17.41085,40.57311],[17.4106,40.57534],[17.4058,40.5751],[17.40588,40.57582],[17.40446,40.57886],[17.40078,40.58054],[17.40062,40.58263],[17.3993,40.583],[17.39883,40.58393],[17.39883,40.58565],[17.39603,40.58567],[17.39627,40.58733],[17.39538,40.58747],[17.39567,40.58904],[17.39639,40.58898],[17.39635,40.58934],[17.39795,40.58899],[17.39784,40.58969],[17.39635,40.58993],[17.39612,40.59054],[17.39251,40.59003],[17.39245,40.58408],[17.38838,40.58458],[17.38757,40.5854],[17.38581,40.58933],[17.38609,40.59175],[17.38516,40.59486],[17.38533,40.60133],[17.39204,40.59804],[17.39425,40.59764],[17.39592,40.59691],[17.39832,40.59468],[17.40008,40.59382],[17.39816,40.59497],[17.39977,40.59767],[17.39989,40.59827],[17.39916,40.59902],[17.40336,40.6022],[17.40266,40.6048],[17.39725,40.60353],[17.39686,40.6054],[17.3964,40.60512],[17.39291,40.60583],[17.39045,40.60557],[17.39093,40.60757],[17.39189,40.60858],[17.38547,40.6082],[17.38627,40.60977],[17.39028,40.60927],[17.39046,40.61],[17.39321,40.61003],[17.39365,40.60904],[17.39467,40.60882],[17.39349,40.60696],[17.39664,40.60722],[17.39841,40.60888],[17.40026,40.60895],[17.40014,40.60932],[17.4011,40.60954],[17.40238,40.60577],[17.40402,40.6064],[17.40521,40.60604],[17.4053,40.60569],[17.40611,40.60587],[17.40683,40.60799],[17.40853,40.61007],[17.40661,40.60975],[17.40496,40.61],[17.40474,40.6111],[17.40585,40.6116],[17.40269,40.61134],[17.40059,40.61175],[17.39913,40.6115],[17.39906,40.61098],[17.39843,40.61184],[17.39754,40.61208],[17.39733,40.6127],[17.3967,40.61196],[17.39471,40.61209],[17.39446,40.61155],[17.394,40.61156],[17.39384,40.61209],[17.39466,40.6129],[17.39435,40.61504],[17.39303,40.61456],[17.39276,40.6151],[17.39129,40.61581],[17.39038,40.61545],[17.38993,40.61476],[17.389,40.61483],[17.38938,40.6163],[17.39049,40.61714],[17.39117,40.61829],[17.39081,40.61921],[17.39016,40.61942],[17.38778,40.61793],[17.38737,40.61844],[17.38644,40.6183],[17.38591,40.61782],[17.38629,40.61747],[17.38461,40.61616],[17.38357,40.61585],[17.38114,40.61616],[17.379,40.61717],[17.3775,40.61678],[17.37644,40.61594],[17.37644,40.6136],[17.37684,40.61304],[17.37534,40.61095],[17.37472,40.61068],[17.37322,40.61082],[17.37147,40.6118],[17.37138,40.61095],[17.37011,40.61066],[17.36963,40.61189],[17.36746,40.6118],[17.366,40.61115],[17.36551,40.61151],[17.3645,40.61109],[17.36413,40.61022],[17.36318,40.60953],[17.36295,40.61015],[17.36089,40.61021],[17.35852,40.61141],[17.35652,40.61138],[17.35193,40.61209],[17.34887,40.61152],[17.34895,40.61012],[17.34694,40.60894],[17.34905,40.60786],[17.3457,40.60812],[17.34497,40.6083],[17.34487,40.60868],[17.34273,40.60906],[17.34246,40.60845],[17.34068,40.6082],[17.34035,40.60899],[17.33685,40.60953],[17.33687,40.61028],[17.33428,40.61067],[17.33403,40.6112],[17.33439,40.61197],[17.33333,40.61208],[17.33241,40.61432],[17.33164,40.6141],[17.33252,40.6127],[17.33185,40.61219],[17.32903,40.61175],[17.32877,40.61113],[17.32827,40.61108],[17.32877,40.61056],[17.32811,40.61027],[17.32691,40.61054],[17.32639,40.60978],[17.32294,40.60978],[17.32345,40.60729],[17.32245,40.60704],[17.32274,40.60678],[17.32239,40.60622],[17.32455,40.60531],[17.32567,40.60607],[17.32604,40.60691],[17.32679,40.60685],[17.32893,40.60557],[17.33086,40.60517],[17.33322,40.60399],[17.33855,40.60372],[17.33882,40.60163],[17.33992,40.60002],[17.34043,40.59824],[17.34109,40.59342],[17.34508,40.59374],[17.34687,40.59477],[17.35437,40.58714],[17.35257,40.58665],[17.35094,40.58688],[17.34731,40.58596],[17.34611,40.58617],[17.34454,40.58856],[17.34276,40.58796],[17.34292,40.58767],[17.34008,40.58725],[17.34137,40.58522],[17.3419,40.58536],[17.34256,40.58437],[17.34295,40.58444],[17.34257,40.58436],[17.34366,40.58438],[17.34415,40.58321],[17.34513,40.58271],[17.346,40.58333],[17.34679,40.58545],[17.34712,40.58536],[17.34746,40.58333],[17.34653,40.58317],[17.34606,40.5818],[17.344,40.58173],[17.34208,40.58266],[17.34058,40.58241],[17.34268,40.58198],[17.34386,40.58096],[17.34417,40.58015],[17.34578,40.57917],[17.3465,40.57918],[17.34629,40.57746],[17.34769,40.57764],[17.34769,40.5782],[17.34829,40.57803],[17.34832,40.57837],[17.34986,40.57857],[17.35034,40.57769],[17.3509,40.57776],[17.35154,40.57695],[17.3525,40.5779],[17.35344,40.57701],[17.35476,40.57688],[17.35515,40.57653],[17.35686,40.577],[17.35733,40.57617],[17.36098,40.57671],[17.36112,40.57586],[17.36167,40.57574],[17.36299,40.57639],[17.36382,40.57537],[17.36433,40.57427],[17.36409,40.57305],[17.36491,40.57121],[17.36504,40.56798],[17.36632,40.5672],[17.36624,40.56664],[17.36705,40.5666],[17.36809,40.56563],[17.36797,40.56498],[17.36634,40.56391],[17.36414,40.56383],[17.36341,40.56386],[17.36313,40.56436],[17.36041,40.56486],[17.36094,40.56292],[17.36206,40.56166],[17.36187,40.55972],[17.35934,40.55857],[17.35647,40.55787],[17.35551,40.55872],[17.3531,40.55967],[17.35282,40.56077],[17.35154,40.56117],[17.35131,40.56159],[17.35107,40.56263],[17.35186,40.56312],[17.35192,40.56465],[17.35358,40.56537],[17.35252,40.56619],[17.35232,40.5669],[17.35378,40.56776],[17.35391,40.56488],[17.35524,40.56457],[17.35722,40.56515],[17.35708,40.56557],[17.35774,40.56571],[17.35899,40.56522],[17.3613,40.56517],[17.36132,40.56615],[17.3624,40.56682],[17.36477,40.56692],[17.36417,40.56823],[17.36446,40.57142],[17.36338,40.57262],[17.36356,40.57473],[17.3628,40.57576],[17.36161,40.57505],[17.36113,40.57381],[17.35947,40.57329],[17.35942,40.57364],[17.35763,40.57153],[17.35688,40.57228],[17.35881,40.57365],[17.35847,40.57541],[17.35733,40.57617],[17.35722,40.57564],[17.35518,40.57518],[17.3552,40.57543],[17.35227,40.57628],[17.35125,40.57621],[17.34782,40.57421],[17.34689,40.57484],[17.34652,40.57571],[17.34185,40.57504],[17.34156,40.57755],[17.3408,40.5784],[17.33717,40.57862],[17.33577,40.57905],[17.3352,40.57994],[17.33324,40.58023],[17.33286,40.58168],[17.33119,40.58297],[17.33021,40.5832],[17.33068,40.58457],[17.33186,40.58442],[17.33251,40.58619],[17.33158,40.58732],[17.33101,40.58621],[17.32585,40.58947],[17.3263,40.59008],[17.32558,40.59034],[17.32521,40.59004],[17.32429,40.59067],[17.32464,40.59116],[17.32401,40.59144],[17.32355,40.591],[17.32223,40.59239],[17.32092,40.59284],[17.32059,40.59357],[17.32106,40.59429],[17.32095,40.59582],[17.31877,40.59535],[17.32063,40.59613],[17.32081,40.59693],[17.32149,40.59656],[17.3216,40.59772],[17.3202,40.59817],[17.31951,40.59817],[17.31896,40.59728],[17.31591,40.59627],[17.31548,40.59687],[17.31266,40.59702],[17.31217,40.59663],[17.31276,40.59651],[17.31211,40.59579],[17.31278,40.59482],[17.31065,40.59392],[17.30945,40.59549],[17.30896,40.59555],[17.30506,40.5948],[17.30204,40.59488],[17.30209,40.59401],[17.29943,40.59289],[17.29784,40.59399],[17.29747,40.5938],[17.29745,40.59202],[17.29558,40.59271],[17.2942,40.59464],[17.29495,40.59483],[17.29535,40.59602],[17.29181,40.59685],[17.2924,40.59758],[17.29613,40.59668],[17.29518,40.59724],[17.29508,40.59772],[17.2953,40.60005],[17.29499,40.60028],[17.29542,40.60077],[17.29579,40.6007],[17.29583,40.59991],[17.29544,40.5974],[17.2966,40.59664],[17.29792,40.59811],[17.29801,40.59767],[17.29961,40.5975],[17.30027,40.59827],[17.30154,40.5984],[17.30401,40.59778],[17.30501,40.59798],[17.30674,40.59875],[17.30675,40.59928],[17.30738,40.59931],[17.30673,40.60036],[17.30776,40.60066],[17.30895,40.59917],[17.3085,40.59833],[17.30954,40.59848],[17.30435,40.59681],[17.30181,40.59754],[17.30196,40.59695],[17.30297,40.59699],[17.30421,40.59594],[17.30503,40.59624],[17.30548,40.59698],[17.30741,40.59707],[17.30893,40.59782],[17.30923,40.5973],[17.3116,40.59802],[17.31196,40.5983],[17.31141,40.59868],[17.31222,40.59862],[17.31434,40.59986],[17.31645,40.59945],[17.31669,40.59998],[17.31695,40.59963],[17.31793,40.60102],[17.31949,40.60123],[17.32149,40.6007],[17.3195,40.60362],[17.31574,40.60515],[17.31738,40.60501],[17.3181,40.60696],[17.31914,40.6064],[17.31944,40.60785],[17.32006,40.6078],[17.31993,40.60887],[17.31865,40.61002],[17.31917,40.61077],[17.31464,40.61302],[17.31249,40.61353],[17.3122,40.614],[17.3131,40.61475],[17.30924,40.61365],[17.30961,40.61409],[17.31176,40.61469],[17.31108,40.61737],[17.31116,40.61597],[17.31054,40.61517],[17.30995,40.61518],[17.30929,40.61583],[17.3095,40.61742],[17.30866,40.61773],[17.30882,40.61584],[17.30741,40.61524],[17.30514,40.61577],[17.30492,40.61443],[17.3029,40.61194],[17.29846,40.61425],[17.2983,40.61173],[17.2869,40.61303],[17.28706,40.61513],[17.28883,40.61462],[17.29062,40.61612],[17.29069,40.61735],[17.28991,40.61755],[17.28982,40.61902],[17.28741,40.61963],[17.28743,40.62022],[17.28556,40.62081],[17.28763,40.62256],[17.28741,40.62342],[17.28811,40.62384],[17.28662,40.62446],[17.2871,40.62489],[17.28686,40.6253],[17.28603,40.6251],[17.28498,40.62666],[17.28037,40.62726],[17.27964,40.6268],[17.27971,40.62752],[17.27891,40.62765],[17.27866,40.62735],[17.27713,40.62813],[17.27689,40.62865],[17.27547,40.62906],[17.27613,40.63005],[17.27516,40.63142],[17.27716,40.63274],[17.28007,40.63189],[17.28076,40.63283],[17.28274,40.63189],[17.2844,40.6303],[17.28617,40.62946],[17.28655,40.62979],[17.28615,40.63068],[17.28685,40.63135],[17.28642,40.63198],[17.2802,40.63478],[17.27579,40.63506],[17.27367,40.63437],[17.27364,40.63593],[17.2773,40.63989],[17.27798,40.64249],[17.28082,40.64362],[17.2816,40.64648],[17.28098,40.64872],[17.28219,40.65057],[17.28414,40.65159],[17.28707,40.65458],[17.29224,40.65126],[17.29207,40.65012],[17.29245,40.64978],[17.29465,40.6485],[17.2957,40.64831],[17.29619,40.64857],[17.29622,40.648]],[[17.29618,40.62669],[17.29618,40.62669],[17.29618,40.62669],[17.29618,40.62669]],[[17.29535,40.59603],[17.29508,40.59614],[17.29552,40.59594],[17.29535,40.59603]],[[17.32375,40.59249],[17.32375,40.59248],[17.32375,40.59249],[17.32375,40.59249]],[[17.32227,40.59238],[17.32227,40.59238],[17.32227,40.59238],[17.32227,40.59238]],[[17.42804,40.54651],[17.42804,40.54651],[17.42804,40.54651],[17.42804,40.54651]]],[[[17.47738,40.57802],[17.47789,40.57724],[17.47758,40.577],[17.4773,40.5772],[17.47607,40.57656],[17.4752,40.57709],[17.47631,40.57734],[17.47723,40.57984],[17.47738,40.57802]]],[[[16.73132,40.60167],[16.73027,40.6009],[16.73046,40.60004],[16.7315,40.59887],[16.7345,40.59977],[16.73493,40.59823],[16.73548,40.5983],[16.73497,40.59879],[16.73558,40.59846],[16.7356,40.59823],[16.73498,40.59812],[16.73548,40.59719],[16.73586,40.59709],[16.73574,40.59752],[16.73636,40.59757],[16.73614,40.59891],[16.73656,40.59933],[16.73776,40.59758],[16.73986,40.59719],[16.73925,40.59403],[16.7404,40.59372],[16.74007,40.59302],[16.74131,40.59281],[16.741,40.59243],[16.74138,40.59082],[16.74215,40.59055],[16.74134,40.58974],[16.74191,40.58904],[16.74318,40.58846],[16.74307,40.58759],[16.74183,40.58659],[16.74172,40.58567],[16.74064,40.58623],[16.73912,40.58588],[16.73853,40.58641],[16.7377,40.5862],[16.73672,40.58702],[16.73597,40.58653],[16.73657,40.58557],[16.7359,40.58575],[16.73647,40.58521],[16.73614,40.58521],[16.73456,40.58679],[16.73482,40.58707],[16.73422,40.58786],[16.73323,40.58777],[16.73295,40.58903],[16.73134,40.59009],[16.73201,40.59044],[16.73319,40.5892],[16.73354,40.58949],[16.733,40.59005],[16.7334,40.5905],[16.7344,40.58961],[16.73502,40.58996],[16.73455,40.59036],[16.73513,40.59072],[16.7349,40.59089],[16.73528,40.59112],[16.73579,40.59082],[16.73631,40.59158],[16.73681,40.59125],[16.73679,40.59191],[16.73637,40.59209],[16.73693,40.59256],[16.73613,40.5932],[16.73656,40.59361],[16.73611,40.59387],[16.73655,40.59408],[16.7363,40.59476],[16.73452,40.59617],[16.73293,40.59593],[16.7318,40.59694],[16.73008,40.59709],[16.72914,40.59869],[16.72664,40.6005],[16.72884,40.60169],[16.72678,40.60156],[16.72688,40.60177],[16.72707,40.60226],[16.72715,40.60245],[16.72723,40.60263],[16.7273,40.60282],[16.72907,40.60184],[16.73244,40.60371],[16.73132,40.60167]]],[[[16.80092,40.62418],[16.80329,40.62601],[16.80362,40.62711],[16.80708,40.6284],[16.80988,40.62896],[16.81044,40.62991],[16.81093,40.62966],[16.81233,40.63172],[16.81134,40.63145],[16.81146,40.63264],[16.8137,40.63384],[16.81435,40.63378],[16.81422,40.63469],[16.81502,40.63457],[16.81477,40.63421],[16.81513,40.63384],[16.81636,40.63401],[16.81652,40.63446],[16.82079,40.63616],[16.82179,40.63562],[16.82403,40.63281],[16.82587,40.63383],[16.82406,40.63467],[16.82496,40.63494],[16.82613,40.63474],[16.82482,40.63513],[16.82454,40.63585],[16.82823,40.63631],[16.82878,40.63622],[16.82749,40.63574],[16.82882,40.63535],[16.82948,40.63556],[16.82999,40.63462],[16.83006,40.63497],[16.83114,40.63522],[16.83078,40.6347],[16.83209,40.63395],[16.83273,40.63418],[16.83254,40.63448],[16.83488,40.63497],[16.83506,40.63431],[16.83815,40.6329],[16.83913,40.63346],[16.83764,40.63377],[16.83702,40.63487],[16.83832,40.63681],[16.84022,40.6357],[16.84106,40.63466],[16.83967,40.63473],[16.84178,40.63334],[16.84289,40.63306],[16.84365,40.63228],[16.84872,40.63154],[16.84959,40.63239],[16.85031,40.63211],[16.85194,40.6324],[16.85199,40.63195],[16.85327,40.63168],[16.85318,40.6312],[16.85382,40.63148],[16.85874,40.63006],[16.85832,40.63354],[16.85706,40.63396],[16.85713,40.63441],[16.85799,40.6343],[16.85837,40.63493],[16.85792,40.63498],[16.85803,40.63529],[16.85902,40.63523],[16.85857,40.63642],[16.85992,40.63592],[16.86019,40.6363],[16.86032,40.6357],[16.86505,40.63298],[16.86574,40.63178],[16.86612,40.63201],[16.86657,40.63164],[16.86901,40.63314],[16.87136,40.63101],[16.87302,40.63206],[16.87488,40.63031],[16.87636,40.63127],[16.87123,40.63626],[16.87007,40.63557],[16.86837,40.63711],[16.86799,40.63681],[16.86702,40.63819],[16.86363,40.63831],[16.8634,40.63995],[16.86378,40.63999],[16.86434,40.6428],[16.86955,40.64062],[16.86839,40.63915],[16.86969,40.63909],[16.87209,40.63773],[16.87348,40.63804],[16.8739,40.63872],[16.87459,40.63835],[16.87456,40.63794],[16.87565,40.63868],[16.87867,40.63776],[16.87931,40.63902],[16.87711,40.6414],[16.87759,40.64172],[16.87962,40.63953],[16.87934,40.63643],[16.88109,40.63418],[16.88213,40.63175],[16.8839,40.63248],[16.88654,40.63195],[16.88741,40.63299],[16.88802,40.63291],[16.889,40.63042],[16.88435,40.62958],[16.8845,40.62587],[16.88554,40.62454],[16.88748,40.62343],[16.8873,40.62297],[16.88952,40.62082],[16.8911,40.61752],[16.89564,40.61758],[16.89539,40.61848],[16.89603,40.61928],[16.89724,40.61931],[16.89762,40.61899],[16.89824,40.61948],[16.8985,40.61911],[16.89951,40.61938],[16.90018,40.61912],[16.9005,40.61968],[16.90155,40.61945],[16.90301,40.62154],[16.90587,40.6222],[16.90767,40.62396],[16.9072,40.62437],[16.90821,40.625],[16.90837,40.62466],[16.9093,40.62486],[16.90905,40.62534],[16.91199,40.62401],[16.91137,40.62214],[16.91035,40.62212],[16.90989,40.62277],[16.90849,40.62216],[16.90805,40.62152],[16.90889,40.62013],[16.90579,40.61982],[16.90595,40.61945],[16.90513,40.61875],[16.90554,40.61806],[16.90063,40.61652],[16.90081,40.61575],[16.89974,40.61561],[16.89915,40.61689],[16.89471,40.61518],[16.89281,40.61493],[16.89356,40.61409],[16.8949,40.61062],[16.8936,40.61114],[16.89375,40.61204],[16.89293,40.61355],[16.89369,40.61297],[16.89294,40.61443],[16.89197,40.614],[16.89188,40.61432],[16.89003,40.61394],[16.89052,40.61321],[16.88671,40.61246],[16.88688,40.61019],[16.88766,40.61063],[16.88838,40.61004],[16.88706,40.60934],[16.88779,40.60715],[16.89455,40.60761],[16.89486,40.6056],[16.89592,40.60472],[16.89362,40.60374],[16.89194,40.60539],[16.88861,40.60523],[16.88589,40.60677],[16.88544,40.60594],[16.88595,40.60522],[16.8852,40.60448],[16.88564,40.60417],[16.88465,40.60343],[16.88194,40.60443],[16.88302,40.60362],[16.88539,40.60278],[16.88612,40.60216],[16.88618,40.6012],[16.88706,40.60126],[16.88732,40.59887],[16.88906,40.59678],[16.88971,40.59509],[16.88851,40.59551],[16.88831,40.59356],[16.88443,40.59011],[16.88278,40.59087],[16.88282,40.59036],[16.88232,40.59024],[16.88104,40.59117],[16.87796,40.58935],[16.87521,40.58929],[16.87588,40.58636],[16.87474,40.58457],[16.87344,40.58461],[16.87262,40.58608],[16.87168,40.58571],[16.87067,40.58592],[16.86937,40.58502],[16.86813,40.58607],[16.86635,40.58618],[16.86612,40.58648],[16.86643,40.5852],[16.86538,40.58644],[16.86461,40.58526],[16.86634,40.58403],[16.86454,40.58334],[16.86465,40.58286],[16.86386,40.58189],[16.86409,40.58158],[16.8647,40.58182],[16.8642,40.58128],[16.86507,40.58078],[16.8679,40.58202],[16.86683,40.58364],[16.8667,40.58501],[16.86702,40.58436],[16.86721,40.58479],[16.8679,40.58457],[16.86763,40.58498],[16.86883,40.58462],[16.86855,40.58396],[16.86808,40.58412],[16.86768,40.58369],[16.86847,40.58244],[16.86892,40.58286],[16.86914,40.58257],[16.87303,40.58419],[16.87484,40.58425],[16.87468,40.58382],[16.87535,40.5842],[16.87568,40.58393],[16.87404,40.58337],[16.87351,40.58368],[16.87256,40.58334],[16.86959,40.58201],[16.86929,40.58145],[16.86513,40.57993],[16.86371,40.58111],[16.86263,40.58069],[16.86374,40.57995],[16.86317,40.57978],[16.86407,40.57851],[16.85982,40.57565],[16.85687,40.57619],[16.85601,40.57684],[16.85685,40.57707],[16.85493,40.57922],[16.85408,40.57962],[16.85446,40.57977],[16.85405,40.58117],[16.84994,40.58048],[16.85007,40.57998],[16.84868,40.58036],[16.84813,40.58095],[16.84728,40.57953],[16.84825,40.57898],[16.84606,40.57754],[16.84464,40.57849],[16.84318,40.57828],[16.84076,40.57643],[16.83964,40.57623],[16.8379,40.57735],[16.83677,40.57899],[16.83551,40.57935],[16.83556,40.58079],[16.83528,40.58082],[16.83519,40.57972],[16.83365,40.57879],[16.83334,40.57744],[16.83071,40.57637],[16.83129,40.57517],[16.82949,40.57491],[16.8298,40.57413],[16.82921,40.5742],[16.82846,40.57515],[16.82756,40.57641],[16.82745,40.57741],[16.82558,40.57805],[16.82767,40.57067],[16.82819,40.57018],[16.82837,40.57213],[16.82889,40.57256],[16.82948,40.57244],[16.82947,40.57284],[16.83001,40.573],[16.83011,40.57259],[16.82909,40.57188],[16.82905,40.57139],[16.82995,40.56972],[16.82963,40.56884],[16.83066,40.56785],[16.82877,40.56547],[16.82553,40.57057],[16.82513,40.5726],[16.82473,40.57289],[16.82187,40.57189],[16.82153,40.57224],[16.82415,40.57422],[16.82379,40.57445],[16.82479,40.57479],[16.82293,40.57628],[16.82249,40.57626],[16.82316,40.57521],[16.82281,40.57505],[16.82163,40.57662],[16.81828,40.57461],[16.81029,40.57234],[16.80761,40.57235],[16.80597,40.57087],[16.80238,40.57051],[16.80007,40.56896],[16.79725,40.56929],[16.7987,40.56986],[16.79644,40.56947],[16.79593,40.56997],[16.79516,40.57002],[16.79493,40.56964],[16.79462,40.5701],[16.7937,40.56988],[16.79188,40.57014],[16.79151,40.57058],[16.79208,40.56912],[16.79058,40.5692],[16.78968,40.57026],[16.78858,40.57003],[16.78661,40.5724],[16.78346,40.57198],[16.78434,40.57335],[16.78296,40.57447],[16.78246,40.57635],[16.78125,40.57622],[16.78098,40.57573],[16.78161,40.57346],[16.78115,40.57342],[16.78121,40.57273],[16.77937,40.57283],[16.77905,40.57327],[16.77966,40.57361],[16.77946,40.57401],[16.78051,40.57522],[16.77903,40.57701],[16.77837,40.57733],[16.77664,40.57705],[16.77552,40.5776],[16.77251,40.57721],[16.76867,40.57963],[16.77175,40.58305],[16.7695,40.58428],[16.77113,40.58628],[16.77151,40.58784],[16.77246,40.58889],[16.77242,40.58929],[16.77102,40.58932],[16.76949,40.59143],[16.76666,40.59371],[16.76712,40.59491],[16.76601,40.5952],[16.76731,40.59607],[16.76789,40.59549],[16.76836,40.59555],[16.76799,40.59707],[16.76158,40.59545],[16.75906,40.59431],[16.75986,40.59367],[16.75853,40.59386],[16.75793,40.59319],[16.75887,40.59256],[16.7589,40.59178],[16.75953,40.59177],[16.76069,40.5909],[16.76168,40.59093],[16.76188,40.59173],[16.76224,40.59173],[16.76136,40.58878],[16.76015,40.58763],[16.75819,40.58442],[16.75853,40.58433],[16.75925,40.58499],[16.76034,40.5846],[16.76137,40.58478],[16.76109,40.58768],[16.76287,40.58841],[16.76392,40.58832],[16.76391,40.58875],[16.76441,40.58887],[16.76556,40.58777],[16.76714,40.58875],[16.76718,40.58954],[16.76853,40.58927],[16.76824,40.58879],[16.7686,40.58838],[16.76818,40.58807],[16.76375,40.58588],[16.76592,40.58434],[16.76538,40.5837],[16.76772,40.58248],[16.76705,40.58159],[16.76716,40.58064],[16.77167,40.57746],[16.77412,40.5728],[16.77415,40.57147],[16.7747,40.57074],[16.77384,40.56966],[16.77198,40.57047],[16.7717,40.5713],[16.77087,40.57101],[16.77015,40.57017],[16.76997,40.57107],[16.7693,40.5713],[16.76812,40.57375],[16.76488,40.57415],[16.76591,40.57481],[16.76578,40.57538],[16.76435,40.57574],[16.76258,40.57563],[16.76186,40.57602],[16.76168,40.57779],[16.76271,40.57896],[16.76179,40.58109],[16.76315,40.58261],[16.76186,40.58366],[16.76096,40.58388],[16.76013,40.58342],[16.76018,40.58278],[16.75928,40.58236],[16.75764,40.58247],[16.75759,40.58292],[16.75606,40.58349],[16.75607,40.58426],[16.75537,40.58466],[16.7561,40.58504],[16.75636,40.58568],[16.75603,40.58619],[16.75697,40.587],[16.75672,40.58725],[16.7563,40.58684],[16.75566,40.58734],[16.75603,40.58821],[16.75687,40.5882],[16.75734,40.589],[16.7561,40.59051],[16.75499,40.59008],[16.75419,40.59084],[16.75506,40.59153],[16.75487,40.59203],[16.75326,40.59344],[16.75278,40.5933],[16.75249,40.59444],[16.75157,40.59546],[16.75071,40.59527],[16.75067,40.59593],[16.74964,40.5961],[16.74817,40.59559],[16.74694,40.59694],[16.74675,40.5975],[16.74713,40.5977],[16.74772,40.59701],[16.74943,40.59791],[16.74786,40.59895],[16.74817,40.59939],[16.74926,40.59959],[16.74829,40.60161],[16.74888,40.60166],[16.75072,40.60028],[16.7513,40.60024],[16.75061,40.60119],[16.75108,40.60111],[16.75156,40.60252],[16.75015,40.60223],[16.74702,40.60437],[16.74453,40.60535],[16.74727,40.60521],[16.74878,40.60559],[16.74917,40.60606],[16.74784,40.60626],[16.74711,40.60722],[16.74665,40.60726],[16.74695,40.60758],[16.74492,40.60864],[16.74062,40.61006],[16.74082,40.61054],[16.73985,40.61076],[16.74089,40.61338],[16.74358,40.61268],[16.74333,40.61203],[16.74447,40.61179],[16.7444,40.61151],[16.74743,40.61119],[16.74773,40.6136],[16.7444,40.61478],[16.74466,40.61552],[16.74208,40.61619],[16.74327,40.61893],[16.73748,40.62149],[16.73655,40.61961],[16.7353,40.6201],[16.73527,40.61905],[16.73395,40.61909],[16.73537,40.61722],[16.73316,40.61252],[16.7303,40.61373],[16.73098,40.61438],[16.73061,40.61508],[16.72981,40.6152],[16.72854,40.61479],[16.72895,40.61423],[16.72578,40.61376],[16.72541,40.61255],[16.72693,40.6112],[16.72464,40.60937],[16.724,40.60926],[16.72338,40.6101],[16.72241,40.60982],[16.72312,40.60866],[16.72235,40.60882],[16.72241,40.60775],[16.72305,40.60686],[16.72266,40.60634],[16.72313,40.60578],[16.72507,40.60665],[16.72548,40.60808],[16.7269,40.60792],[16.72773,40.60839],[16.72846,40.61071],[16.72948,40.61074],[16.73172,40.60957],[16.73088,40.60784],[16.72916,40.60748],[16.72678,40.60156],[16.72481,40.60203],[16.72359,40.60265],[16.72339,40.60367],[16.72133,40.6057],[16.71989,40.60789],[16.72317,40.61551],[16.72482,40.61606],[16.7242,40.6178],[16.72502,40.61945],[16.72452,40.62019],[16.72474,40.62059],[16.72081,40.6206],[16.71922,40.62096],[16.71845,40.62167],[16.71706,40.62166],[16.7165,40.61993],[16.71747,40.61764],[16.71617,40.61636],[16.71571,40.61699],[16.71312,40.61811],[16.71191,40.61975],[16.71316,40.62296],[16.71311,40.62532],[16.7105,40.62917],[16.7103,40.6302],[16.71534,40.6308],[16.71584,40.63049],[16.71876,40.62354],[16.71854,40.62274],[16.72104,40.62255],[16.72098,40.62314],[16.72253,40.6247],[16.72335,40.62837],[16.71943,40.62864],[16.72044,40.62888],[16.72024,40.62962],[16.71944,40.62966],[16.71919,40.63036],[16.718,40.63093],[16.71747,40.63197],[16.71658,40.63243],[16.7175,40.63297],[16.71562,40.63446],[16.71855,40.63971],[16.71889,40.6375],[16.71989,40.63734],[16.72005,40.63694],[16.71989,40.63552],[16.71933,40.63531],[16.71966,40.63421],[16.72185,40.63474],[16.72092,40.64008],[16.72315,40.6392],[16.723,40.63878],[16.72688,40.6378],[16.72708,40.63878],[16.72552,40.63933],[16.72516,40.64002],[16.72383,40.64051],[16.72478,40.64246],[16.72641,40.64186],[16.72981,40.63812],[16.73072,40.63798],[16.73096,40.63837],[16.73148,40.63816],[16.73243,40.6386],[16.73598,40.63797],[16.73609,40.63636],[16.73743,40.63613],[16.73716,40.63534],[16.73672,40.63437],[16.733,40.63389],[16.73222,40.63175],[16.73239,40.62926],[16.73583,40.629],[16.73696,40.62743],[16.73715,40.62598],[16.73792,40.62777],[16.73994,40.62761],[16.74123,40.62661],[16.74093,40.6262],[16.74388,40.62446],[16.74559,40.62458],[16.7452,40.62368],[16.74746,40.62329],[16.74704,40.62055],[16.74467,40.62091],[16.74554,40.6194],[16.74752,40.61905],[16.74736,40.61836],[16.74633,40.61832],[16.74668,40.61716],[16.74792,40.61698],[16.74776,40.61624],[16.74875,40.61606],[16.7486,40.61568],[16.74911,40.61559],[16.74899,40.61523],[16.74807,40.61531],[16.74897,40.61326],[16.74835,40.60744],[16.74925,40.60711],[16.75,40.6084],[16.75157,40.60874],[16.75517,40.61059],[16.76263,40.61279],[16.76722,40.61336],[16.76957,40.61408],[16.76954,40.61318],[16.76864,40.61175],[16.76834,40.60901],[16.76912,40.60675],[16.76908,40.60471],[16.76966,40.60401],[16.77087,40.60429],[16.77182,40.60399],[16.77477,40.60093],[16.77122,40.59798],[16.77166,40.59733],[16.77156,40.59696],[16.77222,40.59639],[16.77327,40.59423],[16.77502,40.59382],[16.77666,40.59257],[16.77951,40.59875],[16.783,40.60281],[16.78385,40.60486],[16.78692,40.60431],[16.78718,40.60455],[16.79136,40.60168],[16.79213,40.60184],[16.79219,40.60127],[16.79305,40.60074],[16.79357,40.601],[16.79591,40.59882],[16.79739,40.59899],[16.79711,40.59863],[16.79745,40.59865],[16.79652,40.59824],[16.79773,40.59638],[16.80002,40.59732],[16.7991,40.59872],[16.80004,40.59888],[16.80084,40.59832],[16.80072,40.59888],[16.80174,40.59865],[16.80094,40.60022],[16.80095,40.6015],[16.79917,40.60233],[16.79895,40.60524],[16.79819,40.60716],[16.79876,40.6075],[16.79996,40.60737],[16.8,40.60899],[16.8005,40.60922],[16.80101,40.60855],[16.80081,40.60764],[16.80226,40.60685],[16.80256,40.60716],[16.80403,40.60654],[16.80247,40.60964],[16.80276,40.61168],[16.80711,40.61226],[16.80491,40.61685],[16.80453,40.61658],[16.80357,40.61712],[16.80331,40.61645],[16.80146,40.61665],[16.79898,40.61847],[16.7989,40.61915],[16.79702,40.62001],[16.79686,40.6205],[16.79867,40.62086],[16.79777,40.6216],[16.79798,40.62182],[16.79945,40.62121],[16.80118,40.62205],[16.80043,40.62336],[16.80092,40.62418]],[[16.80087,40.6241],[16.80087,40.6241],[16.80087,40.6241],[16.80087,40.6241]],[[16.77219,40.59628],[16.77219,40.59628],[16.77219,40.59632],[16.77219,40.59628]],[[16.77142,40.5976],[16.77142,40.5976],[16.77138,40.59758],[16.77142,40.5976]],[[16.75013,40.60799],[16.75013,40.60799],[16.75014,40.60796],[16.75013,40.60799]]],[[[16.9565,40.73361],[16.95684,40.73465],[16.95827,40.73457],[16.95839,40.7323],[16.95502,40.73003],[16.95908,40.72522],[16.95892,40.72419],[16.95985,40.72453],[16.96104,40.72295],[16.96314,40.72382],[16.96213,40.72568],[16.96251,40.72594],[16.96215,40.72624],[16.96348,40.72682],[16.96312,40.72734],[16.9673,40.72943],[16.96494,40.72219],[16.96042,40.72075],[16.95971,40.72245],[16.95875,40.7221],[16.95793,40.71943],[16.95973,40.71942],[16.96048,40.71976],[16.96039,40.72017],[16.96173,40.72058],[16.96136,40.72101],[16.96221,40.72122],[16.96247,40.72083],[16.96327,40.72112],[16.965,40.72088],[16.96468,40.72203],[16.96868,40.72327],[16.96931,40.72127],[16.96762,40.72102],[16.96783,40.72022],[16.97066,40.72077],[16.97223,40.7203],[16.97213,40.71942],[16.9717,40.71969],[16.97081,40.71948],[16.97266,40.71891],[16.97281,40.71936],[16.97452,40.71969],[16.9765,40.71939],[16.9772,40.71606],[16.97455,40.71571],[16.97491,40.71326],[16.97528,40.71247],[16.97585,40.71242],[16.97571,40.71204],[16.97186,40.70765],[16.97453,40.70697],[16.97351,40.70382],[16.97217,40.70405],[16.97163,40.70252],[16.97446,40.70197],[16.97358,40.69936],[16.97602,40.69888],[16.97519,40.69634],[16.97375,40.69637],[16.97689,40.69589],[16.98163,40.69695],[16.98141,40.6984],[16.98405,40.69886],[16.98429,40.69839],[16.98549,40.69858],[16.98683,40.69783],[16.9893,40.69777],[16.98993,40.69801],[16.99161,40.70054],[16.9907,40.7009],[16.99224,40.70118],[16.99354,40.70191],[16.99753,40.69074],[16.99717,40.68928],[16.99863,40.68627],[16.9991,40.68662],[17.00155,40.68511],[17.00679,40.68856],[17.00678,40.68908],[17.00612,40.69049],[17.00616,40.6916],[17.00573,40.69204],[17.00418,40.69183],[17.00451,40.69249],[17.00347,40.69296],[17.00278,40.6938],[17.00265,40.69478],[17.00031,40.69709],[17.00079,40.69821],[17.0015,40.69848],[17.00121,40.69786],[17.00154,40.69689],[17.00301,40.69732],[17.00504,40.6948],[17.00775,40.69361],[17.01017,40.6903],[17.01408,40.69215],[17.01326,40.69299],[17.01428,40.69351],[17.01275,40.69515],[17.01943,40.69761],[17.01929,40.69798],[17.02177,40.69893],[17.02135,40.70086],[17.01885,40.70029],[17.01726,40.70443],[17.01845,40.70428],[17.01892,40.71202],[17.01683,40.71237],[17.01488,40.71693],[17.01277,40.71852],[17.01465,40.71887],[17.01569,40.71815],[17.01731,40.7196],[17.01881,40.71726],[17.02333,40.71271],[17.02469,40.71303],[17.03195,40.71218],[17.02704,40.7095],[17.02553,40.71152],[17.02308,40.71059],[17.02539,40.70667],[17.0284,40.70323],[17.02915,40.70324],[17.02909,40.70271],[17.02961,40.70239],[17.02929,40.70062],[17.02786,40.69976],[17.02762,40.69877],[17.02658,40.6986],[17.02324,40.69466],[17.02348,40.69183],[17.01818,40.69029],[17.01618,40.69006],[17.01586,40.68804],[17.01702,40.68742],[17.01661,40.68695],[17.0177,40.68624],[17.01687,40.6841],[17.01516,40.68436],[17.0152,40.68287],[17.01343,40.68353],[17.01348,40.683],[17.01265,40.6821],[17.01134,40.68133],[17.01247,40.68014],[17.01097,40.67969],[17.01233,40.67836],[17.01892,40.67624],[17.0227,40.67462],[17.02318,40.67406],[17.0235,40.67766],[17.02521,40.68159],[17.02656,40.68157],[17.02766,40.68534],[17.02892,40.68592],[17.02977,40.68865],[17.03022,40.68924],[17.03072,40.6892],[17.03113,40.69032],[17.03045,40.69103],[17.03068,40.69156],[17.03346,40.69099],[17.03444,40.69255],[17.03473,40.69164],[17.03599,40.69208],[17.03827,40.69675],[17.0409,40.69622],[17.0388,40.69243],[17.03934,40.69222],[17.03899,40.6916],[17.03952,40.69132],[17.03896,40.69061],[17.03749,40.6901],[17.0371,40.69072],[17.03611,40.6906],[17.03437,40.68923],[17.03459,40.68869],[17.03223,40.68746],[17.02989,40.68482],[17.03194,40.68439],[17.03301,40.68473],[17.03432,40.68459],[17.03584,40.68746],[17.03657,40.68791],[17.0393,40.68823],[17.03974,40.68872],[17.04073,40.68867],[17.04117,40.68902],[17.04166,40.68884],[17.04237,40.68943],[17.04309,40.68923],[17.04264,40.68847],[17.04192,40.6887],[17.04098,40.68713],[17.03953,40.68763],[17.03704,40.68698],[17.03611,40.6853],[17.03936,40.6842],[17.04146,40.68519],[17.04176,40.68503],[17.0413,40.68455],[17.04202,40.68492],[17.04319,40.68427],[17.0431,40.68658],[17.04372,40.6878],[17.04434,40.6876],[17.04384,40.6865],[17.04476,40.68542],[17.04725,40.68655],[17.04788,40.68751],[17.04897,40.68751],[17.05062,40.68884],[17.0504,40.68904],[17.05137,40.69008],[17.05169,40.68987],[17.05636,40.6942],[17.05403,40.69507],[17.05437,40.69571],[17.05612,40.69841],[17.05831,40.69975],[17.05792,40.70104],[17.05979,40.70101],[17.05983,40.70127],[17.06049,40.70101],[17.06127,40.70188],[17.05877,40.70316],[17.05751,40.70257],[17.05712,40.7009],[17.05597,40.70101],[17.05472,40.69908],[17.05293,40.69746],[17.05258,40.69553],[17.0518,40.69601],[17.05138,40.69555],[17.04968,40.69605],[17.04988,40.69671],[17.0507,40.69698],[17.05048,40.69724],[17.05177,40.69901],[17.05146,40.69985],[17.05216,40.70027],[17.0529,40.70009],[17.05377,40.70177],[17.05479,40.70407],[17.05516,40.70695],[17.06206,40.7039],[17.0714,40.70039],[17.07218,40.699],[17.07273,40.69911],[17.07206,40.69748],[17.07082,40.69811],[17.06962,40.69598],[17.06802,40.69584],[17.06798,40.69447],[17.06995,40.69511],[17.07149,40.6962],[17.07157,40.69595],[17.07247,40.69613],[17.07303,40.69574],[17.07277,40.69547],[17.07191,40.69505],[17.07082,40.69371],[17.06867,40.69334],[17.06598,40.69229],[17.06546,40.69008],[17.07004,40.68917],[17.06998,40.68827],[17.06781,40.68878],[17.06838,40.68711],[17.06786,40.68652],[17.06668,40.68654],[17.06657,40.68685],[17.06455,40.68738],[17.06219,40.68171],[17.0709,40.67812],[17.07257,40.67808],[17.07325,40.67847],[17.07594,40.67699],[17.0771,40.67541],[17.08107,40.67454],[17.08431,40.67537],[17.08561,40.67625],[17.08615,40.67563],[17.08897,40.67557],[17.09003,40.67596],[17.0927,40.6773],[17.0928,40.67806],[17.09773,40.67885],[17.10097,40.68037],[17.10203,40.6818],[17.10548,40.68239],[17.10765,40.68448],[17.10655,40.68632],[17.10499,40.68786],[17.10319,40.68841],[17.10604,40.6904],[17.10567,40.69078],[17.10925,40.69223],[17.10742,40.69556],[17.10629,40.69526],[17.10534,40.69551],[17.1058,40.69613],[17.10482,40.69705],[17.10355,40.69609],[17.10594,40.69513],[17.10503,40.69463],[17.10392,40.69474],[17.10349,40.694],[17.10419,40.69431],[17.10448,40.69383],[17.10098,40.69078],[17.10064,40.69139],[17.10009,40.69116],[17.09985,40.69141],[17.09866,40.69058],[17.098,40.69126],[17.09874,40.69138],[17.09935,40.69192],[17.09903,40.69208],[17.09837,40.69146],[17.09774,40.69151],[17.09896,40.69233],[17.09854,40.69274],[17.09971,40.69346],[17.09941,40.69552],[17.09995,40.69839],[17.09926,40.70061],[17.09738,40.70401],[17.10293,40.70426],[17.10622,40.70339],[17.11337,40.70393],[17.11902,40.70356],[17.12106,40.7046],[17.12323,40.70517],[17.12444,40.70599],[17.12561,40.70516],[17.12509,40.70455],[17.1243,40.70451],[17.12377,40.70329],[17.1227,40.7026],[17.1237,40.7017],[17.12323,40.7013],[17.12021,40.7006],[17.1187,40.70078],[17.11705,40.70181],[17.11155,40.69666],[17.10825,40.69579],[17.11033,40.69271],[17.11117,40.69274],[17.11435,40.69526],[17.11532,40.69446],[17.11612,40.69545],[17.11773,40.69447],[17.11863,40.69238],[17.11718,40.69234],[17.11309,40.69026],[17.11246,40.69147],[17.11095,40.69138],[17.1121,40.6873],[17.11174,40.68622],[17.11227,40.68548],[17.1106,40.68539],[17.10876,40.68264],[17.10893,40.68217],[17.11017,40.68177],[17.11075,40.67818],[17.11197,40.6787],[17.11304,40.6821],[17.11382,40.68248],[17.11455,40.68162],[17.1143,40.68095],[17.11481,40.68024],[17.11697,40.68026],[17.11785,40.681],[17.11936,40.68071],[17.11938,40.68011],[17.11712,40.67935],[17.11848,40.6777],[17.11855,40.67592],[17.1195,40.67591],[17.11902,40.67566],[17.11978,40.67425],[17.12173,40.67432],[17.12189,40.67768],[17.12639,40.67763],[17.12687,40.67866],[17.12751,40.67858],[17.12751,40.67918],[17.12901,40.67903],[17.12907,40.67708],[17.12601,40.67582],[17.1255,40.67526],[17.12599,40.67459],[17.12701,40.67466],[17.12381,40.67022],[17.12397,40.66831],[17.12269,40.66738],[17.12455,40.66709],[17.12475,40.66753],[17.12698,40.6666],[17.12724,40.66699],[17.1266,40.66734],[17.12899,40.67018],[17.1295,40.66999],[17.12957,40.67037],[17.13062,40.66937],[17.13146,40.66976],[17.13522,40.6699],[17.1367,40.67039],[17.1362,40.67136],[17.13846,40.67021],[17.13737,40.66918],[17.13852,40.66824],[17.13734,40.66705],[17.13624,40.66765],[17.13561,40.6669],[17.13432,40.66764],[17.13287,40.6677],[17.13311,40.667],[17.13259,40.66738],[17.13218,40.66673],[17.13322,40.66618],[17.13298,40.66591],[17.13116,40.667],[17.12929,40.66572],[17.12851,40.66619],[17.12848,40.66475],[17.12763,40.66524],[17.12687,40.66443],[17.12765,40.66392],[17.12692,40.66308],[17.1282,40.66238],[17.12858,40.66336],[17.12958,40.66322],[17.12958,40.66369],[17.13084,40.66474],[17.13144,40.66437],[17.13224,40.66517],[17.13352,40.66447],[17.13397,40.66533],[17.13653,40.66382],[17.13578,40.66309],[17.13454,40.6638],[17.13378,40.66302],[17.13307,40.66345],[17.13226,40.66258],[17.13155,40.66297],[17.13067,40.6622],[17.13158,40.66165],[17.13038,40.66173],[17.12994,40.6613],[17.1283,40.66224],[17.12735,40.66182],[17.12644,40.66066],[17.1287,40.66029],[17.12819,40.65889],[17.12683,40.65943],[17.12568,40.65852],[17.12482,40.65897],[17.12412,40.65828],[17.12393,40.65784],[17.12653,40.65621],[17.12564,40.65497],[17.12596,40.65319],[17.12892,40.65181],[17.13369,40.65731],[17.1351,40.65799],[17.13619,40.65915],[17.13719,40.66075],[17.14269,40.657],[17.14418,40.65801],[17.14607,40.6569],[17.14555,40.65643],[17.14598,40.65634],[17.14592,40.65588],[17.15491,40.66165],[17.15538,40.66289],[17.15771,40.66199],[17.15927,40.66379],[17.15657,40.66467],[17.15692,40.66529],[17.15561,40.66694],[17.15668,40.67044],[17.1588,40.67223],[17.16097,40.6676],[17.16209,40.6683],[17.16184,40.669],[17.16228,40.66942],[17.16317,40.66901],[17.16571,40.67132],[17.16518,40.67212],[17.16439,40.67182],[17.16362,40.6701],[17.16228,40.67099],[17.1611,40.67051],[17.1606,40.67319],[17.16144,40.67688],[17.16228,40.6766],[17.16344,40.67723],[17.16649,40.67735],[17.16774,40.6779],[17.16766,40.67815],[17.16956,40.67902],[17.17242,40.68391],[17.17422,40.68328],[17.17618,40.6841],[17.1784,40.68318],[17.18068,40.68134],[17.18257,40.68049],[17.17964,40.6768],[17.17817,40.67567],[17.17709,40.67244],[17.17397,40.67446],[17.17275,40.67233],[17.17097,40.67069],[17.16886,40.66972],[17.16485,40.66613],[17.16737,40.66459],[17.17292,40.66242],[17.17304,40.66086],[17.17211,40.66042],[17.17086,40.65832],[17.17146,40.65788],[17.1806,40.6525],[17.18175,40.65312],[17.18233,40.65543],[17.18144,40.65656],[17.18235,40.65654],[17.18139,40.65845],[17.1823,40.66004],[17.18454,40.65881],[17.18614,40.65654],[17.18588,40.65493],[17.1849,40.65384],[17.18643,40.65275],[17.18782,40.6538],[17.18926,40.65413],[17.18999,40.65389],[17.19084,40.6526],[17.19065,40.65082],[17.19304,40.6483],[17.19551,40.65113],[17.19613,40.65013],[17.19533,40.64881],[17.19886,40.64569],[17.20016,40.64399],[17.20043,40.6425],[17.20245,40.64169],[17.2041,40.64018],[17.20819,40.63952],[17.21086,40.64092],[17.21414,40.6392],[17.21492,40.63914],[17.21643,40.63779],[17.21817,40.63753],[17.21827,40.63803],[17.21868,40.63799],[17.21934,40.63711],[17.22165,40.63752],[17.22347,40.63723],[17.22608,40.63416],[17.22784,40.63364],[17.22882,40.63426],[17.23255,40.63417],[17.23315,40.63505],[17.23748,40.63384],[17.24074,40.63578],[17.23995,40.6365],[17.23998,40.63718],[17.24343,40.63726],[17.24455,40.63778],[17.24389,40.6367],[17.24655,40.6363],[17.24687,40.63541],[17.24836,40.63443],[17.24911,40.63444],[17.24894,40.63307],[17.24957,40.63299],[17.24943,40.63359],[17.2502,40.6338],[17.25042,40.63451],[17.25069,40.63314],[17.25149,40.63316],[17.2511,40.63288],[17.25167,40.63204],[17.25363,40.63159],[17.25329,40.63284],[17.25167,40.63401],[17.25226,40.63374],[17.25208,40.63469],[17.25275,40.63481],[17.25243,40.6358],[17.25161,40.63624],[17.25191,40.63768],[17.24928,40.63621],[17.25046,40.63671],[17.24989,40.63608],[17.24894,40.63596],[17.24904,40.63835],[17.24911,40.63832],[17.25144,40.63773],[17.25145,40.63774],[17.25109,40.63973],[17.25062,40.6395],[17.25051,40.64012],[17.24934,40.64063],[17.24895,40.63821],[17.24854,40.63846],[17.24849,40.64029],[17.24517,40.64092],[17.24395,40.64283],[17.24187,40.64413],[17.24125,40.64413],[17.24203,40.64638],[17.24466,40.64869],[17.24589,40.64875],[17.24566,40.6477],[17.24507,40.6477],[17.24555,40.64834],[17.24487,40.64835],[17.24364,40.64705],[17.24406,40.64639],[17.24332,40.64618],[17.24266,40.64676],[17.24188,40.64531],[17.24184,40.64426],[17.24255,40.64435],[17.24293,40.64401],[17.24394,40.64475],[17.24469,40.64431],[17.24695,40.64505],[17.24779,40.64393],[17.24997,40.64427],[17.25026,40.64615],[17.24928,40.64582],[17.24845,40.64842],[17.24774,40.64833],[17.24769,40.64876],[17.24917,40.64889],[17.2495,40.6483],[17.25026,40.64853],[17.24975,40.65017],[17.2499,40.65079],[17.25092,40.65152],[17.2505,40.65364],[17.2511,40.65589],[17.25227,40.65544],[17.25298,40.65612],[17.2521,40.65668],[17.25551,40.6631],[17.25587,40.66334],[17.25786,40.66353],[17.2574,40.66347],[17.25879,40.66144],[17.25849,40.65994],[17.2598,40.65848],[17.26047,40.65668],[17.26025,40.65421],[17.2607,40.65257],[17.25998,40.65109],[17.26125,40.64961],[17.25966,40.6357],[17.25983,40.63781],[17.25953,40.63879],[17.25852,40.63967],[17.25859,40.64016],[17.25722,40.64029],[17.25715,40.63988],[17.25647,40.63972],[17.25634,40.639],[17.25752,40.63176],[17.25842,40.63173],[17.25925,40.62957],[17.25628,40.62899],[17.25605,40.62974],[17.25318,40.62936],[17.2523,40.63126],[17.24723,40.6321],[17.24702,40.63284],[17.24663,40.63291],[17.24678,40.63228],[17.24625,40.63227],[17.24589,40.63163],[17.2448,40.63157],[17.24259,40.63399],[17.2414,40.63408],[17.24106,40.63264],[17.2416,40.63277],[17.24179,40.63219],[17.24257,40.63186],[17.24213,40.63176],[17.24456,40.6292],[17.24378,40.62854],[17.24562,40.62807],[17.2469,40.6253],[17.24314,40.62543],[17.24157,40.62329],[17.24274,40.62299],[17.24191,40.6228],[17.24307,40.62233],[17.24523,40.62228],[17.24506,40.62016],[17.23686,40.62009],[17.23543,40.62286],[17.2342,40.62304],[17.23462,40.62438],[17.23345,40.62539],[17.23351,40.62577],[17.23205,40.62641],[17.23258,40.62757],[17.23068,40.62872],[17.23096,40.62923],[17.23301,40.629],[17.23426,40.63141],[17.23182,40.63222],[17.23147,40.63169],[17.23027,40.6324],[17.22899,40.63226],[17.22891,40.63298],[17.22752,40.63287],[17.22532,40.63355],[17.22511,40.63335],[17.22434,40.6336],[17.22379,40.63517],[17.22292,40.63482],[17.21863,40.63678],[17.21884,40.63702],[17.21608,40.63724],[17.2152,40.63699],[17.21443,40.63531],[17.21618,40.63518],[17.2155,40.63399],[17.21446,40.63427],[17.21333,40.63383],[17.21429,40.63335],[17.21288,40.63189],[17.21462,40.63054],[17.21225,40.62696],[17.2095,40.62828],[17.20663,40.62471],[17.2076,40.6244],[17.20999,40.62448],[17.21111,40.62384],[17.21235,40.62224],[17.21355,40.62184],[17.21468,40.62303],[17.21673,40.6227],[17.2179,40.62441],[17.21923,40.6242],[17.21691,40.62115],[17.21544,40.62118],[17.21437,40.61813],[17.21374,40.61819],[17.2138,40.61926],[17.21252,40.61939],[17.21197,40.62004],[17.21081,40.61953],[17.21043,40.6199],[17.20818,40.62031],[17.20758,40.62079],[17.2076,40.62168],[17.20665,40.62173],[17.20648,40.621],[17.20563,40.6205],[17.20837,40.6196],[17.20841,40.61929],[17.21032,40.61868],[17.21037,40.61832],[17.21223,40.61755],[17.21452,40.61714],[17.21244,40.61072],[17.21147,40.61411],[17.20581,40.61436],[17.20571,40.61006],[17.20797,40.60787],[17.20591,40.608],[17.20526,40.6077],[17.20586,40.60637],[17.20624,40.60637],[17.20601,40.60541],[17.20684,40.60449],[17.20637,40.6026],[17.20959,40.60248],[17.21021,40.6028],[17.21038,40.60472],[17.21003,40.60517],[17.21058,40.6056],[17.21137,40.60538],[17.212,40.60283],[17.21141,40.60284],[17.20875,40.6003],[17.20824,40.59896],[17.20838,40.59746],[17.20958,40.59532],[17.20904,40.59442],[17.20994,40.59369],[17.21002,40.59175],[17.21179,40.59162],[17.21221,40.59332],[17.21248,40.59277],[17.21569,40.59278],[17.21618,40.59544],[17.2171,40.59595],[17.21796,40.59892],[17.21929,40.59832],[17.21848,40.59764],[17.21878,40.59717],[17.21842,40.59579],[17.21688,40.59494],[17.21736,40.59445],[17.21691,40.59301],[17.21369,40.59174],[17.21309,40.59218],[17.21284,40.5912],[17.21169,40.59069],[17.21197,40.58994],[17.21064,40.58938],[17.21078,40.58856],[17.21035,40.58832],[17.21093,40.5872],[17.20726,40.58588],[17.20675,40.58497],[17.20781,40.58477],[17.20652,40.58416],[17.20592,40.58324],[17.20619,40.58312],[17.20454,40.58182],[17.20787,40.58228],[17.20969,40.58361],[17.20988,40.58326],[17.21041,40.58409],[17.21054,40.58612],[17.21274,40.58821],[17.21434,40.58589],[17.21769,40.58732],[17.21749,40.58774],[17.22092,40.58701],[17.22256,40.59028],[17.22251,40.59061],[17.22083,40.59096],[17.22199,40.59389],[17.2218,40.59622],[17.22427,40.59668],[17.22388,40.59792],[17.22449,40.59861],[17.2246,40.59789],[17.22592,40.59788],[17.22439,40.59539],[17.22404,40.59378],[17.22476,40.58975],[17.22408,40.58459],[17.22688,40.58508],[17.22709,40.58561],[17.22789,40.58592],[17.23492,40.58389],[17.23588,40.58594],[17.23882,40.58515],[17.23942,40.58659],[17.24661,40.5859],[17.24969,40.58514],[17.25032,40.58553],[17.25077,40.58514],[17.25135,40.5855],[17.25227,40.58455],[17.25235,40.58532],[17.25402,40.58451],[17.25345,40.58389],[17.25461,40.58332],[17.25643,40.5854],[17.26182,40.58377],[17.26273,40.58215],[17.26944,40.58007],[17.26946,40.57977],[17.27895,40.57763],[17.27966,40.57684],[17.27898,40.57665],[17.27913,40.57504],[17.27973,40.5749],[17.2803,40.57396],[17.2806,40.57223],[17.28114,40.5716],[17.28259,40.5711],[17.28267,40.57041],[17.28423,40.57],[17.28477,40.57111],[17.28614,40.57115],[17.28661,40.57199],[17.2886,40.57081],[17.28833,40.5702],[17.28901,40.5698],[17.29067,40.56976],[17.29168,40.57022],[17.29287,40.56986],[17.29254,40.56899],[17.29585,40.56794],[17.29713,40.56899],[17.29943,40.56842],[17.29895,40.56722],[17.30081,40.56628],[17.30418,40.56341],[17.30724,40.56196],[17.31175,40.56269],[17.31215,40.56145],[17.31392,40.56222],[17.31384,40.563],[17.31523,40.56362],[17.31631,40.56148],[17.31742,40.56171],[17.3174,40.56219],[17.31953,40.56219],[17.31988,40.56146],[17.32229,40.56181],[17.3213,40.56574],[17.32241,40.56578],[17.32251,40.56523],[17.32349,40.56552],[17.3234,40.5642],[17.3247,40.56256],[17.32472,40.56123],[17.32544,40.55957],[17.32225,40.55877],[17.32243,40.55838],[17.32362,40.55827],[17.32386,40.55784],[17.3229,40.5576],[17.32412,40.55501],[17.32387,40.55433],[17.3217,40.55494],[17.31926,40.55344],[17.31742,40.55414],[17.31617,40.55348],[17.31365,40.56],[17.31222,40.55958],[17.31267,40.55677],[17.31128,40.55677],[17.31045,40.55797],[17.30847,40.55887],[17.30705,40.56114],[17.30489,40.56118],[17.30327,40.562],[17.30246,40.56354],[17.30136,40.56445],[17.29979,40.56475],[17.2981,40.56453],[17.29674,40.56618],[17.29055,40.56791],[17.28987,40.56782],[17.28959,40.5682],[17.28862,40.56821],[17.28864,40.56694],[17.28568,40.56808],[17.28616,40.56878],[17.2851,40.56892],[17.28476,40.56832],[17.28355,40.56824],[17.27964,40.55916],[17.27918,40.55936],[17.27961,40.56104],[17.27731,40.56128],[17.27632,40.56244],[17.27666,40.56341],[17.27736,40.56324],[17.27625,40.56396],[17.27595,40.56347],[17.27583,40.56317],[17.27644,40.56301],[17.27627,40.56245],[17.27633,40.56208],[17.27727,40.56113],[17.27703,40.56039],[17.27665,40.56012],[17.2758,40.5603],[17.27541,40.5596],[17.27647,40.55946],[17.27632,40.55912],[17.27784,40.55799],[17.27494,40.55872],[17.27463,40.55814],[17.27627,40.55771],[17.27651,40.55827],[17.27882,40.55769],[17.2786,40.55707],[17.27645,40.55766],[17.27576,40.55637],[17.27694,40.55539],[17.27789,40.55557],[17.27641,40.55221],[17.27392,40.5532],[17.27455,40.55404],[17.27068,40.55522],[17.27101,40.55608],[17.26962,40.55651],[17.26956,40.55581],[17.26399,40.55816],[17.26355,40.55754],[17.26565,40.55665],[17.26418,40.55581],[17.2573,40.55821],[17.25676,40.5594],[17.25682,40.55613],[17.25559,40.55621],[17.25072,40.55879],[17.23814,40.55779],[17.24153,40.55519],[17.24293,40.55327],[17.24463,40.55338],[17.24346,40.55226],[17.24318,40.55123],[17.24641,40.54825],[17.24747,40.54807],[17.2487,40.54902],[17.25161,40.55019],[17.25212,40.55002],[17.25058,40.54862],[17.25095,40.54833],[17.25326,40.54853],[17.25246,40.54793],[17.25065,40.54789],[17.25033,40.54683],[17.25177,40.54589],[17.25099,40.5423],[17.2493,40.53997],[17.24859,40.54044],[17.24807,40.53976],[17.24248,40.53937],[17.24225,40.53894],[17.24325,40.53823],[17.24239,40.53796],[17.24168,40.53615],[17.24384,40.53541],[17.24406,40.5356],[17.24492,40.53519],[17.24505,40.53467],[17.24607,40.53467],[17.24588,40.53248],[17.24629,40.5311],[17.24507,40.53132],[17.24505,40.52911],[17.24536,40.52898],[17.24535,40.52892],[17.24376,40.52966],[17.24348,40.52926],[17.24482,40.52825],[17.24265,40.52531],[17.24138,40.52952],[17.2403,40.53039],[17.23918,40.53231],[17.23997,40.532],[17.24022,40.53235],[17.23808,40.53513],[17.23619,40.53511],[17.23573,40.53619],[17.23328,40.53639],[17.23489,40.53663],[17.23488,40.53709],[17.23324,40.53805],[17.23304,40.53957],[17.23447,40.5399],[17.23524,40.53943],[17.23627,40.53949],[17.2359,40.54175],[17.23649,40.54208],[17.23641,40.54255],[17.23463,40.54291],[17.23497,40.54342],[17.23508,40.54301],[17.23639,40.54311],[17.23567,40.54687],[17.23596,40.54754],[17.23703,40.54773],[17.23569,40.5495],[17.23479,40.54969],[17.2349,40.54902],[17.23329,40.54965],[17.23173,40.54953],[17.2288,40.5515],[17.22854,40.55305],[17.22634,40.5555],[17.22309,40.55479],[17.22349,40.54923],[17.22277,40.54905],[17.22193,40.5463],[17.22347,40.54555],[17.22337,40.54407],[17.22258,40.54418],[17.22149,40.54511],[17.22122,40.5447],[17.22043,40.54536],[17.2177,40.54536],[17.21786,40.54483],[17.21909,40.54459],[17.22047,40.54322],[17.22099,40.54321],[17.22127,40.54415],[17.22339,40.54238],[17.2198,40.54007],[17.21981,40.54057],[17.21112,40.54888],[17.21411,40.54952],[17.2146,40.54838],[17.2165,40.54667],[17.21816,40.54738],[17.21429,40.54972],[17.2147,40.55133],[17.21506,40.55136],[17.21514,40.55276],[17.2179,40.5535],[17.21874,40.55921],[17.21516,40.56027],[17.21872,40.5611],[17.21973,40.56212],[17.22004,40.56331],[17.22051,40.56334],[17.22125,40.56259],[17.22201,40.56259],[17.22175,40.56503],[17.21997,40.56463],[17.21981,40.56419],[17.21893,40.5652],[17.21771,40.56576],[17.21796,40.56673],[17.21909,40.56663],[17.21917,40.56704],[17.21806,40.56712],[17.21841,40.56849],[17.21999,40.5684],[17.22048,40.56732],[17.22101,40.5677],[17.22073,40.56835],[17.22238,40.56822],[17.22235,40.56784],[17.22295,40.56783],[17.22289,40.56705],[17.22223,40.56705],[17.22219,40.56667],[17.22251,40.5663],[17.22429,40.56645],[17.22423,40.56489],[17.22344,40.56329],[17.22488,40.56213],[17.2254,40.56384],[17.22513,40.56551],[17.22579,40.56485],[17.22584,40.56519],[17.22705,40.565],[17.2271,40.56546],[17.22625,40.56559],[17.22629,40.56595],[17.22695,40.56591],[17.227,40.56634],[17.22604,40.56641],[17.22615,40.56757],[17.22724,40.5675],[17.22748,40.56704],[17.22756,40.56788],[17.23009,40.56773],[17.22932,40.5662],[17.22871,40.56624],[17.22838,40.5656],[17.229,40.56556],[17.22834,40.56454],[17.22957,40.56425],[17.22871,40.56184],[17.2301,40.56206],[17.22999,40.5617],[17.23061,40.56168],[17.23081,40.56107],[17.22982,40.56047],[17.22938,40.55925],[17.22843,40.55924],[17.22829,40.55851],[17.23202,40.55865],[17.23329,40.55768],[17.2337,40.55824],[17.23149,40.56055],[17.23125,40.56187],[17.23163,40.56182],[17.23176,40.56238],[17.2303,40.56254],[17.23182,40.56243],[17.23196,40.56304],[17.23254,40.5633],[17.23204,40.56332],[17.23212,40.56374],[17.23486,40.56353],[17.23504,40.56474],[17.23975,40.56451],[17.2401,40.56585],[17.24216,40.56576],[17.24237,40.5666],[17.24333,40.56646],[17.24385,40.56935],[17.24343,40.56955],[17.24084,40.56973],[17.24048,40.56795],[17.23897,40.56819],[17.23448,40.56933],[17.23189,40.57007],[17.23238,40.57337],[17.23438,40.57321],[17.23466,40.575],[17.23251,40.57434],[17.23095,40.57493],[17.23101,40.57563],[17.23192,40.57563],[17.23214,40.57612],[17.23141,40.57695],[17.22824,40.57709],[17.22795,40.57399],[17.23047,40.57385],[17.23044,40.57352],[17.2312,40.57347],[17.23132,40.57237],[17.23077,40.572],[17.23031,40.57219],[17.23048,40.57275],[17.23005,40.57278],[17.22921,40.57167],[17.22882,40.57167],[17.22854,40.57288],[17.22784,40.57278],[17.22779,40.57224],[17.22479,40.57231],[17.22547,40.57185],[17.22642,40.57215],[17.22778,40.57208],[17.22697,40.57201],[17.22684,40.57148],[17.2211,40.5728],[17.21884,40.57124],[17.21837,40.57195],[17.21854,40.57335],[17.21952,40.57309],[17.21986,40.57357],[17.21936,40.57369],[17.21975,40.57384],[17.2183,40.57596],[17.21603,40.57597],[17.21917,40.57821],[17.22003,40.5783],[17.2202,40.57774],[17.22387,40.57768],[17.22403,40.57897],[17.22889,40.57865],[17.2289,40.57906],[17.23038,40.57889],[17.23103,40.57979],[17.22833,40.57981],[17.22784,40.58012],[17.22788,40.58067],[17.22659,40.58084],[17.22705,40.58228],[17.22197,40.58298],[17.22343,40.5839],[17.22281,40.5846],[17.22218,40.58465],[17.22194,40.58391],[17.21941,40.58312],[17.21698,40.58129],[17.21643,40.58188],[17.21589,40.58169],[17.21625,40.58115],[17.21516,40.58034],[17.21483,40.57949],[17.20934,40.57761],[17.20424,40.57687],[17.20545,40.57467],[17.20499,40.57431],[17.20371,40.57427],[17.20396,40.57365],[17.20326,40.57338],[17.20096,40.57335],[17.20153,40.57269],[17.19824,40.57272],[17.19745,40.57311],[17.19755,40.57487],[17.19849,40.57466],[17.1984,40.5744],[17.19996,40.57434],[17.20011,40.57521],[17.19568,40.57539],[17.19691,40.57501],[17.19665,40.5742],[17.19623,40.57426],[17.19609,40.5732],[17.19521,40.57337],[17.19509,40.57248],[17.19307,40.57231],[17.19299,40.5707],[17.1946,40.57039],[17.19158,40.56936],[17.19213,40.56839],[17.19159,40.56823],[17.19189,40.5676],[17.19306,40.56797],[17.19172,40.56507],[17.19222,40.56426],[17.19123,40.561],[17.19146,40.55944],[17.19051,40.55832],[17.19106,40.55811],[17.19166,40.55924],[17.19164,40.55813],[17.19691,40.55315],[17.19641,40.55185],[17.19683,40.55183],[17.19635,40.54736],[17.19396,40.5477],[17.19439,40.5469],[17.19419,40.54605],[17.19165,40.54336],[17.192,40.54177],[17.19176,40.54126],[17.19079,40.54082],[17.19157,40.53873],[17.19204,40.53857],[17.18913,40.53643],[17.18801,40.53306],[17.18694,40.5333],[17.18232,40.52986],[17.18024,40.52897],[17.18,40.52918],[17.17596,40.52819],[17.17277,40.5281],[17.17165,40.52723],[17.17126,40.52789],[17.17378,40.52931],[17.17859,40.52951],[17.17963,40.53013],[17.17847,40.53153],[17.17557,40.5317],[17.17736,40.53226],[17.18143,40.53524],[17.18329,40.5379],[17.18036,40.53883],[17.17973,40.53839],[17.1766,40.55003],[17.17161,40.55003],[17.17341,40.54714],[17.17152,40.54733],[17.17119,40.5466],[17.17031,40.54613],[17.16837,40.54644],[17.16638,40.54789],[17.16161,40.54967],[17.15967,40.55121],[17.15686,40.55195],[17.15548,40.55086],[17.15476,40.54924],[17.15573,40.54763],[17.15443,40.54728],[17.15465,40.54671],[17.15416,40.5463],[17.15608,40.5452],[17.15539,40.54464],[17.15586,40.54419],[17.15568,40.54354],[17.15636,40.54406],[17.15749,40.54304],[17.15828,40.54349],[17.15885,40.543],[17.15958,40.54318],[17.15556,40.54118],[17.15352,40.54382],[17.1526,40.54582],[17.15115,40.54692],[17.15069,40.54777],[17.15029,40.54755],[17.14975,40.54796],[17.1499,40.54853],[17.14929,40.54836],[17.14879,40.5487],[17.148,40.5498],[17.14936,40.55011],[17.14887,40.55007],[17.14879,40.55077],[17.15037,40.54962],[17.15115,40.5499],[17.15205,40.54935],[17.15337,40.55021],[17.15259,40.55154],[17.15295,40.55167],[17.15281,40.55229],[17.15327,40.55237],[17.15353,40.55179],[17.15405,40.55217],[17.15431,40.55114],[17.15557,40.55189],[17.156,40.55262],[17.15258,40.55473],[17.15174,40.5536],[17.14979,40.55279],[17.14889,40.55155],[17.14927,40.55111],[17.14807,40.5508],[17.14784,40.55107],[17.14901,40.55277],[17.1477,40.55324],[17.14743,40.55265],[17.14671,40.55293],[17.14701,40.55328],[17.1464,40.55285],[17.14611,40.55329],[17.14751,40.55452],[17.14791,40.55447],[17.14807,40.55517],[17.14851,40.55546],[17.14897,40.55523],[17.14966,40.55717],[17.1486,40.55741],[17.15103,40.56],[17.15118,40.56044],[17.1506,40.56092],[17.15152,40.56215],[17.15276,40.56184],[17.1522,40.56408],[17.15438,40.5624],[17.15321,40.56087],[17.15975,40.55752],[17.1605,40.5584],[17.16221,40.55869],[17.16282,40.55939],[17.16287,40.55764],[17.16499,40.55761],[17.16498,40.55689],[17.16907,40.55687],[17.16907,40.55617],[17.17298,40.55565],[17.17339,40.5576],[17.17472,40.55978],[17.18365,40.55738],[17.18249,40.55268],[17.18326,40.55224],[17.18932,40.55225],[17.18938,40.55308],[17.19044,40.55473],[17.18992,40.55544],[17.18813,40.55612],[17.18783,40.55745],[17.18854,40.55744],[17.18855,40.55841],[17.19012,40.55968],[17.18963,40.56343],[17.18822,40.56335],[17.18814,40.56259],[17.1873,40.56302],[17.18548,40.56297],[17.1839,40.56336],[17.18452,40.56557],[17.1843,40.56695],[17.18223,40.56737],[17.18102,40.56817],[17.18031,40.56809],[17.18095,40.57044],[17.18235,40.57024],[17.18262,40.57567],[17.17567,40.57575],[17.17615,40.57352],[17.17188,40.57201],[17.16148,40.57613],[17.15943,40.57376],[17.15821,40.57391],[17.15783,40.57354],[17.15759,40.57413],[17.15672,40.57361],[17.15727,40.57428],[17.15675,40.57446],[17.15731,40.57537],[17.15787,40.57521],[17.15935,40.57714],[17.15887,40.57742],[17.15997,40.57822],[17.15999,40.57864],[17.15792,40.57916],[17.15661,40.57755],[17.15716,40.57727],[17.15657,40.57665],[17.15602,40.57687],[17.15614,40.57614],[17.15494,40.57562],[17.1539,40.57389],[17.14848,40.57649],[17.14891,40.57748],[17.15179,40.57935],[17.15059,40.58035],[17.15143,40.58124],[17.15258,40.58063],[17.15301,40.58136],[17.15371,40.5809],[17.15527,40.5807],[17.15659,40.58149],[17.15731,40.58139],[17.15817,40.58225],[17.15896,40.58199],[17.16003,40.58292],[17.15897,40.58378],[17.16021,40.58483],[17.16121,40.58415],[17.16261,40.58487],[17.16314,40.584],[17.16423,40.58333],[17.16489,40.58405],[17.16588,40.58375],[17.16919,40.58009],[17.17093,40.58086],[17.1713,40.57942],[17.17346,40.5778],[17.17352,40.57807],[17.17856,40.57845],[17.17758,40.58064],[17.17528,40.58045],[17.17561,40.5821],[17.17651,40.58297],[17.1772,40.58279],[17.17799,40.58179],[17.17812,40.583],[17.17972,40.58511],[17.1796,40.58633],[17.17854,40.58758],[17.17826,40.5908],[17.17677,40.59092],[17.16941,40.58827],[17.16955,40.59332],[17.17036,40.59338],[17.17127,40.59406],[17.17163,40.59384],[17.17161,40.59438],[17.17326,40.59365],[17.1739,40.59387],[17.17369,40.5945],[17.17218,40.59513],[17.17269,40.59576],[17.17521,40.59542],[17.17556,40.59728],[17.1749,40.59767],[17.17548,40.59807],[17.17562,40.59886],[17.17556,40.60214],[17.17371,40.60291],[17.16848,40.60124],[17.1667,40.60001],[17.16675,40.59525],[17.16711,40.59496],[17.16745,40.59183],[17.16745,40.5913],[17.16706,40.59127],[17.16773,40.5879],[17.16265,40.58833],[17.16149,40.58798],[17.16087,40.58909],[17.16142,40.58986],[17.16317,40.59004],[17.16323,40.59092],[17.16274,40.59135],[17.1614,40.5916],[17.16143,40.59118],[17.15782,40.59239],[17.15687,40.59471],[17.15704,40.59612],[17.15586,40.59616],[17.15527,40.59569],[17.15431,40.5962],[17.15453,40.59649],[17.15366,40.59716],[17.15233,40.59708],[17.152,40.59674],[17.15092,40.59765],[17.14989,40.59939],[17.149,40.59944],[17.1486,40.59879],[17.1467,40.59931],[17.14789,40.60076],[17.14903,40.60012],[17.14963,40.60049],[17.15051,40.60017],[17.152,40.59922],[17.1525,40.59962],[17.15096,40.6007],[17.15122,40.60097],[17.14956,40.6033],[17.15026,40.60424],[17.14897,40.60375],[17.1475,40.6037],[17.14475,40.60488],[17.14418,40.60474],[17.14327,40.60583],[17.14263,40.60589],[17.14331,40.60654],[17.1449,40.60628],[17.14688,40.60501],[17.1494,40.60467],[17.15299,40.60507],[17.15309,40.60556],[17.15444,40.60537],[17.15422,40.60418],[17.15256,40.60423],[17.15296,40.60389],[17.15208,40.60364],[17.1529,40.60312],[17.15407,40.60304],[17.15337,40.60221],[17.15456,40.60238],[17.1545,40.60151],[17.1549,40.60126],[17.15711,40.60108],[17.15726,40.60027],[17.15812,40.60026],[17.15814,40.59941],[17.16015,40.59949],[17.15943,40.59784],[17.16018,40.59771],[17.16014,40.59633],[17.16193,40.59547],[17.16407,40.59776],[17.16472,40.5991],[17.16439,40.60016],[17.16547,40.60303],[17.1635,40.60343],[17.16346,40.60413],[17.1643,40.60393],[17.16464,40.60503],[17.16302,40.60526],[17.16414,40.60745],[17.16461,40.60739],[17.16514,40.60916],[17.16445,40.60965],[17.16259,40.60978],[17.16288,40.61056],[17.16646,40.61122],[17.16647,40.60925],[17.16701,40.60944],[17.16872,40.60876],[17.16843,40.60823],[17.16758,40.60844],[17.16745,40.60778],[17.17032,40.6074],[17.17037,40.60796],[17.17314,40.60779],[17.17462,40.60649],[17.17537,40.60685],[17.17535,40.60729],[17.17399,40.60834],[17.17397,40.60904],[17.17459,40.61053],[17.17505,40.61045],[17.17622,40.6123],[17.17532,40.60873],[17.17675,40.60763],[17.17718,40.60599],[17.17724,40.60545],[17.17663,40.60531],[17.17636,40.60454],[17.17724,40.60281],[17.17731,40.60038],[17.17816,40.5975],[17.17805,40.59548],[17.17852,40.59464],[17.17965,40.59394],[17.18008,40.59249],[17.17921,40.59072],[17.18027,40.58684],[17.18083,40.58589],[17.18288,40.58613],[17.18477,40.58781],[17.18365,40.58648],[17.18556,40.58651],[17.18667,40.58502],[17.18704,40.58219],[17.18415,40.58166],[17.18373,40.58222],[17.18281,40.58208],[17.18188,40.58136],[17.18046,40.58103],[17.18177,40.57983],[17.18179,40.57881],[17.18301,40.5782],[17.18292,40.57769],[17.18661,40.57797],[17.18666,40.5776],[17.192,40.57755],[17.19136,40.57637],[17.19174,40.57593],[17.1924,40.57651],[17.19402,40.57683],[17.19383,40.57748],[17.19441,40.57745],[17.19457,40.57803],[17.19489,40.57764],[17.19757,40.57821],[17.19873,40.57812],[17.19878,40.57754],[17.20012,40.5772],[17.20202,40.57753],[17.20101,40.57806],[17.20031,40.57907],[17.20051,40.57948],[17.19947,40.5801],[17.20001,40.58016],[17.1998,40.58059],[17.202,40.58115],[17.20195,40.58162],[17.20064,40.58288],[17.19977,40.58313],[17.19877,40.58467],[17.19797,40.58799],[17.19505,40.59293],[17.19427,40.59304],[17.19474,40.59307],[17.19479,40.59381],[17.19317,40.59588],[17.19117,40.60116],[17.19105,40.60596],[17.18977,40.60923],[17.19064,40.60896],[17.19049,40.60997],[17.19317,40.60822],[17.19208,40.60791],[17.19168,40.60707],[17.19215,40.60497],[17.19164,40.60127],[17.19273,40.59971],[17.19321,40.59779],[17.19351,40.59793],[17.19326,40.59844],[17.19434,40.59801],[17.19415,40.59749],[17.19326,40.59748],[17.19348,40.59656],[17.19756,40.59665],[17.19776,40.59626],[17.19351,40.59619],[17.19612,40.5936],[17.19586,40.59262],[17.19701,40.59026],[17.19798,40.58937],[17.19778,40.58895],[17.19837,40.58854],[17.19912,40.58436],[17.19957,40.58375],[17.20061,40.58336],[17.20218,40.58144],[17.20338,40.58158],[17.20436,40.58307],[17.20502,40.58336],[17.20744,40.58778],[17.2068,40.58922],[17.20666,40.59185],[17.20696,40.5919],[17.20788,40.58859],[17.20924,40.58866],[17.20952,40.59068],[17.20891,40.59137],[17.20926,40.59193],[17.20828,40.59424],[17.2089,40.59503],[17.20823,40.59542],[17.20847,40.59592],[17.2078,40.59766],[17.20829,40.59946],[17.20754,40.6007],[17.20558,40.60228],[17.20416,40.6078],[17.20269,40.61016],[17.20295,40.61125],[17.20394,40.61083],[17.2044,40.61413],[17.20315,40.61438],[17.20233,40.6163],[17.20248,40.61697],[17.20185,40.61775],[17.20125,40.61741],[17.20157,40.61927],[17.20094,40.61948],[17.20252,40.62082],[17.20417,40.62047],[17.20437,40.62144],[17.20293,40.62164],[17.20209,40.62134],[17.20148,40.62165],[17.20298,40.62304],[17.20257,40.62366],[17.20286,40.62408],[17.20224,40.6237],[17.20235,40.62288],[17.19952,40.62336],[17.19777,40.62422],[17.19843,40.62665],[17.20039,40.62883],[17.20053,40.63062],[17.20227,40.63243],[17.20213,40.63324],[17.20051,40.63467],[17.19772,40.63507],[17.19608,40.63575],[17.19683,40.63602],[17.19814,40.63743],[17.19948,40.63789],[17.1995,40.63799],[17.19769,40.63888],[17.19732,40.6385],[17.19753,40.63756],[17.19691,40.6377],[17.19651,40.63692],[17.19697,40.63635],[17.19427,40.63545],[17.19335,40.63677],[17.19064,40.63742],[17.18836,40.6374],[17.1828,40.63827],[17.18225,40.63899],[17.18127,40.63909],[17.17841,40.64073],[17.17763,40.64058],[17.17968,40.64242],[17.17512,40.64371],[17.17461,40.64533],[17.17398,40.64539],[17.17281,40.64764],[17.17183,40.64785],[17.17168,40.64753],[17.17245,40.64739],[17.17286,40.64634],[17.17291,40.64388],[17.17143,40.6433],[17.17101,40.64228],[17.16947,40.64205],[17.16964,40.6418],[17.16852,40.64121],[17.16451,40.64117],[17.16583,40.63941],[17.16492,40.63864],[17.1657,40.63833],[17.16539,40.6368],[17.16699,40.63688],[17.16699,40.63832],[17.16629,40.6383],[17.1662,40.6394],[17.16884,40.64003],[17.17158,40.63787],[17.17104,40.63718],[17.16907,40.63698],[17.16834,40.63625],[17.16574,40.63583],[17.16584,40.63562],[17.16167,40.63494],[17.1607,40.63506],[17.16061,40.63621],[17.1588,40.63635],[17.15839,40.63822],[17.15878,40.63882],[17.15968,40.63907],[17.16363,40.63916],[17.16361,40.641],[17.15921,40.64078],[17.15781,40.64039],[17.15784,40.63986],[17.15746,40.63983],[17.15525,40.64017],[17.15474,40.64068],[17.15372,40.64089],[17.15378,40.6402],[17.15483,40.63908],[17.15474,40.63754],[17.15295,40.63516],[17.15288,40.63348],[17.15174,40.63369],[17.15144,40.63101],[17.15276,40.631],[17.15261,40.63035],[17.15193,40.63046],[17.15149,40.62875],[17.15025,40.62763],[17.15072,40.62513],[17.14738,40.62407],[17.14881,40.62082],[17.14683,40.62069],[17.14707,40.61698],[17.15005,40.61866],[17.15149,40.61893],[17.15254,40.61574],[17.15416,40.61477],[17.15389,40.61379],[17.15309,40.61416],[17.15331,40.61459],[17.15205,40.61496],[17.14742,40.61384],[17.14376,40.61375],[17.14292,40.61387],[17.14287,40.61475],[17.13656,40.61626],[17.13528,40.61736],[17.13052,40.61699],[17.12908,40.61584],[17.12854,40.61592],[17.12812,40.61489],[17.1247,40.61169],[17.12338,40.61085],[17.12244,40.61085],[17.12178,40.61047],[17.12196,40.61014],[17.12054,40.60955],[17.12005,40.60885],[17.12063,40.60836],[17.12051,40.60669],[17.12099,40.60637],[17.12025,40.60525],[17.11932,40.60478],[17.11902,40.60393],[17.11729,40.60406],[17.11693,40.60253],[17.11642,40.60231],[17.11552,40.60273],[17.11281,40.60213],[17.11317,40.60155],[17.11207,40.59853],[17.11104,40.59865],[17.1103,40.59694],[17.10939,40.59627],[17.11038,40.59589],[17.1113,40.59629],[17.11104,40.59566],[17.10909,40.59439],[17.1085,40.59155],[17.10667,40.58911],[17.10634,40.58917],[17.10618,40.59053],[17.10489,40.59173],[17.10565,40.59214],[17.10494,40.59264],[17.10504,40.59377],[17.10617,40.59341],[17.10549,40.59393],[17.10668,40.59627],[17.10556,40.59666],[17.10681,40.59816],[17.10801,40.60128],[17.10964,40.60192],[17.11001,40.60277],[17.11047,40.60247],[17.10997,40.60082],[17.11039,40.60059],[17.1117,40.60172],[17.1121,40.60262],[17.11371,40.60378],[17.11409,40.60469],[17.1135,40.60496],[17.1141,40.60564],[17.11349,40.60586],[17.11378,40.60689],[17.11253,40.60692],[17.11253,40.60789],[17.11147,40.60816],[17.11162,40.60853],[17.1112,40.60872],[17.09962,40.59706],[17.10037,40.59661],[17.10106,40.59716],[17.10159,40.59692],[17.10008,40.59543],[17.10077,40.59511],[17.10034,40.59416],[17.10169,40.59382],[17.10061,40.59335],[17.09964,40.5936],[17.09859,40.59323],[17.09771,40.59379],[17.0982,40.59419],[17.09736,40.59459],[17.0968,40.59374],[17.09751,40.59354],[17.09651,40.5932],[17.09431,40.59416],[17.09452,40.59609],[17.09378,40.59731],[17.09405,40.59753],[17.09529,40.59697],[17.0962,40.59761],[17.09718,40.59771],[17.0985,40.60105],[17.09936,40.6017],[17.09901,40.60313],[17.09904,40.60364],[17.09945,40.60371],[17.09929,40.60478],[17.1006,40.60426],[17.10329,40.60542],[17.10432,40.60636],[17.10247,40.60865],[17.10238,40.61271],[17.09794,40.61451],[17.0983,40.61728],[17.09466,40.61872],[17.09467,40.61905],[17.09263,40.61852],[17.0927,40.61393],[17.09046,40.61191],[17.08886,40.60967],[17.08779,40.6052],[17.09008,40.60337],[17.09116,40.60342],[17.09053,40.60242],[17.09276,40.60185],[17.09365,40.60085],[17.09303,40.6004],[17.09395,40.59964],[17.09309,40.5987],[17.09134,40.59933],[17.09218,40.5982],[17.09114,40.59779],[17.08976,40.59802],[17.08904,40.59707],[17.08785,40.5965],[17.08748,40.59604],[17.08917,40.5956],[17.08899,40.59501],[17.08694,40.59593],[17.08591,40.59743],[17.08329,40.5989],[17.08214,40.59886],[17.08142,40.59791],[17.08024,40.59837],[17.07977,40.60115],[17.08051,40.60153],[17.08075,40.60322],[17.08221,40.60323],[17.0834,40.6054],[17.08403,40.60805],[17.08325,40.61249],[17.08442,40.61442],[17.08364,40.61566],[17.08439,40.61656],[17.08385,40.61806],[17.08149,40.61758],[17.08067,40.61679],[17.08006,40.61684],[17.08011,40.61634],[17.07948,40.6161],[17.07876,40.61494],[17.07752,40.60846],[17.07875,40.60644],[17.07868,40.60616],[17.07671,40.60646],[17.07554,40.60091],[17.07508,40.60052],[17.07458,40.60195],[17.07412,40.60218],[17.07208,40.60174],[17.07216,40.60529],[17.07264,40.60615],[17.07411,40.60587],[17.07444,40.60663],[17.07185,40.60738],[17.07185,40.60779],[17.07132,40.60793],[17.07112,40.60737],[17.07072,40.60742],[17.0698,40.60648],[17.06845,40.60734],[17.06813,40.60708],[17.06741,40.62209],[17.06693,40.62216],[17.06752,40.6125],[17.06664,40.61247],[17.0659,40.61082],[17.0668,40.61065],[17.06636,40.61013],[17.06692,40.61008],[17.06716,40.60928],[17.06773,40.60938],[17.0681,40.60557],[17.06933,40.60307],[17.06747,40.60372],[17.06707,40.60283],[17.06627,40.60335],[17.06525,40.60783],[17.06557,40.60818],[17.06513,40.60806],[17.06436,40.60947],[17.06274,40.6095],[17.06182,40.61175],[17.05925,40.61161],[17.0589,40.61027],[17.05621,40.61074],[17.05629,40.61134],[17.05517,40.61166],[17.05464,40.61304],[17.05537,40.61442],[17.05069,40.61498],[17.051,40.61584],[17.05043,40.61755],[17.04951,40.61862],[17.04879,40.61865],[17.04832,40.61962],[17.04677,40.61973],[17.04675,40.62052],[17.04205,40.62107],[17.04125,40.62215],[17.03746,40.62295],[17.03473,40.62252],[17.03486,40.6216],[17.03778,40.62134],[17.03752,40.61678],[17.03651,40.61337],[17.038,40.61401],[17.03744,40.61159],[17.0391,40.60859],[17.03606,40.60798],[17.03507,40.61088],[17.03421,40.61179],[17.03406,40.61285],[17.03454,40.61302],[17.03472,40.61385],[17.03448,40.61702],[17.03261,40.61717],[17.032,40.61934],[17.03407,40.6194],[17.03409,40.62167],[17.03196,40.62191],[17.02965,40.6208],[17.0287,40.61868],[17.02894,40.61843],[17.02795,40.61801],[17.02865,40.61608],[17.02832,40.6151],[17.02724,40.61705],[17.02624,40.62251],[17.01991,40.62328],[17.02593,40.61967],[17.02664,40.6162],[17.02306,40.61685],[17.0221,40.61808],[17.02108,40.61813],[17.01965,40.61695],[17.01734,40.61798],[17.01718,40.61859],[17.01771,40.61931],[17.01648,40.61975],[17.01688,40.62035],[17.01632,40.6207],[17.01548,40.62017],[17.01517,40.62048],[17.00956,40.62129],[17.00935,40.62197],[17.01025,40.62202],[17.0099,40.62294],[17.01062,40.62364],[17.01232,40.62215],[17.01343,40.62303],[17.01146,40.62525],[17.01008,40.625],[17.00995,40.62413],[17.0068,40.62341],[17.00688,40.62182],[17.00556,40.62169],[17.00587,40.62095],[17.00431,40.62152],[17.00417,40.61946],[17.00591,40.61792],[17.00543,40.61779],[17.00594,40.61672],[17.00709,40.61582],[17.00655,40.61524],[17.00687,40.61407],[17.00846,40.61383],[17.00943,40.61218],[17.00875,40.61218],[17.0108,40.6118],[17.01125,40.61078],[17.01054,40.60939],[17.01105,40.60916],[17.01109,40.60848],[17.01229,40.60835],[17.01254,40.60287],[17.0145,40.60355],[17.02019,40.60305],[17.02018,40.60104],[17.01668,40.60035],[17.01606,40.60251],[17.01571,40.60174],[17.01422,40.60095],[17.01113,40.60054],[17.01138,40.60461],[17.01086,40.60462],[17.01101,40.60723],[17.00796,40.60753],[17.00841,40.60906],[17.00636,40.6096],[17.00786,40.6112],[17.00739,40.61141],[17.00664,40.61361],[17.00601,40.61269],[17.00509,40.61273],[17.00506,40.61585],[17.00387,40.61913],[17.0033,40.61946],[17.00199,40.61893],[17.00123,40.6205],[17.00048,40.62028],[17.00025,40.61894],[16.99903,40.61895],[16.99902,40.61726],[16.99732,40.61481],[16.99789,40.61247],[16.99576,40.61021],[16.99511,40.60886],[16.99399,40.60838],[16.99343,40.60576],[16.99222,40.60571],[16.99169,40.60698],[16.99238,40.60724],[16.99257,40.60865],[16.99018,40.60918],[16.9902,40.60974],[16.99325,40.60954],[16.99265,40.61353],[16.99395,40.6137],[16.99435,40.61499],[16.99403,40.61624],[16.9927,40.61765],[16.99293,40.61935],[16.99161,40.6194],[16.99156,40.61874],[16.98848,40.61887],[16.98828,40.61621],[16.98478,40.6179],[16.98231,40.61739],[16.98076,40.61971],[16.9798,40.61991],[16.97929,40.62116],[16.97941,40.62149],[16.98128,40.62163],[16.98136,40.62268],[16.98045,40.62349],[16.97744,40.62368],[16.9764,40.62453],[16.97583,40.62405],[16.97498,40.62412],[16.97479,40.6225],[16.9741,40.62263],[16.97365,40.62147],[16.9743,40.62042],[16.97385,40.61965],[16.97462,40.6186],[16.97416,40.61777],[16.97437,40.61714],[16.97353,40.61678],[16.97398,40.61575],[16.9736,40.61569],[16.97294,40.61222],[16.97326,40.61079],[16.97279,40.60964],[16.9717,40.60894],[16.97155,40.60808],[16.97296,40.60679],[16.97304,40.60625],[16.97411,40.60654],[16.97526,40.60622],[16.97739,40.599],[16.97492,40.59932],[16.9725,40.60281],[16.97267,40.60357],[16.97117,40.60637],[16.9704,40.60687],[16.96932,40.60653],[16.96915,40.60812],[16.96871,40.60854],[16.96968,40.60874],[16.96999,40.60946],[16.96894,40.6095],[16.96873,40.60922],[16.96857,40.60952],[16.96827,40.60922],[16.96805,40.61073],[16.96874,40.61073],[16.96924,40.61245],[16.96862,40.61287],[16.96838,40.6145],[16.96714,40.615],[16.96672,40.61615],[16.96565,40.61698],[16.9626,40.61704],[16.96206,40.61863],[16.95614,40.61855],[16.95416,40.6195],[16.95347,40.62035],[16.95319,40.62214],[16.95198,40.62247],[16.94924,40.62448],[16.94767,40.62382],[16.94711,40.62297],[16.94738,40.62259],[16.94789,40.62296],[16.94878,40.62152],[16.95021,40.62077],[16.94994,40.62062],[16.95112,40.62031],[16.95133,40.61901],[16.94951,40.61901],[16.94927,40.61821],[16.94808,40.61713],[16.94854,40.61341],[16.94827,40.61179],[16.94864,40.61124],[16.94773,40.60893],[16.94672,40.60814],[16.946,40.60646],[16.94605,40.60615],[16.9466,40.60616],[16.94655,40.60095],[16.94742,40.60033],[16.9468,40.59948],[16.94707,40.59907],[16.94665,40.59902],[16.94692,40.59605],[16.94789,40.59329],[16.95035,40.59098],[16.9513,40.59086],[16.95214,40.59211],[16.95412,40.59136],[16.95539,40.59233],[16.95714,40.59201],[16.95806,40.59291],[16.95777,40.59377],[16.95871,40.5937],[16.96127,40.59477],[16.96177,40.59464],[16.95919,40.59356],[16.9586,40.59265],[16.95892,40.59251],[16.95766,40.59151],[16.95565,40.59152],[16.95605,40.58988],[16.95358,40.5887],[16.95276,40.58737],[16.9532,40.58648],[16.95237,40.58594],[16.95294,40.58441],[16.95031,40.58291],[16.94843,40.58368],[16.94985,40.58457],[16.94947,40.58497],[16.95024,40.58539],[16.94989,40.58597],[16.94847,40.58576],[16.94786,40.58608],[16.95093,40.58739],[16.95008,40.58771],[16.94619,40.58782],[16.9453,40.58714],[16.94488,40.58609],[16.94195,40.58735],[16.94209,40.58762],[16.94304,40.58752],[16.94451,40.58859],[16.94414,40.58994],[16.94179,40.59139],[16.94154,40.59103],[16.94137,40.59155],[16.93983,40.59185],[16.93891,40.5928],[16.93822,40.59239],[16.93713,40.59274],[16.93718,40.59352],[16.93661,40.5941],[16.93599,40.59429],[16.93492,40.59378],[16.93257,40.59559],[16.9329,40.59603],[16.93187,40.59659],[16.93247,40.59673],[16.93114,40.59796],[16.92897,40.59887],[16.92771,40.60029],[16.92777,40.59953],[16.92591,40.60156],[16.92619,40.60177],[16.92488,40.60376],[16.9251,40.60415],[16.92444,40.60431],[16.92466,40.60472],[16.92388,40.6057],[16.92351,40.60736],[16.91749,40.61472],[16.91571,40.61593],[16.91606,40.61635],[16.91579,40.61851],[16.91472,40.61836],[16.91427,40.62033],[16.91195,40.62363],[16.9122,40.62642],[16.91093,40.62739],[16.90634,40.62794],[16.90476,40.63047],[16.90482,40.63216],[16.90555,40.63355],[16.90664,40.63455],[16.90864,40.63545],[16.90964,40.63437],[16.90897,40.63418],[16.90828,40.63292],[16.90781,40.63289],[16.90785,40.63179],[16.90715,40.63193],[16.90658,40.63129],[16.90784,40.62973],[16.90879,40.6294],[16.91028,40.62789],[16.91128,40.62777],[16.91237,40.62834],[16.91227,40.6277],[16.91315,40.62746],[16.91272,40.62672],[16.91293,40.62634],[16.91344,40.62657],[16.91327,40.62577],[16.91414,40.62394],[16.91614,40.62274],[16.91726,40.62152],[16.91742,40.62123],[16.91858,40.61825],[16.91949,40.61728],[16.92227,40.61586],[16.91967,40.61679],[16.91844,40.61828],[16.91738,40.6212],[16.91586,40.62264],[16.9148,40.62307],[16.91611,40.62152],[16.9179,40.6159],[16.91886,40.61601],[16.91806,40.61536],[16.91896,40.61501],[16.91976,40.61301],[16.92175,40.61139],[16.92304,40.61167],[16.92323,40.61079],[16.92376,40.61085],[16.92305,40.61043],[16.92299,40.60926],[16.92508,40.60751],[16.92641,40.60849],[16.92845,40.60826],[16.9287,40.60866],[16.92821,40.61051],[16.93021,40.61043],[16.93041,40.60986],[16.93535,40.60953],[16.93635,40.6099],[16.93605,40.60777],[16.937,40.60785],[16.93677,40.60851],[16.93855,40.60933],[16.93984,40.61127],[16.93945,40.61395],[16.93845,40.61445],[16.93914,40.6143],[16.93822,40.61471],[16.9375,40.61571],[16.93639,40.61786],[16.93649,40.61857],[16.93554,40.61986],[16.93258,40.62197],[16.9333,40.62234],[16.93595,40.62064],[16.93916,40.61548],[16.94092,40.6177],[16.94017,40.61556],[16.9404,40.61408],[16.94614,40.61267],[16.94601,40.61384],[16.94462,40.61379],[16.94485,40.61523],[16.94328,40.61687],[16.94202,40.62155],[16.9421,40.62314],[16.94299,40.6238],[16.94324,40.62466],[16.94274,40.62553],[16.94274,40.62716],[16.94198,40.62789],[16.94129,40.628],[16.94166,40.62868],[16.94144,40.63034],[16.93968,40.63006],[16.93611,40.63148],[16.93512,40.63363],[16.93519,40.63578],[16.9333,40.63784],[16.93337,40.63829],[16.93217,40.63851],[16.93111,40.6399],[16.92984,40.6394],[16.92923,40.64031],[16.92913,40.64202],[16.92961,40.64319],[16.93001,40.64205],[16.93047,40.64247],[16.9299,40.64393],[16.93114,40.64321],[16.93187,40.64394],[16.93109,40.65113],[16.93514,40.65297],[16.93447,40.65442],[16.93361,40.65414],[16.93218,40.65474],[16.93111,40.65587],[16.9319,40.65597],[16.93234,40.65675],[16.93291,40.65897],[16.93264,40.66048],[16.93411,40.66045],[16.93421,40.66088],[16.93145,40.66328],[16.93001,40.66518],[16.9301,40.66616],[16.93102,40.66757],[16.93262,40.66424],[16.93365,40.66373],[16.93509,40.66186],[16.93581,40.65995],[16.9352,40.65919],[16.93403,40.65894],[16.9341,40.65643],[16.93624,40.65502],[16.93706,40.65513],[16.93717,40.65453],[16.93978,40.65491],[16.94007,40.65358],[16.93868,40.65328],[16.93904,40.6526],[16.93817,40.64969],[16.93788,40.64991],[16.93582,40.64911],[16.936,40.64732],[16.93507,40.64592],[16.9352,40.64557],[16.9372,40.64616],[16.93729,40.64518],[16.93561,40.64496],[16.93394,40.64394],[16.9334,40.64268],[16.93364,40.64197],[16.93705,40.64051],[16.93711,40.63676],[16.9379,40.63275],[16.93853,40.63225],[16.93924,40.63245],[16.94,40.63333],[16.94235,40.63357],[16.94472,40.63159],[16.94729,40.63206],[16.94753,40.63069],[16.94846,40.63048],[16.94834,40.62993],[16.94879,40.62984],[16.94866,40.62952],[16.94803,40.6296],[16.94766,40.62899],[16.94994,40.62817],[16.95017,40.62857],[16.95209,40.62826],[16.9537,40.63405],[16.95558,40.63406],[16.95711,40.63363],[16.95745,40.62989],[16.95582,40.62959],[16.95531,40.6302],[16.95318,40.62994],[16.95349,40.62926],[16.95463,40.62934],[16.95533,40.62751],[16.95495,40.62746],[16.95481,40.62677],[16.95834,40.62623],[16.96059,40.62665],[16.96065,40.62593],[16.95886,40.62585],[16.95902,40.62369],[16.96259,40.62374],[16.96318,40.62392],[16.96303,40.62497],[16.96435,40.62504],[16.96423,40.62728],[16.96483,40.62738],[16.96416,40.62952],[16.96446,40.62984],[16.96371,40.63067],[16.96476,40.63112],[16.96511,40.63059],[16.96659,40.63113],[16.9671,40.63037],[16.96756,40.63034],[16.96667,40.6278],[16.96734,40.62767],[16.96823,40.63029],[16.97229,40.63047],[16.97197,40.63282],[16.97231,40.63395],[16.97181,40.6349],[16.9689,40.63468],[16.96573,40.64702],[16.96564,40.64901],[16.96788,40.65031],[16.96884,40.65159],[16.96986,40.65189],[16.97106,40.65132],[16.97062,40.65083],[16.97165,40.65028],[16.97217,40.65083],[16.9736,40.65053],[16.97327,40.64961],[16.97391,40.64943],[16.97415,40.64992],[16.97416,40.64957],[16.97504,40.64959],[16.97496,40.65048],[16.97675,40.65055],[16.97771,40.64961],[16.97556,40.64752],[16.97115,40.64923],[16.97022,40.64835],[16.97283,40.64682],[16.97115,40.6444],[16.97224,40.64322],[16.97143,40.64302],[16.97165,40.64037],[16.97335,40.64036],[16.97339,40.63787],[16.97605,40.6379],[16.97605,40.63707],[16.9755,40.63702],[16.97565,40.6347],[16.97522,40.63382],[16.97934,40.62666],[16.97902,40.62627],[16.97936,40.62571],[16.98367,40.62559],[16.9836,40.62422],[16.98518,40.62421],[16.98461,40.62282],[16.9863,40.62236],[16.98684,40.62496],[16.98605,40.62559],[16.98875,40.62547],[16.98882,40.62633],[16.99123,40.62627],[16.99123,40.62755],[16.99267,40.62751],[16.99262,40.62807],[16.99827,40.62803],[16.99825,40.62752],[17.00141,40.62636],[17.00333,40.62653],[17.00371,40.62549],[17.004,40.62581],[17.00441,40.62543],[17.00701,40.6256],[17.00711,40.6246],[17.00605,40.62451],[17.00654,40.62389],[17.00925,40.6247],[17.01,40.62759],[17.01093,40.62784],[17.01309,40.62707],[17.01364,40.62602],[17.01355,40.62412],[17.01562,40.6241],[17.01609,40.62535],[17.01666,40.62574],[17.01811,40.62579],[17.01799,40.62856],[17.01907,40.62765],[17.01958,40.62646],[17.02185,40.62557],[17.02232,40.625],[17.02339,40.62509],[17.02521,40.62394],[17.02679,40.62464],[17.02639,40.62538],[17.02753,40.62555],[17.02745,40.62389],[17.02814,40.62384],[17.02824,40.62438],[17.03014,40.6242],[17.03032,40.62314],[17.03142,40.62296],[17.03288,40.62331],[17.03227,40.62561],[17.03306,40.62578],[17.0328,40.62668],[17.03205,40.62791],[17.03164,40.62772],[17.03169,40.62858],[17.03314,40.62909],[17.03299,40.62779],[17.03425,40.62737],[17.03598,40.62767],[17.03716,40.62879],[17.04026,40.62831],[17.04036,40.62789],[17.04137,40.62755],[17.0415,40.62657],[17.04197,40.62646],[17.04168,40.62535],[17.04442,40.62349],[17.04527,40.62385],[17.04559,40.62534],[17.04603,40.62519],[17.04607,40.62648],[17.04919,40.62566],[17.04942,40.62631],[17.04999,40.62654],[17.05031,40.62621],[17.05419,40.6281],[17.05469,40.62755],[17.05503,40.62776],[17.05509,40.62716],[17.05593,40.62729],[17.05582,40.62817],[17.05693,40.62816],[17.05686,40.62888],[17.05849,40.62816],[17.06158,40.6252],[17.05862,40.62817],[17.05693,40.62898],[17.05718,40.62926],[17.05621,40.62951],[17.05567,40.6303],[17.05499,40.63028],[17.0539,40.63225],[17.05562,40.63286],[17.05739,40.63157],[17.05871,40.63143],[17.06025,40.63048],[17.06057,40.63001],[17.05987,40.62979],[17.06326,40.62867],[17.0616,40.63322],[17.06278,40.63293],[17.06336,40.63321],[17.06481,40.62935],[17.06631,40.62932],[17.06642,40.62977],[17.06572,40.62977],[17.06561,40.63083],[17.06761,40.62964],[17.06897,40.62985],[17.06879,40.63181],[17.0697,40.63368],[17.07117,40.63427],[17.0718,40.63542],[17.07104,40.63646],[17.07121,40.63861],[17.07173,40.63877],[17.07213,40.63793],[17.0744,40.63581],[17.0745,40.6352],[17.07345,40.63327],[17.0736,40.63234],[17.07198,40.63235],[17.07153,40.63161],[17.07255,40.63183],[17.07264,40.63127],[17.07179,40.63114],[17.07196,40.63058],[17.07474,40.63025],[17.07507,40.63146],[17.07582,40.63165],[17.07618,40.63081],[17.07711,40.63079],[17.07715,40.63032],[17.07758,40.63043],[17.07883,40.62973],[17.07976,40.62992],[17.08134,40.63151],[17.08054,40.6339],[17.08051,40.6344],[17.08096,40.63458],[17.08224,40.63303],[17.0826,40.6316],[17.0822,40.63166],[17.08154,40.62928],[17.08593,40.62858],[17.08656,40.62946],[17.08718,40.62948],[17.08701,40.63014],[17.09146,40.62988],[17.09215,40.62926],[17.09213,40.62839],[17.09152,40.6284],[17.09147,40.62768],[17.09371,40.6276],[17.09293,40.6265],[17.09145,40.62626],[17.09313,40.62383],[17.09523,40.62407],[17.09565,40.62332],[17.09672,40.62311],[17.09726,40.62322],[17.0957,40.62596],[17.09581,40.62693],[17.09678,40.62717],[17.10014,40.62654],[17.09986,40.6249],[17.10026,40.62414],[17.10186,40.62434],[17.10188,40.62632],[17.11168,40.62325],[17.11288,40.62531],[17.11358,40.62558],[17.11436,40.62772],[17.11443,40.62922],[17.11313,40.63061],[17.11372,40.63143],[17.11432,40.6314],[17.11502,40.6304],[17.11607,40.62998],[17.11578,40.62616],[17.11722,40.62688],[17.11822,40.62676],[17.1205,40.62829],[17.1209,40.62818],[17.12055,40.62862],[17.12173,40.62904],[17.121,40.63003],[17.12155,40.63111],[17.12284,40.63118],[17.122,40.62984],[17.12249,40.62986],[17.12254,40.6295],[17.12481,40.63067],[17.12578,40.6304],[17.12433,40.62952],[17.12351,40.6295],[17.12336,40.62812],[17.12168,40.62781],[17.12167,40.62666],[17.11949,40.62624],[17.1187,40.62573],[17.1227,40.62571],[17.1227,40.6245],[17.12083,40.62492],[17.12177,40.62408],[17.12297,40.62389],[17.12331,40.62325],[17.12282,40.62226],[17.11862,40.62254],[17.11724,40.624],[17.11641,40.62428],[17.11531,40.62342],[17.11463,40.62365],[17.11414,40.6232],[17.114,40.62278],[17.11558,40.62229],[17.11507,40.62142],[17.11615,40.62109],[17.11545,40.61954],[17.11486,40.61965],[17.11409,40.61801],[17.11373,40.61816],[17.11243,40.6167],[17.11344,40.61612],[17.11527,40.61684],[17.11487,40.61612],[17.11329,40.61519],[17.11467,40.6146],[17.11594,40.61525],[17.11656,40.61613],[17.1175,40.61518],[17.11699,40.61427],[17.11879,40.61459],[17.11961,40.61364],[17.1219,40.61446],[17.12373,40.61441],[17.12551,40.61648],[17.12827,40.6181],[17.12931,40.61799],[17.13049,40.62029],[17.13154,40.62023],[17.13127,40.62174],[17.13172,40.62187],[17.13229,40.62121],[17.13305,40.6218],[17.13237,40.62106],[17.13294,40.62082],[17.13326,40.62119],[17.13444,40.62102],[17.13409,40.62133],[17.13591,40.62127],[17.13844,40.62222],[17.13923,40.62352],[17.13783,40.62519],[17.13985,40.62523],[17.14086,40.62675],[17.1423,40.62667],[17.14481,40.62861],[17.14555,40.62847],[17.14677,40.62899],[17.14898,40.62863],[17.14904,40.629],[17.14798,40.63072],[17.146,40.63199],[17.14842,40.63247],[17.14784,40.63365],[17.14864,40.63402],[17.14795,40.63454],[17.14841,40.63506],[17.14344,40.63336],[17.14375,40.63215],[17.14039,40.63175],[17.1393,40.63119],[17.13406,40.63201],[17.133,40.63148],[17.13386,40.6336],[17.13181,40.63398],[17.13115,40.63559],[17.13027,40.63465],[17.13014,40.63368],[17.12839,40.63395],[17.1284,40.63482],[17.12741,40.63391],[17.12618,40.63431],[17.12523,40.63407],[17.12383,40.63518],[17.1239,40.63386],[17.12208,40.63367],[17.12047,40.63399],[17.12142,40.63591],[17.12046,40.63642],[17.1193,40.63643],[17.11725,40.63361],[17.11659,40.63437],[17.11683,40.63497],[17.11736,40.63486],[17.11799,40.63634],[17.11613,40.63681],[17.11669,40.63947],[17.11462,40.63975],[17.11526,40.63808],[17.11331,40.63893],[17.11288,40.63869],[17.11106,40.63927],[17.11003,40.6403],[17.10815,40.64067],[17.10797,40.64169],[17.10842,40.64205],[17.10666,40.64293],[17.10682,40.64321],[17.10383,40.64321],[17.10305,40.64382],[17.10308,40.6447],[17.10224,40.64555],[17.10131,40.64534],[17.09883,40.64607],[17.09835,40.64677],[17.09601,40.64749],[17.09565,40.64813],[17.09524,40.64813],[17.09538,40.64617],[17.09565,40.64581],[17.09693,40.64572],[17.09757,40.64408],[17.09679,40.64435],[17.09618,40.64399],[17.09577,40.64263],[17.09605,40.64237],[17.09489,40.64202],[17.0895,40.64083],[17.08841,40.64156],[17.08736,40.64161],[17.08771,40.64002],[17.08859,40.64002],[17.08849,40.63924],[17.08669,40.63901],[17.0871,40.63853],[17.0869,40.63731],[17.08403,40.6385],[17.0826,40.64088],[17.08136,40.64125],[17.07897,40.64346],[17.07802,40.64345],[17.07695,40.64506],[17.0762,40.64735],[17.07464,40.64824],[17.07438,40.64968],[17.07183,40.65095],[17.07088,40.6501],[17.07049,40.65044],[17.07024,40.65007],[17.07002,40.65082],[17.06905,40.65099],[17.06896,40.65169],[17.06633,40.65439],[17.06432,40.65292],[17.06351,40.65284],[17.0641,40.65175],[17.06332,40.65063],[17.06293,40.65161],[17.06107,40.65048],[17.06073,40.6508],[17.06135,40.65101],[17.06163,40.6523],[17.05916,40.65407],[17.06029,40.65785],[17.06084,40.65807],[17.06076,40.65999],[17.06184,40.65994],[17.06317,40.66138],[17.06421,40.66095],[17.06351,40.66002],[17.06678,40.6586],[17.06747,40.65959],[17.06886,40.65901],[17.06823,40.65809],[17.06729,40.65796],[17.06635,40.65658],[17.06999,40.65501],[17.07034,40.65524],[17.07146,40.65437],[17.07662,40.65837],[17.07775,40.65748],[17.07831,40.65773],[17.07873,40.65707],[17.08036,40.65788],[17.08056,40.65765],[17.08124,40.6581],[17.08176,40.65766],[17.08224,40.65803],[17.08131,40.65938],[17.08197,40.66024],[17.08037,40.66124],[17.07902,40.66024],[17.0768,40.6619],[17.07529,40.66078],[17.07391,40.66178],[17.0755,40.66297],[17.07477,40.6635],[17.0766,40.66493],[17.07761,40.66505],[17.0776,40.66565],[17.07794,40.66551],[17.0783,40.66599],[17.07952,40.66491],[17.08157,40.66561],[17.08438,40.66507],[17.08576,40.66383],[17.08655,40.66462],[17.08772,40.66783],[17.0884,40.66799],[17.08756,40.66897],[17.08573,40.66819],[17.08522,40.6688],[17.08217,40.66846],[17.0833,40.66691],[17.08023,40.66714],[17.08086,40.67003],[17.08038,40.6708],[17.08148,40.6712],[17.0802,40.67299],[17.08109,40.67331],[17.08074,40.67395],[17.07987,40.67353],[17.07962,40.67391],[17.07829,40.67275],[17.07537,40.67254],[17.07487,40.67079],[17.0731,40.67109],[17.07335,40.67176],[17.07191,40.67198],[17.07245,40.67326],[17.07149,40.6747],[17.07222,40.67531],[17.07068,40.67681],[17.06404,40.67618],[17.06024,40.67744],[17.05797,40.6787],[17.05704,40.67985],[17.05539,40.67989],[17.05523,40.6812],[17.05455,40.6812],[17.05454,40.6818],[17.05303,40.68142],[17.05228,40.68173],[17.05219,40.68238],[17.04885,40.68614],[17.04784,40.68493],[17.04612,40.68411],[17.04567,40.68345],[17.04473,40.68349],[17.0437,40.68241],[17.04029,40.68291],[17.03874,40.68229],[17.03785,40.68268],[17.03775,40.6823],[17.03473,40.6831],[17.03405,40.68314],[17.03378,40.68268],[17.03087,40.68323],[17.03033,40.68257],[17.02984,40.68255],[17.02957,40.68114],[17.02821,40.68097],[17.02856,40.68048],[17.02968,40.68025],[17.03018,40.67932],[17.03141,40.67902],[17.03101,40.67784],[17.03353,40.67776],[17.03351,40.67709],[17.0313,40.67691],[17.03118,40.67645],[17.03023,40.6765],[17.03004,40.6761],[17.02783,40.67672],[17.02737,40.6762],[17.02728,40.67466],[17.02584,40.67421],[17.02596,40.67226],[17.02547,40.67224],[17.02573,40.66987],[17.02875,40.66927],[17.02866,40.66849],[17.03102,40.6685],[17.03178,40.66962],[17.03446,40.66938],[17.03449,40.66841],[17.03162,40.66827],[17.0314,40.66612],[17.03062,40.6661],[17.03069,40.66408],[17.02704,40.66574],[17.02328,40.66667],[17.02355,40.66728],[17.02124,40.6676],[17.02149,40.66835],[17.0198,40.66851],[17.02038,40.67017],[17.01974,40.67027],[17.01981,40.67066],[17.017,40.67124],[17.01626,40.67199],[17.01506,40.67091],[17.01052,40.67327],[17.01109,40.67376],[17.01051,40.67485],[17.00927,40.67535],[17.00911,40.6768],[17.00737,40.67686],[17.00716,40.67651],[17.00544,40.67679],[17.00696,40.67867],[17.00516,40.67829],[17.00487,40.67903],[17.00559,40.67925],[17.00588,40.68134],[17.00515,40.68131],[17.00463,40.67947],[17.00406,40.67915],[17.00365,40.67933],[17.00273,40.6777],[17.00089,40.67674],[17.00023,40.67723],[17.00182,40.67848],[17.00087,40.6791],[17.00113,40.67953],[16.99941,40.68055],[16.9987,40.68002],[16.99733,40.68087],[16.99603,40.68025],[16.99581,40.68044],[16.99674,40.68118],[16.99557,40.68218],[16.99601,40.68246],[16.99541,40.68295],[16.99405,40.68204],[16.99348,40.68247],[16.99308,40.68213],[16.99359,40.68169],[16.99107,40.67982],[16.99033,40.68018],[16.98933,40.67909],[16.98886,40.67943],[16.98854,40.67916],[16.9864,40.68064],[16.98744,40.68146],[16.98503,40.6832],[16.98415,40.68253],[16.97709,40.68707],[16.97915,40.6888],[16.97786,40.68975],[16.97633,40.68966],[16.97475,40.6888],[16.97425,40.68954],[16.97556,40.69096],[16.97447,40.69145],[16.97603,40.69448],[16.97465,40.69476],[16.97419,40.69338],[16.9715,40.69386],[16.97198,40.6919],[16.97108,40.69175],[16.97143,40.69001],[16.96792,40.69052],[16.96451,40.68993],[16.96439,40.68866],[16.96337,40.68831],[16.96374,40.68747],[16.95978,40.68579],[16.9565,40.68548],[16.95536,40.68597],[16.95344,40.68514],[16.95257,40.68415],[16.95229,40.68214],[16.94965,40.68246],[16.94951,40.68311],[16.94837,40.68294],[16.94798,40.68386],[16.94754,40.68356],[16.94769,40.68315],[16.9467,40.68286],[16.94623,40.6839],[16.94556,40.68375],[16.94588,40.68305],[16.94466,40.68268],[16.94411,40.6841],[16.94038,40.68364],[16.93911,40.68204],[16.93817,40.68595],[16.93865,40.68811],[16.9374,40.68858],[16.93749,40.68922],[16.93477,40.6918],[16.93406,40.69226],[16.93278,40.69238],[16.93308,40.69335],[16.9322,40.69553],[16.92864,40.6983],[16.92859,40.699],[16.92706,40.69852],[16.92609,40.70021],[16.92527,40.70387],[16.93325,40.6988],[16.93493,40.69807],[16.93513,40.69852],[16.92622,40.70357],[16.92422,40.70559],[16.92314,40.70764],[16.92265,40.71015],[16.924,40.71059],[16.92516,40.71015],[16.92796,40.71114],[16.93035,40.71069],[16.93042,40.71107],[16.93094,40.71124],[16.93111,40.71097],[16.93269,40.71231],[16.93226,40.71272],[16.93114,40.71199],[16.93064,40.71227],[16.93036,40.71558],[16.92735,40.71685],[16.92541,40.71824],[16.92581,40.71897],[16.92692,40.71957],[16.92733,40.72156],[16.92891,40.72322],[16.92861,40.72375],[16.92413,40.7247],[16.92308,40.72597],[16.92343,40.72727],[16.92834,40.72597],[16.93334,40.72324],[16.93261,40.72175],[16.93473,40.72243],[16.93551,40.72117],[16.93573,40.71917],[16.93705,40.71961],[16.93637,40.72121],[16.93785,40.72302],[16.94135,40.72479],[16.94444,40.725],[16.94464,40.724],[16.94311,40.72391],[16.94076,40.72291],[16.9376,40.7207],[16.93865,40.71541],[16.93578,40.71433],[16.93591,40.71399],[16.94216,40.71125],[16.9424,40.71358],[16.94371,40.71692],[16.9474,40.71796],[16.9475,40.71721],[16.94891,40.71693],[16.95066,40.71839],[16.95037,40.71936],[16.9507,40.72093],[16.94714,40.72023],[16.94951,40.72431],[16.95158,40.72258],[16.95189,40.72421],[16.95308,40.72653],[16.95434,40.72673],[16.95444,40.73084],[16.95166,40.73092],[16.95188,40.73601],[16.95251,40.73618],[16.95254,40.73658],[16.95479,40.73646],[16.95465,40.73369],[16.9565,40.73361]],[[16.95175,40.7207],[16.95292,40.71787],[16.95209,40.71662],[16.95276,40.71512],[16.95231,40.71385],[16.95302,40.71211],[16.95256,40.71199],[16.95154,40.70959],[16.95172,40.70862],[16.95032,40.70917],[16.94899,40.71076],[16.95034,40.71254],[16.94824,40.71534],[16.94327,40.7132],[16.94911,40.70868],[16.95064,40.7041],[16.95434,40.70862],[16.95857,40.70381],[16.96263,40.70236],[16.9624,40.70379],[16.96077,40.7066],[16.95945,40.71203],[16.96062,40.71203],[16.9612,40.7124],[16.96029,40.71595],[16.95983,40.7165],[16.95879,40.71664],[16.95746,40.71797],[16.95703,40.7178],[16.95274,40.7216],[16.95175,40.7207]],[[16.92516,40.71015],[16.92516,40.71015],[16.92516,40.71015],[16.92516,40.71015]],[[17.01075,40.68249],[17.01075,40.68249],[17.01076,40.68252],[17.01075,40.68249]],[[17.00614,40.67939],[17.00614,40.67937],[17.00614,40.67939],[17.00614,40.67939]],[[16.9652,40.61702],[16.9652,40.61702],[16.9652,40.61702],[16.9652,40.61702]],[[17.17949,40.53297],[17.17949,40.53297],[17.17957,40.53326],[17.17949,40.53297]],[[17.18301,40.53064],[17.18306,40.53069],[17.18306,40.53069],[17.18301,40.53064]],[[17.17219,40.52781],[17.17209,40.52771],[17.1723,40.52786],[17.17219,40.52781]],[[17.30716,40.56189],[17.30718,40.56188],[17.30716,40.56189],[17.30716,40.56189]],[[17.28473,40.57015],[17.28471,40.57017],[17.28473,40.57015],[17.28473,40.57015]],[[17.25176,40.6551],[17.25176,40.6551],[17.25175,40.65508],[17.25176,40.6551]]],[[[17.27297,40.63433],[17.27369,40.63431],[17.27366,40.63288],[17.27257,40.6322],[17.27067,40.62959],[17.26816,40.63062],[17.26739,40.62937],[17.26811,40.62908],[17.26724,40.62793],[17.26408,40.62976],[17.26405,40.63052],[17.26292,40.6303],[17.26236,40.6308],[17.26136,40.63568],[17.26205,40.63554],[17.26399,40.63825],[17.26535,40.6394],[17.26871,40.63627],[17.27297,40.63433]]],[[[17.26646,40.6872],[17.26926,40.6863],[17.27042,40.68806],[17.27146,40.68772],[17.27214,40.68623],[17.27112,40.68552],[17.2695,40.68615],[17.26291,40.68359],[17.26243,40.68417],[17.26278,40.68426],[17.26123,40.68501],[17.26048,40.68456],[17.25943,40.6853],[17.25846,40.6849],[17.25808,40.6846],[17.25852,40.68344],[17.25972,40.68363],[17.26082,40.68184],[17.25516,40.681],[17.25637,40.67896],[17.25565,40.67795],[17.25006,40.67596],[17.24387,40.66967],[17.23702,40.6733],[17.23571,40.67281],[17.23589,40.67239],[17.23409,40.67058],[17.23421,40.67012],[17.23274,40.66987],[17.22823,40.67745],[17.227,40.67877],[17.22665,40.68018],[17.22916,40.68147],[17.23153,40.68208],[17.23189,40.68121],[17.23167,40.67941],[17.23358,40.67941],[17.2337,40.68016],[17.23447,40.68014],[17.2355,40.67727],[17.23634,40.67691],[17.24666,40.67758],[17.24716,40.67775],[17.2477,40.67891],[17.24749,40.68114],[17.24692,40.68106],[17.24315,40.68265],[17.24336,40.68375],[17.24251,40.68468],[17.24379,40.6854],[17.25073,40.68649],[17.25186,40.68681],[17.25184,40.6871],[17.25558,40.68687],[17.25826,40.68727],[17.26056,40.68673],[17.26226,40.68699],[17.26465,40.68777],[17.26579,40.68893],[17.26646,40.6872]]]]}},{"type":"Feature","properties":{"nome":"Costa Otranto-S.Maria di Leuca e Bosco di Tricase","tipo":"Parco Naturale Regionale","codice":"EUAP1192","ettari":3180,"settori":["LE_02","LE_03"]},"geometry":{"type":"MultiPolygon","coordinates":[[[[18.35929,39.79916],[18.35728,39.8033],[18.35696,39.80328],[18.3571,39.80391],[18.35332,39.80824],[18.35445,39.81166],[18.35619,39.81459],[18.35672,39.8145],[18.35698,39.81396],[18.35853,39.81445],[18.35827,39.81391],[18.35913,39.81208],[18.35821,39.80863],[18.36126,39.8093],[18.36066,39.81068],[18.35996,39.81056],[18.35979,39.81126],[18.36087,39.81126],[18.36115,39.81157],[18.36063,39.81246],[18.36113,39.81275],[18.36209,39.81232],[18.36232,39.81171],[18.36384,39.81202],[18.364,39.81141],[18.36367,39.81129],[18.3643,39.81047],[18.36404,39.8099],[18.36298,39.80978],[18.36238,39.80918],[18.36298,39.8088],[18.36269,39.80876],[18.36296,39.80781],[18.36232,39.8076],[18.36287,39.80571],[18.36164,39.80486],[18.36221,39.80367],[18.36218,39.80328],[18.36152,39.80312],[18.36232,39.80155],[18.36153,39.80103],[18.36218,39.79923],[18.36138,39.79973],[18.36107,39.80108],[18.35981,39.80066],[18.36004,39.8002],[18.3594,39.80004],[18.3598,39.79933],[18.35929,39.79916]]],[[[18.35203,39.79856],[18.35169,39.80005],[18.35203,39.80069],[18.35132,39.80189],[18.34823,39.80131],[18.3471,39.8038],[18.34733,39.80603],[18.34639,39.80838],[18.34393,39.81259],[18.34255,39.81373],[18.34087,39.81806],[18.34166,39.82011],[18.34305,39.82082],[18.34481,39.8208],[18.34548,39.82141],[18.34779,39.82198],[18.34808,39.82129],[18.34681,39.82007],[18.34607,39.81663],[18.3468,39.81533],[18.34685,39.81412],[18.34587,39.81369],[18.34748,39.81088],[18.34791,39.81096],[18.34952,39.81002],[18.35004,39.80904],[18.35069,39.80909],[18.35064,39.80745],[18.34932,39.80727],[18.34964,39.80649],[18.3506,39.80661],[18.35159,39.80385],[18.35257,39.80368],[18.35231,39.80116],[18.35325,39.79772],[18.35276,39.79765],[18.35203,39.79856]]],[[[18.37865,39.84402],[18.37865,39.84402],[18.37865,39.84402],[18.37865,39.84402]]],[[[18.38001,39.84335],[18.37797,39.84502],[18.37837,39.84565],[18.37981,39.84586],[18.37945,39.8471],[18.38032,39.848],[18.37736,39.85106],[18.37682,39.85096],[18.37647,39.85251],[18.37746,39.85269],[18.3785,39.85141],[18.38016,39.8517],[18.38032,39.85085],[18.38146,39.85075],[18.38467,39.85212],[18.38375,39.85424],[18.38481,39.85433],[18.38438,39.85568],[18.38321,39.85541],[18.38305,39.85599],[18.38053,39.85574],[18.37985,39.85702],[18.37898,39.85689],[18.37829,39.86027],[18.37835,39.86339],[18.38341,39.8638],[18.38313,39.86589],[18.38196,39.86872],[18.38686,39.86838],[18.3878,39.86945],[18.38704,39.87014],[18.38752,39.87033],[18.38668,39.87106],[18.38668,39.87192],[18.38364,39.87402],[18.38316,39.876],[18.38349,39.87621],[18.38456,39.8759],[18.38564,39.87511],[18.38704,39.87669],[18.38958,39.87637],[18.38976,39.87604],[18.39072,39.87617],[18.39085,39.87572],[18.39157,39.87567],[18.3912,39.87693],[18.39181,39.87701],[18.39166,39.87753],[18.39233,39.87756],[18.3924,39.8781],[18.39361,39.87845],[18.39365,39.87961],[18.39158,39.88141],[18.39026,39.88317],[18.39251,39.88371],[18.39188,39.88522],[18.39266,39.88528],[18.39257,39.88608],[18.39173,39.88744],[18.39217,39.88814],[18.39299,39.88829],[18.39347,39.88914],[18.39326,39.88987],[18.3926,39.89],[18.39167,39.89345],[18.38985,39.89439],[18.38755,39.90074],[18.39036,39.90167],[18.38992,39.90375],[18.38674,39.90567],[18.38472,39.90454],[18.38025,39.91145],[18.37839,39.91102],[18.3775,39.91342],[18.37798,39.91351],[18.37765,39.91411],[18.37604,39.91386],[18.37495,39.91539],[18.3754,39.91559],[18.37451,39.91649],[18.37398,39.91644],[18.3735,39.91763],[18.37277,39.91758],[18.37044,39.91623],[18.36982,39.91784],[18.37028,39.91798],[18.37048,39.91877],[18.36933,39.91976],[18.36957,39.92008],[18.36878,39.92091],[18.36982,39.92196],[18.37403,39.91928],[18.37462,39.91985],[18.37735,39.91834],[18.37927,39.91674],[18.38006,39.91719],[18.38096,39.91632],[18.37988,39.91541],[18.38157,39.9142],[18.38212,39.91452],[18.38239,39.9143],[18.38201,39.91408],[18.38503,39.91108],[18.38552,39.91106],[18.3853,39.91076],[18.38599,39.91006],[18.38673,39.91048],[18.38977,39.90784],[18.39158,39.90944],[18.39398,39.91278],[18.39321,39.91465],[18.39219,39.91504],[18.39286,39.91716],[18.39208,39.91724],[18.39195,39.91653],[18.39018,39.91511],[18.38788,39.91774],[18.38827,39.91801],[18.38736,39.91934],[18.38368,39.91772],[18.38183,39.91877],[18.3833,39.91967],[18.38579,39.92029],[18.38285,39.92393],[18.38164,39.92341],[18.381,39.92398],[18.38045,39.92371],[18.37949,39.92514],[18.37775,39.92494],[18.3769,39.92595],[18.37775,39.92635],[18.37663,39.92745],[18.37714,39.9281],[18.3762,39.92846],[18.37654,39.92878],[18.37827,39.92891],[18.37925,39.92975],[18.37806,39.93144],[18.3781,39.93259],[18.37871,39.93293],[18.37795,39.9342],[18.38223,39.93488],[18.38344,39.93293],[18.38444,39.93248],[18.3882,39.93433],[18.38735,39.93574],[18.38814,39.93602],[18.38795,39.93661],[18.38971,39.9372],[18.38911,39.93821],[18.39003,39.93846],[18.39077,39.93991],[18.39005,39.94153],[18.38928,39.94152],[18.3894,39.94288],[18.39093,39.94354],[18.39177,39.94452],[18.39301,39.9447],[18.39237,39.94756],[18.39253,39.94862],[18.39318,39.94877],[18.39231,39.94954],[18.39324,39.95025],[18.39382,39.94979],[18.39586,39.94981],[18.39676,39.9529],[18.39605,39.95452],[18.39769,39.9548],[18.39881,39.95585],[18.39842,39.95769],[18.39775,39.95856],[18.39858,39.95856],[18.39806,39.96038],[18.39475,39.96173],[18.39271,39.96308],[18.39252,39.96469],[18.39324,39.96477],[18.39627,39.96671],[18.39683,39.96587],[18.39679,39.96481],[18.39762,39.96465],[18.39795,39.9675],[18.39736,39.96766],[18.39706,39.96985],[18.39836,39.96996],[18.39858,39.97128],[18.39807,39.97247],[18.39692,39.97208],[18.39648,39.97415],[18.39762,39.97442],[18.39909,39.97542],[18.39996,39.97546],[18.39997,39.97668],[18.40184,39.97981],[18.40158,39.98116],[18.40225,39.98207],[18.40391,39.98229],[18.40434,39.98259],[18.40415,39.98304],[18.40551,39.98358],[18.40401,39.98395],[18.40378,39.98609],[18.40436,39.98652],[18.40482,39.98816],[18.40655,39.98963],[18.40793,39.98813],[18.40891,39.98873],[18.40975,39.98813],[18.41065,39.98996],[18.41326,39.98948],[18.4123,39.988],[18.41217,39.98536],[18.4112,39.98282],[18.40727,39.979],[18.40608,39.97571],[18.40535,39.97522],[18.40551,39.9748],[18.40458,39.97486],[18.40412,39.97291],[18.40315,39.9731],[18.40297,39.97274],[18.4032,39.97006],[18.40286,39.96757],[18.40188,39.96551],[18.40181,39.96315],[18.40226,39.96184],[18.40178,39.96178],[18.40163,39.9599],[18.40237,39.95978],[18.40245,39.96173],[18.40379,39.96391],[18.40445,39.96362],[18.40498,39.96413],[18.40525,39.96558],[18.40584,39.96508],[18.40592,39.96413],[18.4041,39.96325],[18.40279,39.96109],[18.40308,39.96058],[18.40275,39.95895],[18.40321,39.95773],[18.40248,39.95356],[18.40277,39.95278],[18.40206,39.95151],[18.40212,39.94989],[18.40127,39.94786],[18.40153,39.94577],[18.39938,39.94104],[18.39837,39.93525],[18.39774,39.93467],[18.39833,39.9395],[18.39877,39.94129],[18.40069,39.94483],[18.40081,39.94826],[18.40198,39.95261],[18.40082,39.9525],[18.40119,39.95073],[18.40044,39.95074],[18.40031,39.9504],[18.40005,39.94623],[18.39934,39.94616],[18.3995,39.94426],[18.39866,39.94438],[18.39867,39.94382],[18.39735,39.94256],[18.39665,39.93855],[18.39481,39.93825],[18.39562,39.93675],[18.39687,39.93696],[18.39673,39.93641],[18.39604,39.93636],[18.39608,39.93568],[18.39468,39.93594],[18.39362,39.93559],[18.39309,39.9362],[18.39066,39.93677],[18.3899,39.9354],[18.39055,39.93555],[18.39102,39.93506],[18.39156,39.93519],[18.39257,39.93464],[18.39234,39.93428],[18.39342,39.93389],[18.39326,39.9331],[18.39213,39.9329],[18.39184,39.93246],[18.39148,39.92904],[18.39222,39.92903],[18.39276,39.93026],[18.39348,39.93059],[18.39406,39.93013],[18.39323,39.92837],[18.39184,39.92854],[18.39049,39.92337],[18.39253,39.92225],[18.39281,39.92275],[18.39347,39.92278],[18.39361,39.92334],[18.39408,39.9233],[18.39439,39.92403],[18.39393,39.92424],[18.39411,39.92471],[18.39491,39.92461],[18.39569,39.9251],[18.3943,39.92702],[18.39411,39.92853],[18.39453,39.93012],[18.39562,39.93089],[18.39597,39.93069],[18.39529,39.93011],[18.3947,39.92816],[18.39633,39.92449],[18.3959,39.92467],[18.39546,39.92439],[18.39594,39.92397],[18.39498,39.92192],[18.39528,39.91999],[18.3944,39.9197],[18.39296,39.92105],[18.39246,39.92093],[18.39312,39.91999],[18.39277,39.91951],[18.39361,39.91827],[18.39395,39.91672],[18.39391,39.91371],[18.39469,39.91305],[18.39247,39.90984],[18.39245,39.90922],[18.39149,39.90882],[18.39153,39.90825],[18.39059,39.90811],[18.39028,39.9058],[18.3909,39.9046],[18.39485,39.90224],[18.39539,39.90054],[18.39663,39.89872],[18.3972,39.89648],[18.39724,39.89594],[18.39352,39.89626],[18.39474,39.88964],[18.39384,39.88685],[18.39393,39.88558],[18.39506,39.88341],[18.39849,39.88286],[18.3993,39.88212],[18.39951,39.88085],[18.39816,39.87871],[18.39788,39.87629],[18.39849,39.87539],[18.39824,39.87452],[18.39734,39.87381],[18.39601,39.87385],[18.39547,39.87152],[18.39387,39.87001],[18.39424,39.86919],[18.39467,39.86918],[18.39499,39.86976],[18.3957,39.86952],[18.39522,39.86841],[18.39335,39.86831],[18.39493,39.86717],[18.39441,39.86661],[18.39474,39.86629],[18.39451,39.8648],[18.39177,39.86463],[18.39105,39.86397],[18.39052,39.86397],[18.39029,39.86269],[18.3888,39.86077],[18.38494,39.86096],[18.38421,39.86072],[18.38363,39.85904],[18.38558,39.85871],[18.38529,39.85757],[18.3857,39.85704],[18.38924,39.85724],[18.38976,39.85813],[18.39066,39.85809],[18.39136,39.85654],[18.39147,39.85539],[18.39085,39.85511],[18.39105,39.85155],[18.39026,39.85073],[18.3902,39.8496],[18.39063,39.84904],[18.39011,39.84892],[18.39029,39.84825],[18.3895,39.84605],[18.38914,39.84538],[18.38846,39.8452],[18.3881,39.84433],[18.38596,39.84414],[18.38678,39.84379],[18.38641,39.84244],[18.38546,39.84185],[18.38548,39.84136],[18.38449,39.84112],[18.38519,39.84063],[18.38509,39.83963],[18.38579,39.83937],[18.38601,39.83878],[18.38541,39.83832],[18.38566,39.83759],[18.38512,39.83761],[18.38555,39.83688],[18.38536,39.83446],[18.38608,39.83108],[18.38666,39.83062],[18.38706,39.82896],[18.38845,39.82739],[18.38851,39.82656],[18.39067,39.82412],[18.39057,39.82336],[18.39101,39.82291],[18.39039,39.82207],[18.39137,39.82095],[18.39142,39.81945],[18.39077,39.81867],[18.39097,39.81748],[18.39041,39.81685],[18.3896,39.81675],[18.38952,39.81567],[18.38776,39.81494],[18.38633,39.8134],[18.38472,39.81316],[18.38422,39.81195],[18.3846,39.81157],[18.38308,39.81008],[18.38254,39.80882],[18.38122,39.80777],[18.38121,39.80698],[18.3805,39.80715],[18.37988,39.8061],[18.3783,39.80667],[18.37917,39.80547],[18.37893,39.805],[18.37815,39.80531],[18.37776,39.80354],[18.37722,39.80345],[18.37665,39.80025],[18.37634,39.80047],[18.37545,39.7994],[18.37434,39.79962],[18.37414,39.79862],[18.37176,39.79746],[18.37006,39.79569],[18.36917,39.7938],[18.36758,39.79406],[18.36699,39.79322],[18.3663,39.79388],[18.36639,39.79507],[18.36683,39.79537],[18.36637,39.79671],[18.36541,39.79771],[18.36343,39.7987],[18.36532,39.80036],[18.36672,39.80032],[18.3681,39.79868],[18.36771,39.79609],[18.36828,39.79522],[18.36869,39.79527],[18.36984,39.79685],[18.3693,39.79711],[18.37243,39.79881],[18.37556,39.80209],[18.37511,39.80473],[18.37733,39.80876],[18.37985,39.80951],[18.38467,39.81603],[18.38723,39.81775],[18.38292,39.82218],[18.38465,39.8228],[18.38478,39.82338],[18.38349,39.82666],[18.38218,39.828],[18.3812,39.83012],[18.38226,39.83048],[18.37953,39.8385],[18.38087,39.83909],[18.38078,39.84],[18.37968,39.8409],[18.38005,39.84106],[18.37979,39.84165],[18.38024,39.8424],[18.38001,39.84335]],[[18.40547,39.97549],[18.40546,39.97549],[18.40547,39.97548],[18.40547,39.97549]],[[18.38931,39.92422],[18.38672,39.92639],[18.38973,39.92525],[18.39086,39.92648],[18.39105,39.92872],[18.39013,39.92843],[18.38965,39.93167],[18.38899,39.93236],[18.38664,39.9315],[18.38711,39.93055],[18.38619,39.93028],[18.38401,39.9322],[18.37961,39.92987],[18.38023,39.92899],[18.37957,39.92894],[18.37888,39.92806],[18.38063,39.92764],[18.37941,39.92762],[18.38227,39.92633],[18.38346,39.92521],[18.38816,39.92413],[18.38931,39.92422]]],[[[18.41526,40.00938],[18.4146,40.01014],[18.41383,40.01272],[18.41499,40.0125],[18.41543,40.01279],[18.41499,40.01399],[18.41578,40.0154],[18.41564,40.01616],[18.41486,40.01666],[18.41729,40.01672],[18.41795,40.01444],[18.41748,40.0135],[18.41769,40.01164],[18.41888,40.01213],[18.41955,40.01201],[18.4196,40.0123],[18.41891,40.01241],[18.42018,40.01438],[18.42249,40.01165],[18.41962,40.01098],[18.4211,40.00887],[18.41952,40.00758],[18.42256,40.00568],[18.42227,40.00536],[18.42098,40.00457],[18.41913,40.00667],[18.41676,40.00607],[18.41938,40.00399],[18.41958,40.00324],[18.42129,40.0017],[18.42151,40.00063],[18.4184,39.9984],[18.41705,39.99676],[18.41422,39.99779],[18.41373,39.99673],[18.4143,39.99653],[18.41397,39.99593],[18.41508,39.99548],[18.41483,39.99502],[18.41346,39.99391],[18.41204,39.99465],[18.41007,39.99334],[18.41202,39.99192],[18.41286,39.99181],[18.41352,39.99214],[18.41454,39.99156],[18.41543,39.99336],[18.41939,39.99715],[18.42099,39.99809],[18.42125,39.99874],[18.42323,39.99942],[18.42309,39.99997],[18.42351,39.99944],[18.42249,39.99861],[18.42164,39.99863],[18.42118,39.99777],[18.41735,39.99478],[18.41547,39.99283],[18.41498,39.99122],[18.41407,39.9915],[18.41364,39.99089],[18.41225,39.9907],[18.41066,39.99105],[18.4098,39.99281],[18.40853,39.99308],[18.40813,39.99389],[18.40926,39.99496],[18.40863,39.99719],[18.40979,39.99759],[18.41046,39.99848],[18.41101,39.99801],[18.41183,39.99828],[18.41147,39.99873],[18.41254,39.99917],[18.41237,39.99991],[18.41314,39.99973],[18.41373,40.00032],[18.41584,40.00111],[18.41747,40.0012],[18.41694,40.00204],[18.41524,40.00301],[18.41393,40.003],[18.41568,40.00631],[18.4192,40.00726],[18.41734,40.00856],[18.41526,40.00938]]],[[[18.44424,40.03384],[18.44466,40.03309],[18.44583,40.03311],[18.44414,40.03159],[18.44186,40.02714],[18.43956,40.02565],[18.43847,40.02564],[18.43557,40.02455],[18.43477,40.02332],[18.43486,40.02196],[18.43569,40.02065],[18.43543,40.01963],[18.43586,40.01771],[18.43542,40.01651],[18.4341,40.01657],[18.43341,40.01626],[18.43372,40.01545],[18.43498,40.01465],[18.43454,40.01342],[18.43284,40.01178],[18.43223,40.01155],[18.43065,40.01199],[18.43019,40.01162],[18.431,40.01062],[18.43075,40.00958],[18.43113,40.00937],[18.43162,40.00633],[18.43141,40.00549],[18.43052,40.00513],[18.4317,40.00486],[18.43187,40.00399],[18.43107,40.00162],[18.43122,40.00082],[18.43191,40.00026],[18.4319,39.99932],[18.43078,39.9991],[18.42852,40.0006],[18.42781,40.00162],[18.42801,40.00212],[18.42903,40.00107],[18.4288,40.00233],[18.42929,40.00577],[18.42998,40.00709],[18.42991,40.00909],[18.42979,40.00946],[18.4285,40.00946],[18.42839,40.01033],[18.42766,40.01072],[18.42874,40.01402],[18.42704,40.0159],[18.42612,40.01797],[18.42562,40.02202],[18.42821,40.02595],[18.43099,40.02656],[18.43077,40.02793],[18.43372,40.02899],[18.43552,40.02765],[18.43692,40.02896],[18.43483,40.0303],[18.43575,40.03062],[18.43624,40.03037],[18.43789,40.03112],[18.43782,40.03253],[18.43667,40.03228],[18.43558,40.03523],[18.43918,40.03774],[18.44056,40.0383],[18.44119,40.03745],[18.44074,40.03722],[18.44095,40.03667],[18.44367,40.03334],[18.44424,40.03384]]],[[[18.45606,40.08652],[18.46043,40.08707],[18.46306,40.0868],[18.46563,40.08595],[18.46672,40.08422],[18.46728,40.08418],[18.46768,40.08357],[18.46843,40.0813],[18.47012,40.08038],[18.4706,40.08065],[18.47036,40.08104],[18.47359,40.08254],[18.47356,40.08616],[18.47526,40.08717],[18.47599,40.08892],[18.47588,40.09094],[18.475,40.09169],[18.47769,40.09193],[18.47865,40.09162],[18.48028,40.09198],[18.48029,40.09248],[18.48211,40.0926],[18.48353,40.09358],[18.48233,40.09512],[18.48301,40.09537],[18.48288,40.09561],[18.48361,40.09586],[18.48468,40.09546],[18.48622,40.09622],[18.4864,40.09555],[18.48804,40.09626],[18.49018,40.09654],[18.49009,40.09822],[18.49104,40.09956],[18.49555,40.10214],[18.49657,40.10329],[18.49971,40.10355],[18.50003,40.10601],[18.49937,40.10765],[18.5003,40.10819],[18.50075,40.10905],[18.50322,40.10872],[18.50295,40.10957],[18.50427,40.11056],[18.50368,40.11222],[18.50235,40.11315],[18.50212,40.11413],[18.50016,40.114],[18.50022,40.11573],[18.50198,40.1162],[18.50197,40.11652],[18.5002,40.12164],[18.49991,40.12438],[18.49759,40.12843],[18.49642,40.13336],[18.49774,40.13432],[18.49895,40.13606],[18.49902,40.13675],[18.49829,40.13778],[18.50094,40.1395],[18.49934,40.14039],[18.49759,40.14248],[18.50096,40.14253],[18.50083,40.14442],[18.50144,40.14478],[18.50134,40.14621],[18.50189,40.14626],[18.50235,40.14711],[18.5033,40.14695],[18.50616,40.14456],[18.50721,40.14243],[18.50808,40.14231],[18.50797,40.13912],[18.50964,40.13866],[18.5143,40.13842],[18.51489,40.13606],[18.517,40.13524],[18.51644,40.13326],[18.51588,40.13332],[18.51523,40.13285],[18.51317,40.13316],[18.51124,40.13107],[18.50957,40.13115],[18.50834,40.13033],[18.50873,40.12994],[18.5079,40.12945],[18.50803,40.12908],[18.50659,40.12835],[18.50725,40.12738],[18.50686,40.12728],[18.50653,40.12614],[18.50696,40.12461],[18.50757,40.12455],[18.50708,40.12437],[18.50774,40.12284],[18.50846,40.12222],[18.50996,40.11921],[18.51082,40.11859],[18.51066,40.11827],[18.51585,40.1135],[18.51716,40.11081],[18.51963,40.10859],[18.5205,40.10718],[18.51826,40.10374],[18.51679,40.10273],[18.51669,40.10226],[18.51292,40.10129],[18.51214,40.10037],[18.51063,40.09999],[18.50926,40.09891],[18.50633,40.09437],[18.50576,40.09408],[18.50464,40.09469],[18.50307,40.09447],[18.5025,40.09288],[18.50139,40.09279],[18.4992,40.09048],[18.49471,40.08878],[18.49431,40.08791],[18.49369,40.0886],[18.49294,40.08438],[18.4925,40.0846],[18.49015,40.08336],[18.49024,40.08277],[18.4896,40.0827],[18.48911,40.08193],[18.4888,40.08003],[18.4885,40.0803],[18.48786,40.07949],[18.48663,40.07999],[18.48626,40.07938],[18.48566,40.0796],[18.48422,40.0816],[18.48327,40.08166],[18.48397,40.07975],[18.48343,40.07925],[18.48466,40.07885],[18.48479,40.07749],[18.48272,40.07735],[18.48271,40.07703],[18.48429,40.07666],[18.48449,40.07604],[18.48519,40.07574],[18.48423,40.07546],[18.4837,40.07352],[18.48293,40.07362],[18.48289,40.07307],[18.48206,40.07279],[18.48252,40.07173],[18.48189,40.06948],[18.48213,40.06873],[18.48172,40.06852],[18.48191,40.06741],[18.48109,40.06624],[18.48007,40.06246],[18.47897,40.06178],[18.47883,40.06093],[18.47814,40.06043],[18.47908,40.05921],[18.47849,40.05736],[18.47795,40.05737],[18.47794,40.05599],[18.47746,40.05563],[18.47816,40.05293],[18.47789,40.05223],[18.47636,40.05221],[18.47773,40.05063],[18.47776,40.05001],[18.47536,40.04444],[18.47455,40.04365],[18.47365,40.04356],[18.47294,40.04211],[18.47102,40.04122],[18.46962,40.03986],[18.46891,40.04032],[18.46796,40.03891],[18.46725,40.03943],[18.46803,40.04091],[18.47009,40.04211],[18.46893,40.04265],[18.46792,40.04431],[18.46604,40.04337],[18.46444,40.04514],[18.46272,40.04639],[18.4612,40.04687],[18.46096,40.0477],[18.45879,40.0489],[18.45985,40.04973],[18.46104,40.04957],[18.46161,40.04894],[18.46134,40.04842],[18.46302,40.04815],[18.46285,40.04972],[18.46414,40.05002],[18.46439,40.04897],[18.46585,40.04905],[18.46786,40.0509],[18.46803,40.05191],[18.46849,40.05193],[18.46843,40.0556],[18.4692,40.05767],[18.4695,40.05719],[18.47072,40.05708],[18.47032,40.05829],[18.47057,40.05957],[18.47165,40.05931],[18.47154,40.06048],[18.47115,40.06066],[18.47171,40.06217],[18.47157,40.06391],[18.47355,40.06372],[18.4745,40.06515],[18.4765,40.06473],[18.47975,40.06665],[18.47981,40.06732],[18.47853,40.06934],[18.4784,40.07272],[18.47911,40.07419],[18.48112,40.07436],[18.4822,40.07612],[18.4813,40.07753],[18.48025,40.07636],[18.47896,40.07611],[18.47919,40.07841],[18.47728,40.07979],[18.47232,40.0783],[18.46914,40.07651],[18.46878,40.07683],[18.46655,40.077],[18.46663,40.0762],[18.46873,40.07375],[18.46869,40.073],[18.4711,40.06856],[18.46869,40.06754],[18.46731,40.06586],[18.46514,40.06553],[18.46388,40.06496],[18.46529,40.06338],[18.46487,40.06261],[18.4635,40.06206],[18.46214,40.06226],[18.46133,40.06324],[18.46052,40.06319],[18.45996,40.0643],[18.45948,40.06564],[18.46024,40.06678],[18.46013,40.06758],[18.45762,40.06827],[18.45738,40.0693],[18.45589,40.07058],[18.45579,40.07295],[18.45742,40.07292],[18.45717,40.0742],[18.45675,40.07429],[18.45705,40.07551],[18.45645,40.07569],[18.45698,40.07589],[18.4567,40.07762],[18.45574,40.07775],[18.45542,40.08353],[18.45606,40.08652]]]]}},{"type":"Feature","properties":{"nome":"Murge Orientali","tipo":"Riserva Naturale Statale Orientata e Biogenetica","codice":"EUAP0108","ettari":734,"settori":["TA_01","TA_02"]},"geometry":{"type":"MultiPolygon","coordinates":[[[[17.2148,40.69304],[17.21506,40.69183],[17.21577,40.69209],[17.21591,40.69271],[17.21719,40.69108],[17.21467,40.69025],[17.21222,40.6923],[17.2148,40.69304]]],[[[17.22671,40.69423],[17.22929,40.69045],[17.22915,40.68941],[17.2298,40.6888],[17.22848,40.68713],[17.22843,40.68343],[17.22742,40.68323],[17.22669,40.68234],[17.22645,40.68067],[17.22499,40.68039],[17.22391,40.68245],[17.22045,40.68672],[17.21829,40.68854],[17.21674,40.69219],[17.219,40.69206],[17.21983,40.69261],[17.22296,40.693],[17.22671,40.69423]]],[[[17.27806,40.69453],[17.27938,40.69474],[17.27969,40.69423],[17.27962,40.69351],[17.27817,40.6928],[17.27697,40.69391],[17.27767,40.69499],[17.27806,40.69453]]],[[[17.27685,40.69353],[17.27818,40.69269],[17.2798,40.69319],[17.28102,40.69026],[17.28306,40.68843],[17.28261,40.68807],[17.28201,40.68778],[17.28128,40.68839],[17.28018,40.68817],[17.2792,40.68783],[17.27948,40.687],[17.27777,40.68725],[17.27776,40.68765],[17.27655,40.68782],[17.27499,40.6888],[17.274,40.69026],[17.27378,40.68972],[17.27237,40.68931],[17.2705,40.69059],[17.2691,40.69058],[17.26951,40.69105],[17.27139,40.69136],[17.27359,40.69461],[17.27627,40.69584],[17.27673,40.69588],[17.27717,40.69496],[17.27674,40.69437],[17.27685,40.69353]]],[[[17.26796,40.68993],[17.26709,40.68993],[17.26581,40.68899],[17.26499,40.68883],[17.2643,40.69018],[17.26192,40.69218],[17.26359,40.69483],[17.26489,40.69929],[17.2664,40.69962],[17.26913,40.70131],[17.27339,40.69725],[17.27459,40.69519],[17.27334,40.69487],[17.27151,40.69158],[17.26915,40.69105],[17.26796,40.68993]]],[[[17.20588,40.75044],[17.20627,40.75038],[17.20619,40.75],[17.2089,40.74948],[17.20661,40.74851],[17.20779,40.74634],[17.20837,40.74652],[17.20921,40.74606],[17.21035,40.74473],[17.21015,40.74395],[17.21082,40.74355],[17.21051,40.74309],[17.20998,40.7431],[17.21059,40.74107],[17.21028,40.7404],[17.20934,40.74009],[17.20967,40.73923],[17.21284,40.73876],[17.21418,40.73803],[17.21177,40.73878],[17.20846,40.7362],[17.20533,40.73692],[17.20505,40.7373],[17.20284,40.73666],[17.20351,40.73608],[17.20341,40.73436],[17.20204,40.73278],[17.19933,40.73558],[17.19761,40.73674],[17.19629,40.73913],[17.19417,40.74119],[17.19433,40.74277],[17.19569,40.7437],[17.19534,40.74409],[17.1959,40.74454],[17.19822,40.74551],[17.1992,40.74688],[17.19706,40.74831],[17.19674,40.74936],[17.19733,40.74984],[17.19892,40.74921],[17.20018,40.7494],[17.20299,40.74856],[17.20304,40.74902],[17.20211,40.74926],[17.20253,40.75004],[17.2034,40.75016],[17.20521,40.74961],[17.20588,40.75044]]],[[[17.1741,40.67442],[17.17701,40.6724],[17.17904,40.67158],[17.17972,40.672],[17.18069,40.67006],[17.18129,40.66661],[17.18196,40.66651],[17.18264,40.66525],[17.18329,40.66488],[17.18297,40.66426],[17.1813,40.66363],[17.18143,40.66284],[17.1806,40.66259],[17.18055,40.6611],[17.18121,40.66097],[17.18058,40.66039],[17.18146,40.6592],[17.18104,40.65729],[17.18164,40.65677],[17.18137,40.65642],[17.18187,40.65575],[17.18173,40.65328],[17.18099,40.65255],[17.1788,40.65326],[17.17085,40.65831],[17.17201,40.66087],[17.17294,40.66101],[17.17303,40.66226],[17.17258,40.66266],[17.16943,40.66358],[17.16483,40.66605],[17.16794,40.66854],[17.16886,40.66978],[17.16958,40.6698],[17.17094,40.67064],[17.1741,40.67442]]],[[[17.25391,40.67715],[17.25367,40.67463],[17.2574,40.6731],[17.25815,40.67304],[17.26063,40.67425],[17.26335,40.67487],[17.2638,40.67529],[17.26425,40.67463],[17.26604,40.67384],[17.26741,40.67469],[17.26985,40.67288],[17.27107,40.67283],[17.27245,40.67195],[17.26977,40.67145],[17.26875,40.66911],[17.26719,40.66809],[17.26412,40.66984],[17.26011,40.66792],[17.25794,40.67035],[17.25412,40.67142],[17.25363,40.67076],[17.25273,40.67097],[17.25216,40.66994],[17.2501,40.67012],[17.2489,40.67074],[17.24784,40.67276],[17.2483,40.67411],[17.24957,40.67568],[17.25215,40.67687],[17.25391,40.67715]]],[[[17.25628,40.67884],[17.2584,40.67866],[17.25863,40.67804],[17.25957,40.67797],[17.26002,40.67741],[17.26062,40.67759],[17.26287,40.67638],[17.26342,40.67518],[17.26039,40.67431],[17.25882,40.6735],[17.2578,40.67362],[17.25753,40.67322],[17.25404,40.67467],[17.25404,40.67736],[17.25556,40.678],[17.25628,40.67884]]],[[[17.27049,40.68808],[17.26926,40.68632],[17.26635,40.68723],[17.26584,40.68887],[17.26725,40.68963],[17.26841,40.68979],[17.2689,40.68844],[17.27049,40.68808]]]]}},{"type":"Feature","properties":{"nome":"Costa Ripagnola","tipo":"Parco Naturale Regionale","codice":"","ettari":3404,"settori":["BA_01"]},"geometry":{"type":"MultiPolygon","coordinates":[[[[17.25593,40.97525],[17.25549,40.97379],[17.25467,40.97371],[17.25364,40.97273],[17.25379,40.97168],[17.25297,40.971],[17.25252,40.97173],[17.2531,40.97199],[17.25295,40.97286],[17.25537,40.9756],[17.25593,40.97525]]],[[[17.23539,40.98675],[17.23388,40.98736],[17.23392,40.98745],[17.23577,40.98724],[17.23539,40.98675]]],[[[17.23219,40.98991],[17.23183,40.9895],[17.23227,40.99014],[17.23219,40.98991]]],[[[17.16233,41.05503],[17.21046,41.02526],[17.21718,41.01699],[17.2318,41.01004],[17.24634,41.00698],[17.31094,40.9718],[17.29263,40.96224],[17.29268,40.96315],[17.29153,40.96356],[17.28984,40.96243],[17.29052,40.96337],[17.28988,40.9637],[17.28897,40.96309],[17.28859,40.96337],[17.28832,40.96219],[17.28798,40.96218],[17.28811,40.9634],[17.28692,40.9639],[17.2868,40.96497],[17.28433,40.96301],[17.2846,40.96284],[17.28313,40.9623],[17.28246,40.96296],[17.28192,40.96275],[17.28146,40.96315],[17.28038,40.96226],[17.27745,40.96384],[17.28065,40.96598],[17.28179,40.96618],[17.28176,40.9686],[17.2822,40.969],[17.28165,40.96942],[17.27889,40.96711],[17.2763,40.9684],[17.2744,40.96694],[17.27551,40.96615],[17.27461,40.96539],[17.27329,40.96611],[17.2704,40.96446],[17.27067,40.96422],[17.26887,40.96287],[17.26641,40.964],[17.26871,40.96602],[17.26812,40.96638],[17.26977,40.96802],[17.26922,40.96841],[17.26995,40.96912],[17.26901,40.96965],[17.27037,40.97036],[17.27094,40.97006],[17.27141,40.97119],[17.26881,40.97233],[17.26754,40.97147],[17.26672,40.97214],[17.26518,40.97051],[17.25877,40.97408],[17.25909,40.97477],[17.25854,40.97527],[17.25802,40.97541],[17.25737,40.97485],[17.24838,40.97962],[17.24877,40.98007],[17.2477,40.98049],[17.24732,40.98019],[17.23762,40.9855],[17.24172,40.98363],[17.24171,40.98409],[17.24102,40.98452],[17.24216,40.98572],[17.23887,40.9872],[17.24048,40.9884],[17.24134,40.98854],[17.24102,40.98913],[17.23962,40.98831],[17.23762,40.98922],[17.23701,40.98814],[17.23577,40.98724],[17.2347,40.98785],[17.23567,40.98886],[17.23272,40.99046],[17.23306,40.99234],[17.23119,40.99324],[17.22933,40.9934],[17.22799,40.99558],[17.22543,40.99614],[17.22383,40.99698],[17.22253,40.99621],[17.22173,40.99634],[17.22095,40.99587],[17.21917,40.99727],[17.2185,40.99725],[17.21832,40.99657],[17.21532,40.99822],[17.21493,40.99722],[17.21239,40.99808],[17.2115,40.99765],[17.21121,40.99729],[17.21254,40.99668],[17.21162,40.99545],[17.2094,40.99638],[17.21047,40.99797],[17.20879,40.99863],[17.20934,40.99929],[17.20619,41.00074],[17.20454,40.9988],[17.20512,41.00025],[17.20313,41.0007],[17.20376,41.00209],[17.20316,41.00215],[17.20327,41.00267],[17.20262,41.00333],[17.20163,41.00348],[17.20284,41.00491],[17.20186,41.00441],[17.20067,41.00507],[17.20098,41.00536],[17.20021,41.00576],[17.20097,41.00561],[17.20022,41.00596],[17.20247,41.00623],[17.20371,41.00585],[17.20432,41.00511],[17.20459,41.00526],[17.20386,41.00598],[17.20175,41.00647],[17.19961,41.00591],[17.20111,41.00372],[17.20046,41.00324],[17.1983,41.00332],[17.20069,41.00013],[17.20167,40.99978],[17.20271,41.00041],[17.20173,40.99971],[17.20249,40.99905],[17.20317,40.99898],[17.20315,40.99856],[17.20133,40.99919],[17.19717,41.00452],[17.19074,41.00832],[17.17948,41.01944],[17.16701,41.02618],[17.14564,41.03215],[17.14382,41.03292],[17.1432,41.03411],[17.14221,41.03403],[17.16233,41.05503]],[[17.1911,41.01207],[17.18962,41.01043],[17.1916,41.00872],[17.19372,41.01054],[17.19267,41.01164],[17.1911,41.01207]],[[17.23882,40.99041],[17.23836,40.98992],[17.23902,40.98959],[17.23976,40.99018],[17.23882,40.99041]]]]}},{"type":"Feature","properties":{"nome":"Mar Piccolo","tipo":"Parco Naturale Regionale","codice":"","ettari":6616,"settori":["TA_03"]},"geometry":{"type":"MultiPolygon","coordinates":[[[[17.23795,40.49744],[17.23792,40.49737],[17.23795,40.49744],[17.23795,40.49744]]],[[[17.29242,40.54003],[17.29666,40.53908],[17.29771,40.53849],[17.30407,40.53812],[17.30326,40.53635],[17.3058,40.53355],[17.30684,40.53299],[17.30699,40.53325],[17.31447,40.52899],[17.31498,40.52922],[17.31476,40.52955],[17.31125,40.53322],[17.31194,40.53372],[17.31169,40.53433],[17.31223,40.53492],[17.31406,40.5347],[17.31633,40.53255],[17.31615,40.53052],[17.31703,40.52991],[17.31882,40.52724],[17.31955,40.52713],[17.31897,40.52944],[17.32138,40.5293],[17.32266,40.52849],[17.32186,40.5263],[17.32336,40.52591],[17.32321,40.52457],[17.32367,40.52372],[17.32868,40.52389],[17.33016,40.52177],[17.33035,40.52082],[17.32776,40.5191],[17.33085,40.51927],[17.33097,40.51757],[17.33384,40.51785],[17.33689,40.51526],[17.34058,40.5083],[17.34051,40.5072],[17.34307,40.50583],[17.34622,40.50618],[17.34637,40.5054],[17.35109,40.50528],[17.35367,40.50302],[17.35359,40.50173],[17.35101,40.49991],[17.34755,40.49951],[17.34659,40.49884],[17.34662,40.49844],[17.347,40.49795],[17.34973,40.49691],[17.35112,40.49506],[17.35168,40.49562],[17.35257,40.49516],[17.3523,40.49388],[17.35087,40.49296],[17.35019,40.49188],[17.35132,40.49064],[17.35641,40.48758],[17.35746,40.4882],[17.35903,40.48683],[17.3601,40.48413],[17.36129,40.48312],[17.3645,40.4822],[17.36676,40.48388],[17.36921,40.48427],[17.37179,40.48519],[17.37287,40.48695],[17.37488,40.48765],[17.37666,40.48747],[17.37794,40.48654],[17.37881,40.48692],[17.38095,40.48704],[17.38265,40.48771],[17.38415,40.48751],[17.38622,40.48844],[17.3897,40.48816],[17.39157,40.48707],[17.39292,40.48546],[17.39422,40.48587],[17.39542,40.48573],[17.39494,40.48491],[17.39926,40.48264],[17.4005,40.48149],[17.40179,40.47824],[17.40279,40.47749],[17.40245,40.47734],[17.40472,40.47591],[17.40587,40.4756],[17.40733,40.47583],[17.4118,40.47543],[17.41863,40.47256],[17.4236,40.47142],[17.42538,40.4699],[17.42726,40.46672],[17.42948,40.46548],[17.44102,40.46684],[17.44114,40.46916],[17.44262,40.47209],[17.4444,40.47233],[17.44674,40.47194],[17.45262,40.46909],[17.45264,40.46626],[17.4581,40.46103],[17.4584,40.45675],[17.45538,40.45636],[17.45182,40.45484],[17.44762,40.45514],[17.44877,40.45388],[17.45263,40.45199],[17.45304,40.45152],[17.45213,40.45123],[17.45054,40.45229],[17.44873,40.4526],[17.4481,40.45212],[17.44708,40.45321],[17.4461,40.45341],[17.44567,40.45426],[17.44407,40.45433],[17.44366,40.45474],[17.44432,40.45614],[17.44409,40.45665],[17.44184,40.45685],[17.43893,40.45793],[17.43929,40.45869],[17.43909,40.46222],[17.43602,40.46179],[17.43282,40.46229],[17.43283,40.46105],[17.43194,40.46089],[17.43192,40.45971],[17.43346,40.45903],[17.43266,40.45884],[17.4326,40.4592],[17.43115,40.45977],[17.431,40.45442],[17.428,40.45538],[17.42742,40.45863],[17.42049,40.46555],[17.41921,40.46637],[17.4191,40.46576],[17.41803,40.46712],[17.39574,40.48056],[17.39532,40.48025],[17.39356,40.48257],[17.39186,40.48244],[17.39058,40.48282],[17.38948,40.48476],[17.38852,40.4856],[17.38702,40.48578],[17.38508,40.48474],[17.38315,40.4849],[17.38176,40.48438],[17.38018,40.48436],[17.37932,40.48351],[17.37807,40.48309],[17.3764,40.48323],[17.37544,40.4839],[17.37425,40.48281],[17.36852,40.48151],[17.36675,40.48007],[17.36495,40.47935],[17.3596,40.48074],[17.35734,40.4822],[17.35523,40.48177],[17.35322,40.48272],[17.34899,40.47977],[17.34685,40.47765],[17.34492,40.4771],[17.34262,40.47695],[17.34209,40.47658],[17.34171,40.47508],[17.34216,40.47403],[17.33506,40.47369],[17.33428,40.47299],[17.33565,40.47184],[17.33541,40.4696],[17.33585,40.4683],[17.33728,40.46827],[17.33731,40.46787],[17.33638,40.46766],[17.33698,40.46609],[17.33953,40.46344],[17.34044,40.46156],[17.34362,40.46083],[17.34473,40.46016],[17.33964,40.46026],[17.33485,40.46139],[17.33481,40.462],[17.33317,40.46236],[17.333,40.4618],[17.32989,40.46251],[17.32991,40.46394],[17.32898,40.46396],[17.32896,40.46272],[17.31527,40.46583],[17.31505,40.46458],[17.31629,40.4645],[17.31575,40.45977],[17.31164,40.45972],[17.31057,40.45446],[17.30905,40.45454],[17.30852,40.45188],[17.31055,40.45159],[17.31015,40.45026],[17.31244,40.44971],[17.31277,40.45057],[17.31798,40.45004],[17.31789,40.44922],[17.32012,40.44927],[17.31991,40.44833],[17.32395,40.4469],[17.32586,40.44568],[17.32886,40.44549],[17.33402,40.44898],[17.33526,40.44898],[17.33614,40.44844],[17.33633,40.44298],[17.33403,40.43933],[17.33304,40.43938],[17.3321,40.43855],[17.32978,40.43532],[17.32823,40.4312],[17.32945,40.42951],[17.32931,40.42915],[17.32661,40.4287],[17.3229,40.42741],[17.3199,40.42538],[17.31693,40.42447],[17.31008,40.42329],[17.30909,40.4235],[17.3069,40.42168],[17.30548,40.42176],[17.30253,40.42121],[17.30074,40.42184],[17.29897,40.42165],[17.29834,40.4223],[17.29587,40.4221],[17.29194,40.42237],[17.2893,40.42197],[17.28517,40.41986],[17.28526,40.41936],[17.2844,40.41859],[17.28184,40.41816],[17.27951,40.41712],[17.27784,40.4176],[17.27343,40.41534],[17.27067,40.41947],[17.27002,40.42132],[17.27152,40.42097],[17.27329,40.42239],[17.27863,40.42408],[17.28202,40.42614],[17.2826,40.42672],[17.28212,40.42697],[17.28257,40.42754],[17.2829,40.42719],[17.28328,40.42732],[17.28539,40.4296],[17.28732,40.43051],[17.28803,40.43145],[17.29182,40.43327],[17.29566,40.43401],[17.29672,40.43502],[17.2974,40.43853],[17.29965,40.43994],[17.30499,40.44219],[17.30968,40.44642],[17.30879,40.4478],[17.30935,40.44812],[17.30942,40.44887],[17.3081,40.44901],[17.30615,40.4506],[17.30425,40.45013],[17.30324,40.45216],[17.29973,40.45251],[17.29944,40.45487],[17.29986,40.45708],[17.29749,40.45786],[17.29725,40.45895],[17.30084,40.45921],[17.30086,40.46036],[17.30153,40.46076],[17.30108,40.46281],[17.30417,40.46432],[17.30394,40.46599],[17.30556,40.46611],[17.30573,40.46496],[17.30669,40.46559],[17.30658,40.46628],[17.29369,40.46516],[17.28855,40.46535],[17.28696,40.46603],[17.27864,40.46751],[17.27631,40.46892],[17.27078,40.47397],[17.27024,40.47501],[17.27065,40.47526],[17.27023,40.47504],[17.27007,40.47573],[17.27003,40.47984],[17.26967,40.47834],[17.26994,40.47494],[17.26892,40.47457],[17.26995,40.4749],[17.27033,40.47411],[17.26801,40.47376],[17.26761,40.47568],[17.26565,40.47576],[17.26488,40.47529],[17.26488,40.47407],[17.265,40.4738],[17.26605,40.47409],[17.26613,40.47368],[17.26091,40.47302],[17.2598,40.4812],[17.23677,40.47941],[17.23574,40.47659],[17.22851,40.48049],[17.22925,40.48104],[17.22867,40.4814],[17.22888,40.48178],[17.22923,40.48115],[17.22902,40.48187],[17.22864,40.48183],[17.22862,40.48223],[17.22913,40.48225],[17.22919,40.4818],[17.22925,40.48299],[17.23004,40.48331],[17.22933,40.48376],[17.22952,40.48447],[17.23036,40.48437],[17.2283,40.48537],[17.22936,40.48701],[17.22907,40.48719],[17.23636,40.49417],[17.24099,40.50352],[17.24031,40.50535],[17.24112,40.50612],[17.24084,40.50651],[17.23975,40.5059],[17.23891,40.5076],[17.2359,40.50807],[17.23634,40.5084],[17.2377,40.50825],[17.23784,40.50879],[17.23725,40.50932],[17.23589,40.50941],[17.23578,40.50908],[17.23562,40.50944],[17.23453,40.50942],[17.23487,40.51041],[17.23383,40.51601],[17.23413,40.51743],[17.23338,40.51981],[17.22908,40.51858],[17.23005,40.51553],[17.23233,40.51436],[17.23214,40.51393],[17.23129,40.51368],[17.22378,40.52277],[17.22615,40.52368],[17.22773,40.52302],[17.23038,40.52257],[17.23257,40.52073],[17.23268,40.52128],[17.2332,40.52128],[17.23507,40.52691],[17.24219,40.52464],[17.24482,40.52825],[17.24694,40.52884],[17.24767,40.5279],[17.24708,40.52716],[17.24714,40.52644],[17.24818,40.52618],[17.24783,40.52571],[17.24858,40.52485],[17.24813,40.5231],[17.24852,40.52119],[17.24947,40.52014],[17.2489,40.51825],[17.24902,40.51639],[17.24794,40.5153],[17.24794,40.51288],[17.24837,40.51265],[17.24778,40.51041],[17.24681,40.50935],[17.24557,40.50917],[17.24477,40.50833],[17.24485,40.50581],[17.24775,40.50449],[17.24931,40.50444],[17.25165,40.50499],[17.25577,40.50688],[17.2575,40.50738],[17.25781,40.50696],[17.26203,40.50905],[17.26454,40.50527],[17.29124,40.51198],[17.31606,40.51538],[17.31702,40.51397],[17.31782,40.51099],[17.31732,40.50926],[17.31534,40.50778],[17.32188,40.50665],[17.32513,40.5053],[17.32748,40.50358],[17.33078,40.50279],[17.33189,40.50749],[17.33298,40.50961],[17.33309,40.51186],[17.33135,40.51457],[17.32724,40.51487],[17.32707,40.51602],[17.32454,40.51672],[17.32209,40.51638],[17.32183,40.51746],[17.31888,40.51804],[17.30623,40.51674],[17.3064,40.51712],[17.30152,40.51831],[17.29962,40.51912],[17.28985,40.51867],[17.28943,40.52425],[17.29065,40.53469],[17.28569,40.53863],[17.28871,40.53993],[17.29013,40.53959],[17.29242,40.54003]],[[17.26296,40.50012],[17.26297,40.50109],[17.2623,40.50113],[17.26195,40.49972],[17.26188,40.50013],[17.26085,40.5002],[17.26047,40.49826],[17.26069,40.50021],[17.25992,40.49998],[17.25959,40.50031],[17.25943,40.50001],[17.25908,40.50051],[17.25858,40.4953],[17.26653,40.49453],[17.26733,40.49592],[17.2676,40.49804],[17.26729,40.4978],[17.26692,40.49842],[17.26583,40.49867],[17.26536,40.49793],[17.26568,40.49871],[17.26415,40.49951],[17.26337,40.49801],[17.26399,40.49954],[17.26296,40.50012]],[[17.39508,40.48282],[17.39481,40.48171],[17.39782,40.47974],[17.39991,40.48059],[17.39713,40.48313],[17.39583,40.48361],[17.39508,40.48282]],[[17.40608,40.47464],[17.42084,40.46583],[17.42691,40.45959],[17.42805,40.45951],[17.42843,40.46554],[17.42694,40.46625],[17.42331,40.47113],[17.41807,40.47206],[17.41822,40.47245],[17.41236,40.47494],[17.40753,40.47554],[17.40574,40.47527],[17.40608,40.47464]]]]}},{"type":"Feature","properties":{"nome":"Parco nazionale del Gargano","tipo":"Parco Nazionale","codice":"EUAP0005","ettari":120554,"settori":["FG_01","FG_02","FG_03"]},"geometry":{"type":"MultiPolygon","coordinates":[[[[15.93011,41.86363],[15.93341,41.85848],[15.93213,41.85571],[15.92683,41.85466],[15.92274,41.85117],[15.9251,41.84959],[15.93397,41.84783],[15.93694,41.84788],[15.93971,41.84684],[15.9425,41.84675],[15.94715,41.84504],[15.95324,41.84364],[15.95715,41.84677],[15.9586,41.84703],[15.95932,41.85051],[15.96288,41.85364],[15.96478,41.85457],[15.96801,41.85441],[15.96926,41.85339],[15.97225,41.84947],[15.97333,41.84952],[15.97687,41.85131],[15.97762,41.85365],[15.97872,41.85465],[15.97937,41.85606],[15.97973,41.85599],[15.98055,41.85686],[15.98304,41.86312],[15.98683,41.86299],[15.98966,41.86337],[15.99324,41.8644],[15.99654,41.86594],[16.00009,41.87047],[16.00161,41.87365],[16.00499,41.87699],[16.00657,41.8796],[16.0098,41.88108],[16.01214,41.88512],[16.01617,41.88919],[16.01593,41.8919],[16.01895,41.8921],[16.02382,41.89442],[16.02763,41.89739],[16.03246,41.89686],[16.03553,41.89396],[16.03912,41.89573],[16.04459,41.89692],[16.04634,41.89975],[16.04798,41.90112],[16.05483,41.90164],[16.05885,41.90244],[16.05961,41.90349],[16.05999,41.90675],[16.05798,41.91036],[16.05567,41.91266],[16.04935,41.91377],[16.04528,41.9155],[16.04317,41.91718],[16.04158,41.91957],[16.03871,41.92007],[16.03645,41.92183],[16.03437,41.92599],[16.03489,41.93041],[16.03293,41.93229],[16.0306,41.93272],[16.02653,41.93278],[16.025,41.93332],[16.02158,41.93551],[16.01304,41.93695],[16.01119,41.93667],[16.01051,41.9337],[16.00997,41.93336],[16.00772,41.93937],[16.00731,41.94],[16.00562,41.94076],[16.00534,41.94157],[16.00363,41.93852],[15.99903,41.93409],[15.99535,41.93276],[15.99515,41.93354],[15.99535,41.93117],[15.99496,41.93005],[15.99371,41.9299],[15.99214,41.93038],[15.98952,41.93296],[15.98777,41.93357],[15.98445,41.93456],[15.97763,41.93543],[15.97703,41.93511],[15.97633,41.93324],[15.97271,41.93009],[15.97109,41.92714],[15.97151,41.92524],[15.96813,41.92517],[15.96652,41.92586],[15.96476,41.92607],[15.96386,41.92524],[15.96275,41.92499],[15.96252,41.92574],[15.96301,41.92706],[15.96078,41.92793],[15.96022,41.92556],[15.95871,41.92344],[15.95964,41.92224],[15.95947,41.92158],[15.95828,41.92166],[15.956,41.92101],[15.95464,41.92122],[15.95354,41.92323],[15.95175,41.92434],[15.95052,41.92594],[15.94851,41.92668],[15.9457,41.92604],[15.94527,41.92656],[15.94574,41.92739],[15.94555,41.92811],[15.94404,41.92857],[15.94109,41.92875],[15.94004,41.92697],[15.93929,41.92713],[15.93806,41.92854],[15.93687,41.92901],[15.93588,41.92869],[15.93627,41.92749],[15.93573,41.92719],[15.93365,41.92783],[15.93119,41.92671],[15.93004,41.92661],[15.92861,41.92712],[15.92954,41.92595],[15.93169,41.92454],[15.93155,41.92376],[15.93217,41.92338],[15.93234,41.9225],[15.93369,41.92189],[15.93509,41.91989],[15.9353,41.91739],[15.9361,41.91679],[15.93544,41.91587],[15.93961,41.912],[15.9429,41.90614],[15.94664,41.90399],[15.94819,41.9037],[15.94836,41.903],[15.95074,41.9003],[15.95246,41.8995],[15.95315,41.90005],[15.95504,41.89865],[15.95142,41.89614],[15.9494,41.89782],[15.94685,41.90084],[15.94542,41.90095],[15.94409,41.90248],[15.94108,41.90417],[15.94011,41.90538],[15.9371,41.90721],[15.93188,41.90961],[15.92844,41.91181],[15.92461,41.91226],[15.92231,41.91149],[15.91818,41.91249],[15.91739,41.91515],[15.91518,41.91841],[15.9151,41.92068],[15.88805,41.92111],[15.88833,41.92041],[15.88904,41.92039],[15.889,41.91857],[15.88981,41.91696],[15.88932,41.91675],[15.88772,41.91761],[15.88372,41.92221],[15.8814,41.92099],[15.88148,41.91903],[15.88063,41.91885],[15.87916,41.91946],[15.87817,41.91773],[15.87693,41.91818],[15.87498,41.91985],[15.87345,41.92008],[15.87294,41.92069],[15.87459,41.92201],[15.87466,41.92353],[15.87639,41.92414],[15.87689,41.92474],[15.87607,41.92553],[15.87698,41.92698],[15.87724,41.92925],[15.88327,41.9308],[15.88721,41.93068],[15.89202,41.92937],[15.90348,41.9303],[15.93158,41.93437],[15.94208,41.93532],[15.9457,41.93627],[15.95675,41.93803],[15.95924,41.93799],[15.96381,41.93946],[15.98217,41.9421],[15.98644,41.94311],[15.98802,41.94373],[15.99024,41.9455],[15.991,41.94673],[15.99303,41.94624],[15.99348,41.9478],[15.99447,41.94735],[15.99646,41.94739],[16.0004,41.94544],[16.00581,41.94619],[16.00734,41.94679],[16.00873,41.94801],[16.00949,41.94949],[16.01166,41.95056],[16.01584,41.94961],[16.01739,41.94818],[16.01896,41.94885],[16.02059,41.94881],[16.02273,41.94756],[16.02486,41.94563],[16.02688,41.94634],[16.0286,41.94647],[16.02982,41.94788],[16.03076,41.94771],[16.03135,41.94639],[16.03261,41.94582],[16.0366,41.94556],[16.03884,41.9463],[16.04161,41.94616],[16.04371,41.94892],[16.04417,41.94878],[16.04468,41.94697],[16.0462,41.94637],[16.05026,41.94656],[16.05065,41.94736],[16.05137,41.94766],[16.05368,41.94724],[16.05552,41.94762],[16.05633,41.94721],[16.0567,41.94602],[16.05848,41.94559],[16.05898,41.94584],[16.05957,41.94911],[16.06073,41.94901],[16.06209,41.94784],[16.06496,41.9482],[16.06685,41.94675],[16.07122,41.94625],[16.07219,41.94512],[16.07224,41.94386],[16.07349,41.94206],[16.0754,41.94078],[16.07609,41.94063],[16.07688,41.94116],[16.07879,41.94149],[16.08119,41.94014],[16.08202,41.94076],[16.08284,41.94056],[16.08424,41.9412],[16.08639,41.93984],[16.08783,41.93966],[16.08866,41.93891],[16.09179,41.93806],[16.09221,41.93752],[16.09087,41.93712],[16.09066,41.93666],[16.09242,41.93382],[16.0967,41.93182],[16.09813,41.93191],[16.09923,41.93242],[16.10016,41.93153],[16.10003,41.92976],[16.10109,41.92894],[16.10208,41.92865],[16.10365,41.92893],[16.10477,41.92827],[16.10684,41.92949],[16.10838,41.92929],[16.1088,41.92795],[16.11015,41.92613],[16.10979,41.92508],[16.11261,41.92141],[16.11757,41.91725],[16.12369,41.91404],[16.12705,41.91288],[16.13147,41.91243],[16.13524,41.91282],[16.13463,41.91402],[16.13493,41.9144],[16.13654,41.91384],[16.13721,41.91444],[16.13809,41.91453],[16.13975,41.91381],[16.14123,41.91499],[16.14229,41.91289],[16.14277,41.91274],[16.14428,41.91327],[16.14521,41.91194],[16.15035,41.9104],[16.1512,41.90896],[16.15288,41.90893],[16.1538,41.90819],[16.15132,41.90704],[16.15139,41.90463],[16.153,41.90434],[16.15389,41.90378],[16.15368,41.90242],[16.15407,41.90199],[16.15586,41.90254],[16.15643,41.90232],[16.15631,41.90183],[16.15458,41.90103],[16.15436,41.90044],[16.15598,41.90009],[16.15515,41.89885],[16.15574,41.89811],[16.15697,41.89777],[16.1572,41.89658],[16.15811,41.89553],[16.1592,41.89525],[16.16177,41.89596],[16.16228,41.89572],[16.16247,41.89368],[16.16083,41.8928],[16.16069,41.89228],[16.161,41.89139],[16.16442,41.88847],[16.16982,41.88594],[16.17331,41.88521],[16.17839,41.88546],[16.17997,41.88819],[16.18088,41.88826],[16.18217,41.88717],[16.18089,41.88505],[16.18193,41.88383],[16.18667,41.88318],[16.18589,41.88254],[16.18281,41.88216],[16.18251,41.88074],[16.1776,41.87913],[16.17644,41.87159],[16.17448,41.87176],[16.1728,41.87022],[16.17014,41.87049],[16.16976,41.86978],[16.16842,41.86959],[16.16539,41.8695],[16.16509,41.87046],[16.16344,41.87083],[16.16254,41.87068],[16.16189,41.87033],[16.16171,41.86942],[16.15951,41.86845],[16.15834,41.86842],[16.15406,41.86989],[16.15122,41.87187],[16.15,41.87212],[16.14732,41.87147],[16.14307,41.86857],[16.14169,41.86604],[16.13998,41.86558],[16.13844,41.86444],[16.13528,41.86344],[16.13278,41.86024],[16.13252,41.85789],[16.12713,41.85284],[16.12429,41.84772],[16.12444,41.8462],[16.12535,41.84456],[16.12718,41.84321],[16.12641,41.84117],[16.12755,41.84011],[16.12466,41.83677],[16.12558,41.8349],[16.12556,41.83211],[16.12486,41.83085],[16.12207,41.83029],[16.11725,41.83031],[16.11301,41.8286],[16.11131,41.82877],[16.10969,41.82698],[16.10878,41.82664],[16.10811,41.82492],[16.10738,41.82434],[16.10749,41.82043],[16.10659,41.81975],[16.107,41.81876],[16.10801,41.81806],[16.10662,41.81645],[16.10748,41.81507],[16.10722,41.81257],[16.11102,41.80897],[16.11301,41.80771],[16.11303,41.8062],[16.11262,41.80575],[16.11385,41.80583],[16.11468,41.80785],[16.11515,41.80761],[16.11516,41.80855],[16.11428,41.81014],[16.11644,41.8129],[16.11645,41.81346],[16.11823,41.8145],[16.12204,41.81404],[16.12454,41.81208],[16.1286,41.81187],[16.1307,41.81125],[16.13218,41.81189],[16.13308,41.81312],[16.13772,41.81478],[16.13886,41.81562],[16.14186,41.81546],[16.14349,41.81451],[16.14551,41.81459],[16.14695,41.81513],[16.149,41.81512],[16.14903,41.81469],[16.14959,41.8154],[16.15062,41.81557],[16.15233,41.81677],[16.1546,41.81919],[16.15456,41.82018],[16.15518,41.82085],[16.15771,41.8206],[16.16046,41.81913],[16.16224,41.82064],[16.16303,41.82077],[16.16634,41.82051],[16.17091,41.81952],[16.17536,41.82141],[16.17574,41.8224],[16.17929,41.82627],[16.18087,41.82856],[16.18089,41.82924],[16.18216,41.83038],[16.17837,41.83296],[16.17909,41.83427],[16.17911,41.83566],[16.18075,41.83755],[16.18186,41.84041],[16.1837,41.84204],[16.18608,41.83955],[16.1908,41.83829],[16.19222,41.83696],[16.19176,41.83585],[16.18908,41.83495],[16.19041,41.83412],[16.18984,41.83329],[16.19034,41.83238],[16.19007,41.83124],[16.19174,41.83096],[16.19209,41.83018],[16.18918,41.82966],[16.18878,41.82914],[16.18913,41.82858],[16.1917,41.82783],[16.19542,41.82824],[16.1957,41.82729],[16.1974,41.82737],[16.19993,41.82598],[16.19963,41.82506],[16.19806,41.82446],[16.19787,41.82272],[16.19528,41.82219],[16.19467,41.82135],[16.19493,41.8193],[16.19562,41.81807],[16.19496,41.81632],[16.19575,41.81497],[16.19846,41.81227],[16.19645,41.81048],[16.19379,41.80998],[16.19624,41.80878],[16.19559,41.80754],[16.19674,41.80592],[16.19532,41.80423],[16.19683,41.804],[16.19741,41.80349],[16.19688,41.80177],[16.19487,41.80095],[16.19453,41.80028],[16.19463,41.79823],[16.1956,41.79698],[16.19528,41.79582],[16.19577,41.79485],[16.19522,41.79393],[16.19551,41.79269],[16.19427,41.79184],[16.19454,41.79082],[16.19318,41.78941],[16.19209,41.78957],[16.19123,41.78907],[16.18956,41.78948],[16.18863,41.78899],[16.19005,41.78783],[16.18753,41.78608],[16.18837,41.78454],[16.19099,41.78456],[16.19183,41.78423],[16.19212,41.78325],[16.19311,41.78261],[16.19188,41.78133],[16.19146,41.78133],[16.19144,41.78062],[16.18701,41.77941],[16.18988,41.7782],[16.1897,41.77718],[16.18849,41.77712],[16.18867,41.7755],[16.18955,41.77479],[16.18813,41.77437],[16.18679,41.77305],[16.18683,41.77226],[16.18535,41.77173],[16.18513,41.77126],[16.18155,41.77055],[16.18153,41.76992],[16.18095,41.76953],[16.17885,41.76932],[16.17852,41.76861],[16.17982,41.76801],[16.17918,41.76735],[16.17749,41.76697],[16.17703,41.76737],[16.17397,41.7665],[16.17324,41.76713],[16.1702,41.76738],[16.16789,41.76646],[16.16715,41.76577],[16.16527,41.76185],[16.16419,41.75846],[16.16473,41.75781],[16.16366,41.75516],[16.1596,41.75416],[16.15936,41.75309],[16.15695,41.75217],[16.15518,41.75215],[16.1542,41.75088],[16.15197,41.75034],[16.14875,41.75051],[16.14808,41.74967],[16.14706,41.74939],[16.1457,41.74634],[16.14556,41.74269],[16.14485,41.74215],[16.14205,41.74224],[16.14088,41.74116],[16.13851,41.74142],[16.13738,41.74049],[16.13499,41.74033],[16.13367,41.7395],[16.12966,41.73918],[16.12889,41.73829],[16.12616,41.73906],[16.12173,41.73898],[16.12076,41.7374],[16.11879,41.7358],[16.11759,41.7321],[16.1168,41.73125],[16.11387,41.73079],[16.1103,41.73176],[16.10807,41.73059],[16.10425,41.72941],[16.09846,41.72288],[16.09591,41.72141],[16.09313,41.71807],[16.09124,41.7169],[16.09002,41.71534],[16.0882,41.71462],[16.08184,41.71345],[16.08044,41.71246],[16.07877,41.71226],[16.07731,41.71153],[16.07521,41.71134],[16.07212,41.70963],[16.06776,41.70286],[16.06559,41.69719],[16.06538,41.69623],[16.0659,41.69455],[16.06538,41.69364],[16.06114,41.69194],[16.05831,41.69135],[16.05586,41.69153],[16.05488,41.69123],[16.05337,41.69024],[16.05143,41.68959],[16.05011,41.68744],[16.04663,41.68568],[16.04499,41.68414],[16.0423,41.68379],[16.03908,41.68163],[16.03509,41.68416],[16.03587,41.68612],[16.03487,41.68884],[16.03417,41.68947],[16.03272,41.68984],[16.03082,41.68925],[16.02915,41.68921],[16.02723,41.68959],[16.0255,41.69042],[16.02588,41.69077],[16.02766,41.69026],[16.0306,41.69015],[16.03208,41.69074],[16.03249,41.69136],[16.03128,41.69185],[16.02967,41.69089],[16.02846,41.6924],[16.0253,41.69355],[16.02237,41.69516],[16.02108,41.69618],[16.02004,41.69798],[16.01797,41.69828],[16.0167,41.69971],[16.01602,41.70148],[16.01347,41.70433],[16.01304,41.70606],[16.0151,41.70584],[16.01768,41.70486],[16.02097,41.70495],[16.02961,41.70382],[16.0315,41.7042],[16.03509,41.70396],[16.04248,41.7069],[16.04454,41.70921],[16.05213,41.71407],[16.05457,41.71467],[16.05642,41.71636],[16.05423,41.71918],[16.04905,41.72249],[16.04838,41.72253],[16.04713,41.72192],[16.04538,41.71949],[16.04484,41.71814],[16.04498,41.7172],[16.04327,41.7173],[16.03807,41.71981],[16.03628,41.72258],[16.03378,41.72485],[16.02839,41.72651],[16.02315,41.73119],[16.02173,41.73432],[16.01835,41.73946],[16.01781,41.74128],[16.01588,41.74349],[16.01248,41.75041],[16.01169,41.75117],[16.00934,41.75222],[16.00831,41.75446],[16.00402,41.75551],[16.0044,41.75652],[16.00407,41.75695],[15.99956,41.75844],[15.99054,41.75718],[15.98532,41.7578],[15.98396,41.75712],[15.97968,41.75267],[15.97774,41.75235],[15.97406,41.75462],[15.97212,41.75734],[15.95699,41.76203],[15.95419,41.76187],[15.95277,41.76089],[15.95223,41.75944],[15.95339,41.7567],[15.95666,41.75315],[15.95724,41.74984],[15.957,41.74903],[15.95613,41.74835],[15.95492,41.74815],[15.95239,41.7485],[15.95132,41.74801],[15.94939,41.74566],[15.94923,41.74297],[15.94896,41.74264],[15.94812,41.74265],[15.94626,41.74353],[15.94284,41.74834],[15.93969,41.74799],[15.93243,41.75001],[15.92821,41.75174],[15.92703,41.75173],[15.9257,41.75116],[15.92515,41.7506],[15.92499,41.74803],[15.92275,41.74664],[15.91976,41.74671],[15.91504,41.74853],[15.90637,41.74789],[15.89884,41.756],[15.89546,41.76136],[15.89305,41.76283],[15.89235,41.76274],[15.89213,41.761],[15.88999,41.7597],[15.88952,41.75897],[15.89136,41.75696],[15.89438,41.7547],[15.89498,41.74867],[15.89626,41.74751],[15.8971,41.74534],[15.8959,41.74084],[15.89617,41.73895],[15.89677,41.73796],[15.89998,41.73578],[15.89909,41.7332],[15.89992,41.73071],[15.89759,41.72658],[15.89574,41.72526],[15.89528,41.72374],[15.89414,41.72327],[15.88852,41.72282],[15.88895,41.72207],[15.89278,41.72126],[15.91771,41.71945],[15.92186,41.71889],[15.92428,41.71749],[15.93232,41.71748],[15.94354,41.71628],[15.94833,41.7164],[15.95236,41.71527],[15.95847,41.71444],[15.97703,41.7109],[15.98173,41.71048],[15.98569,41.71057],[15.98722,41.71007],[15.98858,41.70892],[15.9896,41.70775],[15.99046,41.70539],[15.99359,41.70352],[15.99823,41.70143],[15.99944,41.70039],[16.00177,41.69953],[16.00322,41.69943],[16.00604,41.69601],[16.00604,41.69291],[16.00777,41.68938],[16.00996,41.68771],[16.01035,41.68671],[16.0094,41.68264],[16.00728,41.68383],[16.00393,41.68386],[16.00005,41.68226],[15.99899,41.68337],[15.99821,41.68237],[15.99505,41.68301],[15.99392,41.68171],[15.9902,41.68253],[15.98869,41.68166],[15.98722,41.68251],[15.98685,41.68101],[15.9835,41.68082],[15.98143,41.67991],[15.97978,41.67993],[15.97926,41.67942],[15.97819,41.67954],[15.97701,41.67907],[15.97489,41.67896],[15.97387,41.67845],[15.97354,41.67923],[15.96996,41.67917],[15.96736,41.67854],[15.96727,41.67736],[15.96613,41.67652],[15.96163,41.67457],[15.95902,41.67438],[15.95618,41.67325],[15.95588,41.67112],[15.95195,41.66909],[15.94811,41.66799],[15.94812,41.66627],[15.9409,41.66385],[15.93819,41.66175],[15.928,41.65888],[15.92407,41.65814],[15.91965,41.65798],[15.91385,41.65875],[15.91097,41.65737],[15.90697,41.65713],[15.90471,41.6564],[15.89467,41.65528],[15.87459,41.65034],[15.8684,41.64726],[15.86254,41.64492],[15.85923,41.64294],[15.85421,41.63809],[15.85182,41.63651],[15.84832,41.63586],[15.84745,41.63505],[15.84353,41.63546],[15.83216,41.635],[15.83171,41.63068],[15.82436,41.62791],[15.82455,41.62609],[15.82595,41.62398],[15.82592,41.62188],[15.82688,41.61992],[15.82695,41.61818],[15.82635,41.61727],[15.82421,41.61613],[15.82381,41.61359],[15.8243,41.61166],[15.82372,41.61139],[15.82279,41.61191],[15.82216,41.61172],[15.82287,41.60981],[15.82098,41.60994],[15.81764,41.60717],[15.81574,41.60253],[15.81486,41.59743],[15.81571,41.59594],[15.81842,41.59593],[15.82361,41.597],[15.82741,41.59561],[15.82749,41.58981],[15.82919,41.58948],[15.83056,41.58871],[15.83617,41.58826],[15.84153,41.58815],[15.85171,41.5888],[15.85506,41.58745],[15.85681,41.5874],[15.85953,41.58603],[15.85943,41.58402],[15.85751,41.58206],[15.85876,41.58145],[15.86245,41.58278],[15.86654,41.58629],[15.8725,41.59348],[15.87641,41.5957],[15.8789,41.59643],[15.88045,41.59624],[15.88208,41.59534],[15.88405,41.59279],[15.88482,41.59246],[15.88803,41.59663],[15.88979,41.59641],[15.89316,41.59509],[15.89195,41.59163],[15.89248,41.58311],[15.89137,41.58178],[15.889,41.58072],[15.88912,41.58001],[15.89045,41.5788],[15.8904,41.57799],[15.88608,41.57471],[15.88556,41.57371],[15.88651,41.57195],[15.88758,41.56748],[15.88829,41.55515],[15.88936,41.54896],[15.89392,41.5341],[15.86199,41.52904],[15.85636,41.53696],[15.85592,41.53814],[15.85119,41.54326],[15.84857,41.54682],[15.84752,41.54754],[15.84528,41.54783],[15.84368,41.54748],[15.83291,41.54419],[15.82809,41.54289],[15.82613,41.54272],[15.82217,41.54307],[15.80869,41.54672],[15.80794,41.54731],[15.80833,41.54887],[15.80625,41.55012],[15.80515,41.55134],[15.79616,41.55282],[15.78925,41.55616],[15.78408,41.5563],[15.78233,41.55678],[15.77291,41.56011],[15.76492,41.56383],[15.76068,41.56646],[15.75695,41.57432],[15.75425,41.57839],[15.75319,41.57911],[15.74648,41.58159],[15.74581,41.58278],[15.74197,41.59848],[15.75431,41.59709],[15.75671,41.59714],[15.75761,41.59762],[15.75747,41.59938],[15.75548,41.60093],[15.75794,41.60492],[15.75746,41.6067],[15.75772,41.607],[15.76096,41.60702],[15.76304,41.60925],[15.76458,41.6133],[15.76516,41.61804],[15.76488,41.62214],[15.76365,41.62401],[15.76252,41.62855],[15.76168,41.63847],[15.76076,41.64281],[15.76232,41.65805],[15.76159,41.65912],[15.75952,41.66018],[15.73993,41.66449],[15.7388,41.66504],[15.73899,41.668],[15.73989,41.6708],[15.74048,41.67495],[15.74008,41.68318],[15.74051,41.68414],[15.74257,41.68511],[15.74283,41.6865],[15.74359,41.68739],[15.74295,41.68832],[15.74043,41.68946],[15.7402,41.68987],[15.76892,41.706],[15.76643,41.70606],[15.76326,41.70522],[15.75648,41.70474],[15.75228,41.70556],[15.74846,41.70539],[15.74776,41.70555],[15.74634,41.70745],[15.74428,41.70718],[15.74434,41.70847],[15.74246,41.71041],[15.743,41.71249],[15.74255,41.71435],[15.73994,41.71641],[15.74045,41.71909],[15.74078,41.7196],[15.74256,41.71965],[15.74238,41.72029],[15.7413,41.72108],[15.741,41.7208],[15.73728,41.72176],[15.73645,41.72148],[15.73486,41.71924],[15.73356,41.71895],[15.73091,41.71921],[15.73127,41.72083],[15.72987,41.72127],[15.72889,41.72121],[15.72684,41.72033],[15.72363,41.72348],[15.72597,41.724],[15.72575,41.72437],[15.73028,41.72316],[15.73081,41.72355],[15.72611,41.7267],[15.72509,41.72896],[15.72419,41.72982],[15.72525,41.73071],[15.72687,41.73041],[15.72836,41.73076],[15.72818,41.73227],[15.72939,41.7339],[15.73145,41.73425],[15.73206,41.73335],[15.73401,41.73205],[15.73762,41.73042],[15.74434,41.72968],[15.74525,41.7289],[15.74612,41.72993],[15.74938,41.73077],[15.74876,41.73135],[15.74891,41.7317],[15.75005,41.73141],[15.75037,41.73177],[15.74882,41.73228],[15.74849,41.73285],[15.74664,41.7334],[15.74475,41.73542],[15.74361,41.73596],[15.73694,41.73769],[15.73312,41.73814],[15.73284,41.73839],[15.73337,41.73885],[15.74526,41.73783],[15.7554,41.7386],[15.75539,41.73828],[15.75635,41.73824],[15.7581,41.73719],[15.76085,41.7351],[15.76185,41.73498],[15.7641,41.73599],[15.76563,41.73805],[15.76826,41.73844],[15.76804,41.73929],[15.76406,41.74355],[15.76413,41.74585],[15.76331,41.74618],[15.76042,41.74593],[15.75661,41.74668],[15.75665,41.75074],[15.75736,41.75138],[15.7605,41.75127],[15.76313,41.75198],[15.76544,41.75422],[15.76662,41.75619],[15.76927,41.75784],[15.77268,41.76272],[15.7734,41.76493],[15.77336,41.76689],[15.76901,41.76739],[15.76709,41.76511],[15.76052,41.76291],[15.75643,41.76014],[15.75092,41.75909],[15.74418,41.75598],[15.73492,41.75313],[15.72372,41.74784],[15.71702,41.74552],[15.71261,41.74314],[15.70709,41.7415],[15.6956,41.73624],[15.70033,41.73368],[15.70134,41.73268],[15.7055,41.73194],[15.70921,41.72854],[15.71472,41.72578],[15.71801,41.72269],[15.71867,41.72031],[15.71933,41.71953],[15.72552,41.7159],[15.72721,41.71427],[15.72723,41.7124],[15.72818,41.71144],[15.72788,41.70954],[15.7295,41.70917],[15.72987,41.70849],[15.72937,41.70674],[15.72551,41.70712],[15.72566,41.70787],[15.72739,41.70911],[15.72579,41.70982],[15.72047,41.70955],[15.72005,41.71002],[15.71781,41.71046],[15.7192,41.71078],[15.71695,41.71079],[15.71219,41.71196],[15.71105,41.71262],[15.70755,41.71184],[15.69871,41.71203],[15.69728,41.71032],[15.69491,41.70852],[15.68907,41.70707],[15.68495,41.70673],[15.68296,41.70553],[15.67707,41.70464],[15.6751,41.70397],[15.67139,41.70377],[15.66057,41.70452],[15.65736,41.70732],[15.64842,41.70862],[15.63463,41.70964],[15.63303,41.70906],[15.63176,41.70944],[15.63009,41.70873],[15.6279,41.70849],[15.62673,41.70792],[15.62636,41.7071],[15.62533,41.70757],[15.62371,41.70738],[15.62056,41.70384],[15.61708,41.70259],[15.61422,41.70291],[15.61118,41.70266],[15.61092,41.70172],[15.61214,41.69955],[15.61428,41.69583],[15.61605,41.69415],[15.61765,41.69301],[15.6208,41.69211],[15.62518,41.69014],[15.6271,41.6844],[15.63142,41.68189],[15.63174,41.68058],[15.63338,41.67962],[15.6337,41.67827],[15.63538,41.67642],[15.6357,41.67493],[15.63719,41.67333],[15.6384,41.67106],[15.63681,41.6681],[15.63791,41.66473],[15.63672,41.66378],[15.63657,41.66272],[15.63327,41.65978],[15.63117,41.65384],[15.62938,41.65194],[15.62966,41.65131],[15.62922,41.64912],[15.6281,41.64822],[15.6268,41.64892],[15.62499,41.64848],[15.62392,41.64866],[15.62009,41.65063],[15.6167,41.65068],[15.61458,41.65202],[15.6142,41.65304],[15.6102,41.65398],[15.60606,41.65619],[15.6046,41.65627],[15.60367,41.65723],[15.60145,41.65756],[15.60132,41.65831],[15.59929,41.65811],[15.59546,41.65956],[15.59403,41.66222],[15.59427,41.66375],[15.59218,41.66344],[15.58955,41.66467],[15.5888,41.66423],[15.58755,41.66455],[15.5776,41.66774],[15.57761,41.66748],[15.57628,41.66891],[15.57538,41.6692],[15.57069,41.66948],[15.56894,41.67008],[15.56849,41.67191],[15.5672,41.67248],[15.56656,41.67455],[15.56774,41.6755],[15.56886,41.67726],[15.56954,41.67668],[15.57063,41.67651],[15.57074,41.67688],[15.57209,41.67628],[15.57201,41.67711],[15.57268,41.67692],[15.57217,41.67909],[15.57349,41.67892],[15.57328,41.67948],[15.57714,41.67773],[15.58127,41.67724],[15.5844,41.67644],[15.58786,41.67618],[15.58867,41.67335],[15.58904,41.67347],[15.58868,41.67445],[15.58891,41.67614],[15.59027,41.67613],[15.59127,41.67691],[15.59232,41.67695],[15.59389,41.67639],[15.59576,41.67485],[15.59947,41.67447],[15.60051,41.67384],[15.60135,41.67407],[15.60356,41.67683],[15.59937,41.67822],[15.59661,41.68003],[15.60131,41.68028],[15.60189,41.68133],[15.60515,41.6823],[15.6046,41.68513],[15.60548,41.68606],[15.60553,41.68787],[15.60358,41.68836],[15.60102,41.68759],[15.59873,41.6877],[15.59743,41.68849],[15.59659,41.68958],[15.59887,41.69303],[15.59726,41.69411],[15.59356,41.6955],[15.59253,41.6954],[15.59161,41.69464],[15.59077,41.69449],[15.58539,41.69683],[15.58511,41.69789],[15.58553,41.70018],[15.58854,41.70118],[15.58884,41.70314],[15.58955,41.70314],[15.58977,41.70537],[15.59084,41.7062],[15.58943,41.70704],[15.58712,41.70808],[15.5856,41.70805],[15.58271,41.70723],[15.57973,41.70796],[15.57674,41.70692],[15.57527,41.70681],[15.57437,41.70734],[15.57219,41.70743],[15.57388,41.70435],[15.5715,41.70522],[15.56777,41.70485],[15.56549,41.70304],[15.5583,41.70117],[15.55637,41.69999],[15.55523,41.69861],[15.5524,41.69803],[15.55388,41.69722],[15.55529,41.69529],[15.55958,41.69471],[15.56158,41.69152],[15.56384,41.69014],[15.56472,41.68899],[15.56606,41.68965],[15.56694,41.68905],[15.56491,41.68832],[15.56182,41.68526],[15.55571,41.68093],[15.55619,41.67959],[15.55693,41.679],[15.55608,41.67826],[15.55596,41.67567],[15.55049,41.6818],[15.54642,41.68482],[15.54563,41.68571],[15.5455,41.6869],[15.54451,41.68723],[15.54272,41.68591],[15.54091,41.68777],[15.54004,41.68933],[15.53461,41.6902],[15.53177,41.69277],[15.5304,41.69481],[15.52858,41.69556],[15.52799,41.69545],[15.5284,41.69745],[15.526,41.7001],[15.5324,41.70272],[15.53776,41.7041],[15.53985,41.70409],[15.55002,41.69986],[15.55182,41.69866],[15.55275,41.70095],[15.55204,41.70288],[15.54953,41.70747],[15.54867,41.70747],[15.54744,41.71033],[15.55651,41.71494],[15.56433,41.71803],[15.56913,41.71959],[15.57499,41.72021],[15.57646,41.71933],[15.57769,41.71923],[15.57829,41.71867],[15.58051,41.71838],[15.5813,41.71774],[15.58117,41.71663],[15.58356,41.71607],[15.58485,41.71629],[15.58492,41.71749],[15.58715,41.71955],[15.58841,41.7224],[15.58971,41.72382],[15.58972,41.72446],[15.59402,41.72412],[15.59391,41.72596],[15.59288,41.72721],[15.59226,41.72689],[15.59204,41.7291],[15.59285,41.73117],[15.59194,41.73159],[15.59561,41.73337],[15.59742,41.73336],[15.59896,41.73298],[15.59883,41.73266],[15.59957,41.73247],[15.6008,41.73265],[15.59978,41.73491],[15.59807,41.73616],[15.59789,41.73759],[15.59704,41.73861],[15.59761,41.7398],[15.59665,41.7422],[15.59684,41.74349],[15.59538,41.74548],[15.59292,41.74517],[15.59201,41.74582],[15.59071,41.74573],[15.58838,41.74653],[15.58229,41.7455],[15.58156,41.74629],[15.58144,41.7473],[15.58003,41.74763],[15.5773,41.74495],[15.57458,41.74478],[15.57324,41.74389],[15.57498,41.74088],[15.57204,41.74251],[15.56989,41.74223],[15.56965,41.74188],[15.56781,41.74478],[15.56525,41.74622],[15.56406,41.74651],[15.56203,41.74616],[15.55982,41.74629],[15.55972,41.74703],[15.55812,41.74795],[15.55725,41.74798],[15.55648,41.74756],[15.55584,41.74808],[15.55355,41.74809],[15.55009,41.74905],[15.54782,41.74769],[15.54716,41.74786],[15.54564,41.74887],[15.5447,41.74899],[15.54332,41.75204],[15.5415,41.75332],[15.53953,41.75169],[15.53739,41.75072],[15.53691,41.74825],[15.53565,41.74698],[15.53348,41.74605],[15.52706,41.74195],[15.52526,41.74325],[15.52481,41.74543],[15.52338,41.74614],[15.52249,41.74731],[15.52147,41.74742],[15.51944,41.74884],[15.51653,41.74886],[15.51618,41.74851],[15.51468,41.74942],[15.51306,41.75558],[15.51184,41.75701],[15.51115,41.75916],[15.50901,41.7612],[15.50971,41.7642],[15.50942,41.7652],[15.50638,41.76664],[15.50523,41.76772],[15.50529,41.76859],[15.50771,41.77285],[15.50636,41.77582],[15.50637,41.77733],[15.50662,41.77851],[15.50867,41.78193],[15.50615,41.78678],[15.50624,41.79016],[15.50355,41.79305],[15.50288,41.79438],[15.50307,41.79639],[15.50234,41.79817],[15.50386,41.80063],[15.50237,41.8034],[15.50353,41.80546],[15.49872,41.80886],[15.49779,41.80887],[15.49754,41.8085],[15.49623,41.80903],[15.48884,41.80953],[15.48759,41.80864],[15.48437,41.80955],[15.483,41.80698],[15.47831,41.80675],[15.47743,41.80749],[15.47749,41.80863],[15.47553,41.80905],[15.47613,41.81044],[15.47625,41.81409],[15.47759,41.81551],[15.47491,41.81594],[15.47299,41.81561],[15.4647,41.81955],[15.46376,41.81948],[15.45945,41.82266],[15.45695,41.82359],[15.45303,41.82608],[15.45161,41.82726],[15.45088,41.82936],[15.44882,41.82981],[15.44509,41.83152],[15.44228,41.83209],[15.44037,41.83303],[15.4455,41.84128],[15.45088,41.84708],[15.45514,41.85051],[15.4549,41.84224],[15.45426,41.84082],[15.45532,41.83772],[15.45592,41.8371],[15.45745,41.83658],[15.46071,41.83598],[15.46085,41.83539],[15.46279,41.83467],[15.46421,41.83333],[15.46604,41.83249],[15.46727,41.83277],[15.46912,41.83231],[15.47278,41.83208],[15.4735,41.83237],[15.47324,41.83532],[15.47208,41.83656],[15.47212,41.8384],[15.47139,41.83931],[15.47173,41.84103],[15.47239,41.84163],[15.47936,41.84381],[15.48258,41.84367],[15.48408,41.84403],[15.48345,41.84447],[15.48525,41.8464],[15.48579,41.84879],[15.48694,41.84864],[15.48738,41.84782],[15.4885,41.84773],[15.48851,41.84713],[15.48796,41.84675],[15.48882,41.84639],[15.48707,41.84547],[15.4874,41.84431],[15.4895,41.84469],[15.48956,41.84531],[15.49189,41.84544],[15.49359,41.84706],[15.49555,41.84689],[15.49714,41.84577],[15.5,41.84648],[15.5024,41.84643],[15.5031,41.84529],[15.50564,41.84327],[15.50711,41.84275],[15.50681,41.84142],[15.5074,41.84075],[15.50719,41.83882],[15.50823,41.83822],[15.50811,41.83729],[15.50883,41.83655],[15.50862,41.83516],[15.50788,41.83426],[15.50813,41.83344],[15.50722,41.83266],[15.50755,41.83171],[15.50656,41.8312],[15.50747,41.83002],[15.506,41.82968],[15.50589,41.82913],[15.50411,41.82829],[15.50489,41.82587],[15.50427,41.82543],[15.5042,41.82403],[15.50538,41.82397],[15.5056,41.82369],[15.50488,41.82258],[15.50664,41.82206],[15.50724,41.82064],[15.50853,41.82062],[15.50862,41.81967],[15.51004,41.81743],[15.51242,41.81569],[15.51145,41.81182],[15.51518,41.80923],[15.51814,41.80961],[15.5202,41.80941],[15.52128,41.80713],[15.52502,41.8054],[15.525,41.80266],[15.52586,41.80237],[15.52919,41.79897],[15.53505,41.79524],[15.54025,41.7937],[15.55616,41.78565],[15.55808,41.78494],[15.55874,41.78533],[15.55953,41.78633],[15.56005,41.78849],[15.56078,41.78888],[15.56168,41.78878],[15.56677,41.78645],[15.56753,41.7865],[15.56731,41.78795],[15.56819,41.7901],[15.56811,41.79288],[15.57017,41.79349],[15.57131,41.79469],[15.5721,41.79668],[15.57383,41.79796],[15.57413,41.79976],[15.57233,41.80165],[15.57145,41.80465],[15.57198,41.80556],[15.57383,41.80696],[15.57344,41.80888],[15.57112,41.81014],[15.56759,41.81405],[15.56024,41.81987],[15.55914,41.82023],[15.55864,41.81976],[15.55784,41.81984],[15.55649,41.82018],[15.55499,41.82121],[15.55225,41.82183],[15.55107,41.82347],[15.5438,41.82846],[15.54654,41.82947],[15.54719,41.83086],[15.55048,41.83109],[15.55503,41.83218],[15.55694,41.83404],[15.55135,41.83558],[15.54795,41.83805],[15.54674,41.83957],[15.54581,41.83929],[15.54548,41.8395],[15.54549,41.84028],[15.54489,41.84097],[15.54528,41.84159],[15.54492,41.84396],[15.54421,41.84466],[15.54044,41.84534],[15.53831,41.84633],[15.53706,41.84789],[15.53765,41.84792],[15.53691,41.8492],[15.53998,41.84956],[15.54262,41.85131],[15.5433,41.85384],[15.54572,41.85461],[15.54726,41.85583],[15.5488,41.85615],[15.54885,41.85509],[15.54971,41.85385],[15.54899,41.85283],[15.54948,41.85226],[15.54848,41.8507],[15.54995,41.8498],[15.54907,41.8487],[15.55043,41.84795],[15.55113,41.84676],[15.55222,41.84667],[15.55238,41.84569],[15.55347,41.84514],[15.55267,41.84421],[15.55408,41.84346],[15.55285,41.84292],[15.5531,41.84253],[15.55445,41.8424],[15.55473,41.84113],[15.55833,41.83845],[15.5616,41.83827],[15.56307,41.83767],[15.56486,41.83748],[15.56622,41.83674],[15.56777,41.83502],[15.571,41.83422],[15.56935,41.83285],[15.5637,41.83098],[15.55647,41.83101],[15.55477,41.83019],[15.55356,41.82906],[15.5531,41.82793],[15.55645,41.82605],[15.5642,41.82618],[15.56559,41.82581],[15.56677,41.82349],[15.56593,41.8223],[15.56826,41.81942],[15.56961,41.81831],[15.57138,41.81773],[15.57119,41.8168],[15.57278,41.81613],[15.57242,41.81539],[15.57377,41.81454],[15.57512,41.81453],[15.57528,41.81242],[15.57617,41.81246],[15.57769,41.81165],[15.57792,41.81081],[15.57863,41.81081],[15.57979,41.80948],[15.58103,41.80903],[15.58196,41.80784],[15.5854,41.80724],[15.58619,41.80671],[15.58906,41.80631],[15.59046,41.80576],[15.59678,41.80499],[15.59892,41.80512],[15.60064,41.80602],[15.60111,41.80707],[15.60527,41.80833],[15.60461,41.80911],[15.60339,41.80925],[15.60035,41.81096],[15.59829,41.8134],[15.59506,41.81492],[15.59367,41.81718],[15.59503,41.81779],[15.59873,41.81666],[15.60039,41.81758],[15.6011,41.81696],[15.60227,41.81682],[15.60418,41.81584],[15.60631,41.81592],[15.60879,41.8167],[15.60993,41.81837],[15.61157,41.81866],[15.61225,41.81992],[15.61305,41.81982],[15.61605,41.82053],[15.61677,41.82125],[15.61637,41.82169],[15.61709,41.82413],[15.61669,41.8244],[15.61792,41.82464],[15.61906,41.8258],[15.61926,41.82652],[15.61844,41.82704],[15.61891,41.82773],[15.61965,41.82776],[15.6215,41.82877],[15.61976,41.8301],[15.61854,41.83033],[15.6158,41.83183],[15.61254,41.83459],[15.60812,41.8353],[15.60765,41.83485],[15.60659,41.83502],[15.60681,41.83457],[15.60155,41.83539],[15.60079,41.83626],[15.60028,41.83854],[15.59982,41.83912],[15.59847,41.8393],[15.60081,41.84188],[15.60446,41.84301],[15.59993,41.84328],[15.59965,41.84364],[15.60064,41.84423],[15.6011,41.84534],[15.59987,41.84614],[15.60025,41.84703],[15.59853,41.84921],[15.60256,41.85162],[15.60279,41.85214],[15.60189,41.85286],[15.60186,41.85363],[15.6001,41.85535],[15.59746,41.85691],[15.59487,41.85669],[15.59319,41.85732],[15.5917,41.85718],[15.58851,41.8559],[15.58645,41.85647],[15.58429,41.85535],[15.5824,41.85506],[15.58207,41.85608],[15.58451,41.85684],[15.57895,41.85997],[15.57609,41.86114],[15.5755,41.86159],[15.57437,41.86464],[15.57353,41.86485],[15.5735,41.86604],[15.5745,41.86621],[15.57495,41.86722],[15.57575,41.86767],[15.57504,41.86913],[15.58585,41.86836],[15.58743,41.86731],[15.58902,41.86697],[15.58996,41.86555],[15.59044,41.86338],[15.59227,41.86233],[15.59226,41.86192],[15.59366,41.86154],[15.59369,41.86005],[15.59434,41.85968],[15.59638,41.86023],[15.59728,41.86],[15.59853,41.86029],[15.60065,41.85853],[15.6056,41.85552],[15.60621,41.856],[15.60765,41.85581],[15.60726,41.8573],[15.60901,41.85936],[15.61061,41.85723],[15.61054,41.8565],[15.61202,41.85543],[15.61415,41.85479],[15.61524,41.85381],[15.61592,41.85165],[15.61665,41.85163],[15.62177,41.84833],[15.62547,41.85051],[15.6346,41.86036],[15.63683,41.86226],[15.63795,41.86433],[15.63762,41.86481],[15.63576,41.86552],[15.63506,41.86655],[15.63589,41.87234],[15.63351,41.87828],[15.63343,41.88019],[15.63278,41.88154],[15.63363,41.88741],[15.6333,41.88936],[15.63222,41.8914],[15.63267,41.89217],[15.63751,41.89535],[15.63461,41.89655],[15.63373,41.89873],[15.62996,41.90017],[15.62965,41.90302],[15.62883,41.90374],[15.62561,41.90324],[15.62476,41.90364],[15.62292,41.9025],[15.62024,41.90209],[15.61697,41.90383],[15.61568,41.90611],[15.61349,41.90721],[15.61161,41.91111],[15.60942,41.91318],[15.60835,41.91482],[15.60755,41.91524],[15.60579,41.91813],[15.60379,41.91864],[15.602,41.91854],[15.59998,41.91798],[15.59702,41.91648],[15.59544,41.91801],[15.5911,41.91806],[15.58763,41.91729],[15.58369,41.91584],[15.58191,41.91653],[15.57917,41.91577],[15.57811,41.91492],[15.5776,41.91363],[15.57692,41.90863],[15.57605,41.90594],[15.57448,41.9043],[15.56734,41.8994],[15.5618,41.89727],[15.55669,41.89408],[15.54993,41.89113],[15.54691,41.89093],[15.54323,41.89191],[15.54026,41.89324],[15.53742,41.89381],[15.53128,41.89417],[15.52627,41.89314],[15.52296,41.89057],[15.51826,41.88605],[15.50935,41.88038],[15.49982,41.87587],[15.49198,41.87399],[15.49052,41.873],[15.48032,41.86983],[15.47982,41.87002],[15.47904,41.87198],[15.47971,41.87352],[15.50896,41.90813],[15.51022,41.90824],[15.51037,41.90828],[15.5104,41.90831],[15.50951,41.90823],[15.50477,41.90747],[15.49645,41.90571],[15.4825,41.90402],[15.4779,41.90295],[15.47517,41.90295],[15.47257,41.90196],[15.46202,41.9004],[15.45856,41.89822],[15.45898,41.89491],[15.45823,41.89453],[15.45017,41.89528],[15.44079,41.89353],[15.43144,41.89293],[15.4303,41.89259],[15.42076,41.89232],[15.41891,41.89176],[15.41073,41.89129],[15.40668,41.89143],[15.40264,41.89429],[15.38763,41.89394],[15.37856,41.8942],[15.37771,41.89436],[15.37386,41.89471],[15.37564,41.89455],[15.37511,41.89017],[15.38832,41.87306],[15.38417,41.87021],[15.38114,41.86864],[15.38017,41.86839],[15.37851,41.86872],[15.3661,41.86366],[15.36347,41.86352],[15.36029,41.86405],[15.35415,41.86589],[15.35158,41.86519],[15.34965,41.86516],[15.34961,41.86316],[15.3473,41.86178],[15.34589,41.86247],[15.34421,41.8622],[15.34276,41.86375],[15.33869,41.86575],[15.33514,41.86871],[15.32748,41.87007],[15.32531,41.87108],[15.32435,41.87313],[15.32476,41.87451],[15.32347,41.8757],[15.32125,41.87636],[15.31739,41.87611],[15.31557,41.87665],[15.31176,41.88006],[15.31009,41.88266],[15.31125,41.88471],[15.31673,41.88841],[15.31808,41.88899],[15.323,41.88941],[15.32379,41.89005],[15.32455,41.89165],[15.3269,41.89249],[15.33062,41.89315],[15.3331,41.89265],[15.34122,41.8931],[15.34401,41.89289],[15.34601,41.89173],[15.34599,41.89378],[15.34707,41.89665],[15.34654,41.89944],[15.34493,41.90158],[15.34519,41.90237],[15.34375,41.90415],[15.34074,41.91006],[15.33928,41.91417],[15.33657,41.91366],[15.33273,41.91374],[15.32523,41.91322],[15.32343,41.91411],[15.31587,41.91269],[15.30139,41.91306],[15.2997,41.91272],[15.29679,41.91118],[15.29562,41.91282],[15.29401,41.91316],[15.2937,41.9143],[15.29281,41.91437],[15.29106,41.91312],[15.29096,41.91208],[15.29169,41.91107],[15.29465,41.90945],[15.295,41.9081],[15.29154,41.90716],[15.28977,41.90873],[15.2884,41.909],[15.28837,41.90796],[15.28961,41.90654],[15.29148,41.90559],[15.29153,41.90478],[15.29068,41.90425],[15.28889,41.9047],[15.28794,41.90448],[15.28645,41.90323],[15.28564,41.90192],[15.28358,41.90107],[15.27859,41.90221],[15.27855,41.90771],[15.27799,41.90774],[15.27404,41.90564],[15.27324,41.90596],[15.27246,41.90737],[15.26948,41.90797],[15.27022,41.9091],[15.27301,41.91116],[15.25907,41.91097],[15.25501,41.9074],[15.25216,41.9059],[15.23211,41.91467],[15.22844,41.91535],[15.22078,41.91552],[15.22532,41.9181],[15.22907,41.91903],[15.24512,41.91898],[15.25273,41.9199],[15.262,41.91987],[15.27145,41.92077],[15.28202,41.92111],[15.29392,41.92107],[15.30156,41.92065],[15.31192,41.91873],[15.32096,41.91769],[15.33466,41.91665],[15.34092,41.91693],[15.3448,41.91502],[15.3451,41.91323],[15.34675,41.91122],[15.35165,41.90882],[15.35412,41.90698],[15.35835,41.90497],[15.36702,41.90248],[15.37645,41.90121],[15.38693,41.90069],[15.39263,41.90084],[15.39643,41.90053],[15.40857,41.901],[15.41148,41.9007],[15.41316,41.90105],[15.44119,41.90228],[15.45047,41.90348],[15.45637,41.90367],[15.46812,41.90491],[15.47272,41.90571],[15.4787,41.90598],[15.48346,41.90696],[15.48891,41.90707],[15.50624,41.90935],[15.51563,41.9102],[15.51935,41.91114],[15.52196,41.91125],[15.54352,41.9143],[15.55145,41.91589],[15.56135,41.91698],[15.57261,41.91914],[15.5771,41.9195],[15.58173,41.92055],[15.58465,41.9207],[15.60917,41.92444],[15.61288,41.92537],[15.61486,41.92666],[15.61936,41.92767],[15.62137,41.92898],[15.62242,41.92875],[15.62387,41.92744],[15.63383,41.92707],[15.63695,41.92741],[15.64364,41.92635],[15.64472,41.92599],[15.64608,41.92468],[15.6483,41.92384],[15.64941,41.92379],[15.64997,41.92327],[15.65231,41.92289],[15.65369,41.92209],[15.65669,41.92134],[15.66004,41.92177],[15.65641,41.91814],[15.65319,41.91563],[15.65232,41.91304],[15.64947,41.91094],[15.64928,41.91017],[15.6503,41.90876],[15.65272,41.90685],[15.65506,41.90579],[15.65608,41.90466],[15.6555,41.9018],[15.65608,41.9003],[15.6576,41.89994],[15.66097,41.89694],[15.66424,41.89499],[15.66434,41.89332],[15.66592,41.89214],[15.66594,41.89044],[15.66869,41.88796],[15.66861,41.88643],[15.66748,41.88419],[15.66659,41.87855],[15.66763,41.87734],[15.66753,41.87503],[15.669,41.87421],[15.66936,41.87332],[15.6692,41.87295],[15.66667,41.87214],[15.66654,41.87125],[15.66826,41.86842],[15.66976,41.86726],[15.67338,41.86561],[15.67466,41.86407],[15.67333,41.86206],[15.67358,41.86095],[15.67152,41.8549],[15.67126,41.85233],[15.67037,41.85106],[15.67348,41.84971],[15.67433,41.84897],[15.67295,41.84383],[15.67379,41.83829],[15.67513,41.83618],[15.67656,41.83496],[15.67639,41.83267],[15.68624,41.82666],[15.68803,41.82496],[15.69075,41.82378],[15.70535,41.81133],[15.70751,41.80906],[15.71235,41.80695],[15.71712,41.80542],[15.71969,41.8043],[15.72018,41.8037],[15.7266,41.80236],[15.7294,41.8008],[15.73426,41.8004],[15.73747,41.79926],[15.73795,41.79741],[15.73868,41.79678],[15.7414,41.79627],[15.74114,41.79541],[15.74409,41.79298],[15.74633,41.79371],[15.75061,41.79238],[15.75615,41.79315],[15.75813,41.79283],[15.75906,41.79474],[15.76055,41.7951],[15.76146,41.79589],[15.76308,41.79996],[15.76606,41.80025],[15.76713,41.80012],[15.76844,41.79937],[15.76994,41.79992],[15.76969,41.80041],[15.77079,41.80195],[15.77122,41.80374],[15.76817,41.80444],[15.76836,41.80648],[15.76748,41.80828],[15.76735,41.81137],[15.76977,41.81395],[15.7739,41.824],[15.7744,41.82469],[15.77701,41.82594],[15.77668,41.82726],[15.78029,41.82873],[15.78491,41.82958],[15.78707,41.83039],[15.8086,41.8319],[15.80849,41.83112],[15.80946,41.82999],[15.8122,41.82894],[15.81396,41.82755],[15.81926,41.82604],[15.82143,41.82656],[15.82268,41.82611],[15.82427,41.82787],[15.82598,41.82791],[15.82711,41.82859],[15.83032,41.82837],[15.83071,41.82797],[15.83203,41.8283],[15.83444,41.83154],[15.83598,41.82971],[15.83669,41.82737],[15.83564,41.82382],[15.83623,41.82377],[15.83713,41.82132],[15.84123,41.81792],[15.84203,41.81785],[15.84582,41.81941],[15.85161,41.81894],[15.85501,41.81924],[15.85688,41.81897],[15.85915,41.81793],[15.86097,41.81545],[15.8645,41.81208],[15.86502,41.81226],[15.86394,41.81546],[15.86415,41.81624],[15.86919,41.81521],[15.87494,41.81299],[15.87658,41.81269],[15.87981,41.81092],[15.88259,41.80887],[15.88318,41.80527],[15.88487,41.8046],[15.88669,41.80303],[15.88876,41.80772],[15.8924,41.81107],[15.90252,41.81013],[15.9146,41.80655],[15.91859,41.80618],[15.92206,41.80722],[15.91597,41.81313],[15.91587,41.81535],[15.9165,41.81565],[15.92018,41.81572],[15.92216,41.81624],[15.92269,41.81728],[15.92173,41.81851],[15.91934,41.81848],[15.91915,41.81959],[15.91813,41.81962],[15.91685,41.81895],[15.91572,41.81885],[15.91409,41.81935],[15.91057,41.82214],[15.90976,41.82508],[15.90837,41.82641],[15.90468,41.8274],[15.90234,41.82885],[15.89866,41.82996],[15.89702,41.83099],[15.89369,41.83187],[15.88457,41.83576],[15.88667,41.83639],[15.88683,41.83666],[15.88688,41.83686],[15.88189,41.83691],[15.87956,41.83585],[15.87318,41.83543],[15.87068,41.8358],[15.86947,41.83661],[15.86375,41.83784],[15.86287,41.83956],[15.86144,41.83985],[15.85961,41.8411],[15.85614,41.84136],[15.85504,41.8426],[15.85565,41.84382],[15.85443,41.84467],[15.85488,41.84536],[15.85242,41.84626],[15.85045,41.84883],[15.85036,41.8499],[15.8532,41.85604],[15.85385,41.85695],[15.85482,41.85738],[15.85276,41.85843],[15.84675,41.85905],[15.84334,41.86062],[15.83888,41.8586],[15.83712,41.85706],[15.83523,41.85417],[15.83168,41.85445],[15.82953,41.84759],[15.82717,41.84269],[15.82347,41.83915],[15.82054,41.83783],[15.81785,41.83789],[15.80813,41.84199],[15.80693,41.84456],[15.8056,41.84553],[15.80538,41.84616],[15.80578,41.84666],[15.79831,41.85084],[15.79568,41.84857],[15.79244,41.84716],[15.78925,41.84752],[15.78678,41.84856],[15.78263,41.84961],[15.77657,41.84937],[15.77265,41.84858],[15.76915,41.84684],[15.76753,41.84555],[15.76309,41.84365],[15.76025,41.84305],[15.75655,41.84401],[15.75084,41.84704],[15.74351,41.8481],[15.74257,41.84853],[15.73951,41.84843],[15.73568,41.84986],[15.72807,41.85091],[15.71907,41.8505],[15.71391,41.85133],[15.70918,41.85332],[15.70693,41.85487],[15.70578,41.855],[15.70286,41.85725],[15.7007,41.85813],[15.69688,41.85891],[15.68942,41.86312],[15.68345,41.86767],[15.68209,41.86814],[15.68054,41.86978],[15.6806,41.87059],[15.68316,41.87407],[15.68615,41.87526],[15.68634,41.87592],[15.68454,41.87748],[15.6845,41.88072],[15.68626,41.88539],[15.68712,41.88585],[15.68738,41.88657],[15.68655,41.88798],[15.68425,41.89003],[15.68461,41.89146],[15.68554,41.89245],[15.68558,41.89402],[15.68475,41.89592],[15.68307,41.89699],[15.68166,41.89686],[15.68008,41.89813],[15.67867,41.89814],[15.67874,41.89922],[15.678,41.90001],[15.67877,41.90175],[15.67791,41.90518],[15.67883,41.90708],[15.67333,41.91301],[15.67234,41.91551],[15.6717,41.91599],[15.67254,41.917],[15.67334,41.9161],[15.67424,41.9158],[15.67953,41.91498],[15.68737,41.91454],[15.70135,41.91448],[15.7303,41.91536],[15.77028,41.91807],[15.78848,41.91977],[15.78893,41.91956],[15.78937,41.91697],[15.78847,41.91686],[15.79703,41.91779],[15.79949,41.91842],[15.79983,41.91882],[15.80124,41.91892],[15.80516,41.91555],[15.80778,41.91664],[15.81205,41.91686],[15.81615,41.91776],[15.81807,41.91741],[15.82189,41.9181],[15.82343,41.9173],[15.82424,41.91588],[15.82334,41.91286],[15.82282,41.91247],[15.8153,41.91065],[15.81012,41.90767],[15.80532,41.90754],[15.80711,41.90448],[15.80772,41.90097],[15.80683,41.89872],[15.80437,41.89527],[15.80388,41.89205],[15.8022,41.8905],[15.80309,41.88742],[15.80285,41.88686],[15.80208,41.88654],[15.80251,41.88543],[15.80205,41.88393],[15.80388,41.88132],[15.80631,41.88071],[15.80668,41.88031],[15.80683,41.87868],[15.80611,41.87779],[15.80624,41.87705],[15.81011,41.87253],[15.81011,41.87018],[15.80884,41.86583],[15.8095,41.86533],[15.8124,41.86433],[15.81692,41.86352],[15.82292,41.86392],[15.82435,41.86302],[15.8258,41.86365],[15.82661,41.86284],[15.82858,41.86386],[15.83041,41.86321],[15.83313,41.86368],[15.83408,41.86438],[15.8355,41.8646],[15.83672,41.86406],[15.84101,41.86443],[15.84279,41.8656],[15.84437,41.86611],[15.84489,41.86729],[15.8457,41.86787],[15.85145,41.87049],[15.85412,41.87387],[15.85729,41.87533],[15.8578,41.87614],[15.85896,41.87629],[15.85941,41.87693],[15.86013,41.87696],[15.86293,41.87579],[15.86699,41.87584],[15.86853,41.87644],[15.87044,41.87375],[15.8718,41.86908],[15.87353,41.86631],[15.88135,41.86228],[15.88239,41.86118],[15.88635,41.86115],[15.88792,41.86415],[15.89093,41.86745],[15.88943,41.86989],[15.88907,41.87132],[15.88965,41.87182],[15.89223,41.87141],[15.89346,41.87079],[15.89495,41.87106],[15.89881,41.87],[15.89987,41.87056],[15.90046,41.87216],[15.90026,41.87477],[15.89879,41.87778],[15.89961,41.87698],[15.90174,41.8768],[15.90735,41.87541],[15.91125,41.87311],[15.91608,41.87298],[15.91864,41.87112],[15.92032,41.87051],[15.9219,41.87075],[15.92391,41.8699],[15.92546,41.86862],[15.92916,41.86714],[15.92955,41.86625],[15.92916,41.86714],[15.9296,41.86699],[15.93014,41.86573],[15.93011,41.86363]],[[15.98148,41.81799],[15.98148,41.81799],[15.98073,41.81774],[15.98148,41.81799]],[[15.98073,41.81774],[15.98072,41.81773],[15.98051,41.81749],[15.98073,41.81774]],[[15.97193,41.814],[15.97185,41.81391],[15.97181,41.81387],[15.97193,41.814]],[[15.97181,41.81387],[15.97173,41.8138],[15.97157,41.81367],[15.97181,41.81387]],[[15.96169,41.81065],[15.96163,41.81072],[15.96154,41.81082],[15.96169,41.81065]],[[15.96154,41.81082],[15.96151,41.81085],[15.9615,41.81086],[15.96154,41.81082]],[[15.9604,41.80972],[15.96048,41.80963],[15.96049,41.80962],[15.9604,41.80972]],[[15.96049,41.80962],[15.96049,41.80962],[15.96044,41.80957],[15.96049,41.80962]],[[15.36998,41.89511],[15.36998,41.89511],[15.37005,41.89522],[15.36998,41.89511]],[[15.36998,41.89511],[15.37114,41.89501],[15.37146,41.89498],[15.37102,41.89502],[15.36998,41.89511]],[[15.99734,41.82917],[15.99714,41.82906],[15.99713,41.82906],[15.99734,41.82917]],[[15.99626,41.82873],[15.99598,41.82862],[15.99594,41.8286],[15.99626,41.82873]],[[15.99527,41.82686],[15.99521,41.82674],[15.99485,41.82609],[15.99527,41.82686]],[[15.99427,41.82564],[15.99427,41.82564],[15.99426,41.82564],[15.99427,41.82564]],[[15.99253,41.82427],[15.99248,41.82421],[15.99226,41.82395],[15.99253,41.82427]],[[15.99192,41.82349],[15.99185,41.82341],[15.99178,41.82335],[15.99192,41.82349]],[[15.99077,41.82236],[15.99073,41.82234],[15.99056,41.82229],[15.99077,41.82236]],[[15.99047,41.82218],[15.99047,41.82218],[15.99044,41.82211],[15.99047,41.82218]],[[15.99002,41.82154],[15.98999,41.82141],[15.98995,41.82129],[15.99002,41.82154]],[[15.9899,41.82123],[15.98988,41.82098],[15.98988,41.82096],[15.9899,41.82123]],[[15.98267,41.81864],[15.98247,41.81872],[15.98244,41.81873],[15.98267,41.81864]],[[15.98217,41.81866],[15.98219,41.81863],[15.98222,41.81858],[15.98217,41.81866]],[[15.9819,41.81844],[15.98191,41.81841],[15.98193,41.81838],[15.9819,41.81844]],[[15.98035,41.81733],[15.98018,41.8171],[15.98016,41.81707],[15.98035,41.81733]],[[15.97997,41.81697],[15.97997,41.81696],[15.97998,41.81694],[15.97997,41.81697]],[[15.98012,41.8162],[15.98009,41.81617],[15.98,41.81606],[15.98012,41.8162]],[[15.97942,41.81571],[15.97938,41.81569],[15.97927,41.81561],[15.97942,41.81571]],[[15.9748,41.81467],[15.97479,41.81464],[15.97479,41.81464],[15.9748,41.81467]],[[15.97445,41.81452],[15.97444,41.81451],[15.97442,41.81449],[15.97445,41.81452]],[[15.97135,41.81346],[15.97139,41.81336],[15.97139,41.81335],[15.97135,41.81346]],[[15.96935,41.81207],[15.96932,41.81204],[15.96923,41.81199],[15.96935,41.81207]],[[15.96798,41.81166],[15.96793,41.81164],[15.96772,41.81157],[15.96798,41.81166]],[[15.96764,41.81156],[15.96761,41.81156],[15.9676,41.81156],[15.96764,41.81156]],[[15.96662,41.81126],[15.96653,41.81126],[15.96645,41.81127],[15.96662,41.81126]],[[15.96454,41.81082],[15.96442,41.81084],[15.96431,41.81086],[15.96454,41.81082]],[[15.96404,41.81083],[15.96397,41.81081],[15.96395,41.8108],[15.96404,41.81083]],[[15.96364,41.8108],[15.96364,41.8108],[15.96349,41.81077],[15.96364,41.8108]],[[15.96317,41.81057],[15.96316,41.81056],[15.96312,41.81053],[15.96317,41.81057]],[[15.963,41.81039],[15.96298,41.81038],[15.96277,41.81035],[15.963,41.81039]],[[15.96237,41.81032],[15.96224,41.81036],[15.96222,41.81037],[15.96237,41.81032]],[[15.96128,41.81064],[15.96127,41.81062],[15.96124,41.81045],[15.96128,41.81064]],[[15.91987,41.85164],[15.91996,41.85196],[15.92001,41.85215],[15.91987,41.85164]],[[15.78103,41.91627],[15.78298,41.91636],[15.78731,41.91675],[15.78239,41.91635],[15.78103,41.91627]],[[15.77579,41.91583],[15.77844,41.91595],[15.78062,41.91622],[15.77579,41.91583]],[[15.76358,41.91509],[15.7669,41.91524],[15.76961,41.91561],[15.76702,41.91534],[15.76358,41.91509]],[[15.7622,41.91505],[15.76307,41.91506],[15.76321,41.91507],[15.7622,41.91505]],[[15.75991,41.91474],[15.76147,41.91499],[15.76027,41.91484],[15.75991,41.91474]],[[15.75844,41.91457],[15.75887,41.91462],[15.75867,41.9146],[15.75844,41.91457]],[[15.75593,41.91447],[15.75601,41.91447],[15.75597,41.91447],[15.75593,41.91447]],[[15.74945,41.91405],[15.74986,41.91405],[15.75405,41.91437],[15.75271,41.9143],[15.74945,41.91405]],[[15.74688,41.91393],[15.7478,41.91404],[15.74726,41.91399],[15.74688,41.91393]],[[15.74348,41.91363],[15.74362,41.91364],[15.7438,41.91365],[15.74348,41.91363]],[[15.73859,41.91336],[15.73963,41.91342],[15.73908,41.91343],[15.73859,41.91336]],[[15.37007,41.89525],[15.37006,41.89526],[15.3697,41.89535],[15.37007,41.89525]],[[15.37277,41.89488],[15.3728,41.89489],[15.37249,41.8949],[15.37277,41.89488]],[[15.88256,41.83801],[15.88197,41.83804],[15.8818,41.83807],[15.88194,41.83803],[15.88256,41.83801]],[[15.88689,41.83692],[15.88654,41.83735],[15.88652,41.83736],[15.88689,41.83692]],[[15.85281,41.80096],[15.85275,41.80116],[15.85275,41.80116],[15.85281,41.80096]],[[15.89281,41.79472],[15.8927,41.79497],[15.89245,41.79534],[15.8927,41.79497],[15.89281,41.79472]],[[15.89298,41.79414],[15.89298,41.79414],[15.89291,41.79431],[15.89298,41.79414]],[[16.14842,41.77768],[16.14885,41.77774],[16.14884,41.77774],[16.14842,41.77768]],[[16.15217,41.77647],[16.15218,41.77648],[16.15213,41.77661],[16.15217,41.77647]],[[16.15137,41.77575],[16.15174,41.77593],[16.15081,41.77576],[16.15137,41.77575]],[[16.14663,41.77579],[16.14747,41.7758],[16.14665,41.7758],[16.14564,41.77594],[16.14515,41.77594],[16.1448,41.77582],[16.14663,41.77579]],[[16.14983,41.77562],[16.1502,41.77576],[16.15018,41.77576],[16.14983,41.77562]],[[16.14901,41.77544],[16.14902,41.77545],[16.14842,41.77557],[16.14901,41.77544]],[[16.14503,41.77526],[16.14488,41.77543],[16.14488,41.77542],[16.14503,41.77526]],[[16.14591,41.77429],[16.14591,41.77429],[16.14583,41.77439],[16.14591,41.77429]],[[16.14035,41.77427],[16.14055,41.77436],[16.14054,41.77437],[16.14035,41.77427]],[[16.14071,41.77414],[16.14071,41.77414],[16.14066,41.77422],[16.14071,41.77414]],[[16.13987,41.77395],[16.14039,41.77354],[16.13989,41.77395],[16.13999,41.77404],[16.13987,41.77395]],[[16.14283,41.77294],[16.14264,41.77316],[16.14242,41.77366],[16.14263,41.77316],[16.14283,41.77294]],[[16.14598,41.77272],[16.14616,41.77302],[16.14598,41.77273],[16.1449,41.77291],[16.14598,41.77272]],[[16.14299,41.77276],[16.1439,41.77287],[16.14467,41.7729],[16.14409,41.77289],[16.14342,41.77283],[16.14299,41.77276]],[[16.13958,41.7714],[16.14034,41.77163],[16.14063,41.77235],[16.14032,41.77164],[16.13958,41.7714]],[[16.13749,41.77123],[16.13747,41.77122],[16.1378,41.77125],[16.13749,41.77123]],[[16.13631,41.77095],[16.13696,41.771],[16.13698,41.77101],[16.13631,41.77095]],[[16.13652,41.77026],[16.13553,41.77083],[16.13586,41.77099],[16.1355,41.77082],[16.13652,41.77026]],[[16.13821,41.76956],[16.13695,41.77011],[16.1369,41.77013],[16.13746,41.76988],[16.13821,41.76956]],[[16.13845,41.76914],[16.13846,41.76915],[16.13825,41.76954],[16.13845,41.76914]]],[[[15.74929,42.22177],[15.74406,42.22396],[15.74351,42.22471],[15.74342,42.22706],[15.74406,42.22718],[15.74673,42.22604],[15.7475,42.22636],[15.74967,42.22586],[15.75196,42.22606],[15.75128,42.2228],[15.75013,42.22188],[15.74929,42.22177]]],[[[15.50769,42.1299],[15.50821,42.13487],[15.50876,42.13513],[15.51028,42.13438],[15.51097,42.13462],[15.51055,42.13576],[15.50943,42.13682],[15.51083,42.13903],[15.51219,42.1397],[15.51445,42.14005],[15.51676,42.13977],[15.51837,42.13884],[15.51993,42.13903],[15.5214,42.13847],[15.52313,42.13854],[15.52186,42.1378],[15.51792,42.13715],[15.51459,42.13411],[15.51067,42.13153],[15.51024,42.13079],[15.50853,42.12992],[15.50769,42.1299]]],[[[15.5034,42.11866],[15.50172,42.11947],[15.50177,42.11978],[15.50514,42.12219],[15.50762,42.12319],[15.50929,42.12548],[15.51288,42.12814],[15.51604,42.12865],[15.51787,42.12779],[15.51768,42.12616],[15.51379,42.12419],[15.51291,42.12264],[15.51192,42.12202],[15.50886,42.1217],[15.50586,42.12074],[15.50482,42.11916],[15.5034,42.11866]]],[[[15.48216,42.10377],[15.4789,42.10439],[15.47827,42.1053],[15.47684,42.1061],[15.47645,42.10698],[15.47766,42.10837],[15.47742,42.10993],[15.4762,42.11135],[15.47422,42.11231],[15.47764,42.11272],[15.47848,42.11334],[15.47965,42.11345],[15.47988,42.11464],[15.4818,42.11588],[15.4826,42.11759],[15.48466,42.11773],[15.48449,42.11837],[15.48302,42.11858],[15.48262,42.11916],[15.48595,42.11917],[15.48624,42.12005],[15.48772,42.12083],[15.48704,42.12266],[15.48794,42.12359],[15.48957,42.12338],[15.49026,42.12524],[15.49114,42.12563],[15.49323,42.12315],[15.49349,42.12192],[15.49575,42.1215],[15.49667,42.12034],[15.49684,42.11981],[15.4962,42.11887],[15.49638,42.11731],[15.49471,42.11658],[15.49587,42.11568],[15.49471,42.11474],[15.49317,42.11472],[15.49308,42.11369],[15.49392,42.11291],[15.49168,42.11156],[15.49133,42.10953],[15.4902,42.10866],[15.48753,42.10794],[15.48216,42.10377]]],[[[15.49991,42.12143],[15.49739,42.12216],[15.49669,42.12264],[15.49681,42.1235],[15.4983,42.12361],[15.49934,42.12317],[15.50097,42.12367],[15.50105,42.12313],[15.49991,42.12143]]],[[[16.18556,41.88745],[16.18338,41.88889],[16.18363,41.88972],[16.18514,41.88994],[16.18627,41.88786],[16.18556,41.88745]]]]}}]}