{"type":"FeatureCollection","features":[{"type":"Feature","properties":{"nome":"Torre Guaceto e Macchia S. Giovanni","tipo":"ZSC","codice":"IT9140005","ettari":7978,"settori":["BR_01","BR_02"]},"geometry":{"type":"MultiPolygon","coordinates":[[[[17.58006,40.79842],[17.59071,40.82436],[17.62725,40.81503],[17.66329,40.80744],[17.7068,40.79207],[17.73367,40.7782],[17.75746,40.75833],[17.77243,40.75291],[17.8048,40.73435],[17.82203,40.72999],[17.83808,40.72425],[17.85141,40.71547],[17.85186,40.7087],[17.85531,40.70271],[17.86188,40.70057],[17.87742,40.70019],[17.88361,40.69778],[17.8991,40.69626],[17.90606,40.69468],[17.91934,40.6935],[17.92733,40.68992],[17.92564,40.68518],[17.91821,40.68452],[17.90823,40.68506],[17.86411,40.69018],[17.83967,40.69487],[17.82963,40.69857],[17.82221,40.70392],[17.81902,40.70895],[17.80515,40.71596],[17.80021,40.71975],[17.78276,40.72254],[17.76905,40.72674],[17.7598,40.73289],[17.74808,40.73748],[17.7452,40.74314],[17.73802,40.74784],[17.72299,40.75465],[17.69675,40.76475],[17.67296,40.77241],[17.63128,40.78465],[17.59671,40.79276],[17.58006,40.79842]]],[[[17.80716,40.70495],[17.80803,40.69901],[17.80584,40.70025],[17.80426,40.69932],[17.80225,40.69956],[17.80146,40.6988],[17.79962,40.69856],[17.79615,40.69902],[17.79485,40.70303],[17.79275,40.7024],[17.79459,40.70636],[17.80329,40.70129],[17.80343,40.70182],[17.79073,40.70912],[17.78453,40.71376],[17.7815,40.71493],[17.76767,40.71744],[17.7649,40.71859],[17.76089,40.71871],[17.76344,40.72591],[17.76853,40.7232],[17.7699,40.72285],[17.77109,40.72328],[17.77212,40.7222],[17.77303,40.72254],[17.77528,40.72182],[17.77478,40.72047],[17.77878,40.71918],[17.78209,40.71852],[17.78429,40.71938],[17.78567,40.71841],[17.7869,40.71887],[17.78675,40.71801],[17.78836,40.7183],[17.78865,40.71898],[17.78963,40.71741],[17.79052,40.71773],[17.79013,40.71881],[17.79127,40.71882],[17.79258,40.71814],[17.79182,40.71643],[17.79265,40.71584],[17.79345,40.71594],[17.79334,40.71742],[17.79394,40.71663],[17.79474,40.71676],[17.79427,40.71765],[17.79568,40.7172],[17.79544,40.71596],[17.79609,40.7159],[17.79676,40.71719],[17.80054,40.71594],[17.8004,40.71423],[17.79879,40.71457],[17.79742,40.71386],[17.79717,40.71169],[17.79908,40.70951],[17.80716,40.70495]]]]}},{"type":"Feature","properties":{"nome":"Isola e Lago di Varano","tipo":"ZSC","codice":"IT9110001","ettari":8146,"settori":["FG_01"]},"geometry":{"type":"Polygon","coordinates":[[[15.82379,41.91581],[15.8225,41.91207],[15.81602,41.91111],[15.81094,41.9081],[15.80602,41.90748],[15.80577,41.9063],[15.80662,41.90466],[15.81246,41.9031],[15.81187,41.90141],[15.80708,41.89853],[15.80643,41.89682],[15.80499,41.89635],[15.80405,41.89494],[15.80408,41.89304],[15.80519,41.8926],[15.80316,41.89067],[15.80303,41.88903],[15.80401,41.88776],[15.80239,41.88467],[15.80481,41.88247],[15.80655,41.88215],[15.80923,41.87764],[15.80867,41.8766],[15.80984,41.87339],[15.81123,41.87284],[15.81184,41.87344],[15.80849,41.86483],[15.80981,41.86262],[15.80908,41.85974],[15.81061,41.85945],[15.81018,41.85859],[15.80904,41.85908],[15.80787,41.85647],[15.80282,41.85164],[15.80321,41.85129],[15.80175,41.85177],[15.8013,41.8511],[15.80413,41.84941],[15.80109,41.8473],[15.79364,41.84405],[15.79341,41.84458],[15.78755,41.84572],[15.78287,41.84816],[15.78057,41.84869],[15.77184,41.8484],[15.77003,41.84775],[15.76748,41.84518],[15.76559,41.84456],[15.76298,41.84257],[15.76393,41.84194],[15.76327,41.84143],[15.76172,41.84174],[15.76135,41.84251],[15.76019,41.84206],[15.75793,41.8431],[15.75754,41.84259],[15.75481,41.84258],[15.75352,41.84218],[15.75163,41.83912],[15.75093,41.83942],[15.75001,41.83876],[15.74816,41.84226],[15.74551,41.84163],[15.74154,41.84245],[15.73632,41.84481],[15.73327,41.84841],[15.7292,41.84966],[15.72851,41.84863],[15.72855,41.85034],[15.72794,41.85079],[15.72507,41.85002],[15.72301,41.8503],[15.72093,41.84983],[15.71427,41.85047],[15.70537,41.85341],[15.70121,41.85668],[15.69026,41.86161],[15.67873,41.86973],[15.67827,41.87151],[15.67922,41.87462],[15.68375,41.87831],[15.68582,41.88741],[15.67747,41.89761],[15.67453,41.89949],[15.67575,41.90234],[15.67382,41.90366],[15.67172,41.90638],[15.66847,41.91147],[15.66797,41.91372],[15.66799,41.91438],[15.67129,41.91315],[15.67282,41.91404],[15.67059,41.9166],[15.66867,41.91684],[15.66863,41.91583],[15.66796,41.91583],[15.66585,41.918],[15.66585,41.91995],[15.66687,41.923],[15.66763,41.92275],[15.66824,41.91974],[15.67189,41.9161],[15.68126,41.9147],[15.69901,41.91435],[15.73382,41.91573],[15.76704,41.91782],[15.79246,41.92021],[15.79473,41.92067],[15.79425,41.92185],[15.79564,41.92184],[15.79579,41.92079],[15.79887,41.92047],[15.81877,41.92246],[15.82125,41.91844],[15.82314,41.91757],[15.82379,41.91581]]]}},{"type":"Feature","properties":{"nome":"Valle Fortore, Lago di Occhito","tipo":"ZSC","codice":"IT9110002","ettari":8369,"settori":["FG_02"]},"geometry":{"type":"Polygon","coordinates":[[[15.0112,41.61452],[15.0092,41.61241],[15.00719,41.61282],[15.00649,41.61354],[15.00572,41.61285],[15.00242,41.61289],[14.99887,41.6116],[14.99756,41.61166],[14.99427,41.61461],[14.9939,41.61727],[14.9912,41.61376],[14.99141,41.61213],[14.98798,41.60999],[14.9872,41.61067],[14.98558,41.6105],[14.98451,41.60969],[14.97977,41.6089],[14.97984,41.61052],[14.97823,41.61015],[14.97761,41.61074],[14.97622,41.60704],[14.9724,41.60538],[14.97014,41.60531],[14.97087,41.60183],[14.96997,41.60257],[14.969,41.60215],[14.96943,41.60164],[14.96843,41.60046],[14.96453,41.60073],[14.96278,41.59961],[14.96345,41.599],[14.96205,41.59879],[14.96278,41.59785],[14.96154,41.597],[14.96161,41.59606],[14.96322,41.59522],[14.96362,41.59368],[14.96108,41.59233],[14.9578,41.58865],[14.95505,41.5872],[14.95493,41.5864],[14.9563,41.58537],[14.95601,41.58361],[14.95344,41.58231],[14.95836,41.5804],[14.95747,41.57864],[14.9612,41.57736],[14.96223,41.57263],[14.96447,41.57083],[14.96708,41.57015],[14.96745,41.56765],[14.96609,41.56827],[14.9665,41.56663],[14.96547,41.56655],[14.96543,41.56375],[14.96296,41.55961],[14.9624,41.56028],[14.96199,41.55967],[14.95553,41.5577],[14.95657,41.55577],[14.95259,41.55177],[14.95175,41.54957],[14.94993,41.54857],[14.95094,41.54856],[14.95083,41.54753],[14.94866,41.54539],[14.94975,41.54472],[14.94771,41.54268],[14.94732,41.54019],[14.94855,41.53876],[14.95157,41.53965],[14.95198,41.53907],[14.9574,41.53958],[14.95727,41.53822],[14.95528,41.53797],[14.95786,41.53239],[14.95917,41.53402],[14.96365,41.53467],[14.96397,41.5339],[14.96212,41.52641],[14.97331,41.52453],[14.97873,41.51645],[14.98319,41.51179],[14.98208,41.51089],[14.98292,41.50949],[14.98244,41.50886],[14.97872,41.50684],[14.96687,41.51966],[14.95474,41.52175],[14.9529,41.52453],[14.95045,41.52205],[14.94761,41.52389],[14.94542,41.52417],[14.94266,41.5234],[14.93948,41.52461],[14.9368,41.52842],[14.93389,41.53579],[14.93334,41.53808],[14.93511,41.54708],[14.93259,41.55198],[14.93492,41.55557],[14.93481,41.55762],[14.93894,41.56222],[14.93918,41.56442],[14.94271,41.5681],[14.94505,41.57352],[14.94554,41.57748],[14.94497,41.57867],[14.94174,41.58049],[14.94145,41.58188],[14.94481,41.58714],[14.94794,41.58847],[14.94825,41.58763],[14.951,41.59012],[14.95068,41.59264],[14.94708,41.59637],[14.94589,41.59881],[14.94548,41.60159],[14.94718,41.60447],[14.94792,41.6078],[14.94867,41.60818],[14.95271,41.6075],[14.95383,41.60806],[14.95318,41.60908],[14.94713,41.60942],[14.94641,41.61114],[14.94319,41.61079],[14.94054,41.61191],[14.93749,41.61549],[14.93464,41.61689],[14.93452,41.61967],[14.93539,41.62142],[14.94902,41.63068],[14.95039,41.63451],[14.95502,41.63888],[14.95699,41.64431],[14.95992,41.64546],[14.96851,41.64034],[14.97608,41.63885],[14.98249,41.63916],[14.98772,41.63768],[14.98973,41.63601],[14.98963,41.63026],[14.99021,41.62939],[14.99797,41.62596],[14.99977,41.62646],[14.99803,41.62864],[14.99899,41.6296],[15.00141,41.62982],[15.00408,41.62904],[15.00543,41.62724],[15.00549,41.62365],[15.00672,41.62248],[15.01331,41.62208],[15.01806,41.62331],[15.02185,41.62196],[15.0251,41.62174],[15.02606,41.62336],[15.02321,41.62803],[15.02425,41.63276],[15.02564,41.63492],[15.03018,41.63586],[15.03103,41.63689],[15.0312,41.63896],[15.03944,41.63695],[15.04512,41.6371],[15.0433,41.64533],[15.04454,41.64787],[15.04707,41.64947],[15.04658,41.65232],[15.04848,41.65619],[15.05371,41.65932],[15.05956,41.66031],[15.06317,41.65842],[15.06867,41.65813],[15.06887,41.66243],[15.07247,41.66329],[15.07217,41.66478],[15.07685,41.66517],[15.08078,41.6676],[15.08172,41.66995],[15.08521,41.66972],[15.0908,41.67263],[15.08586,41.67505],[15.08851,41.68056],[15.08994,41.68181],[15.09145,41.68157],[15.09352,41.67939],[15.09413,41.67563],[15.09518,41.6738],[15.09806,41.67349],[15.10082,41.67182],[15.10247,41.67204],[15.10387,41.67291],[15.10521,41.67597],[15.10367,41.67884],[15.10355,41.68085],[15.1062,41.68569],[15.10796,41.68712],[15.10997,41.68758],[15.11708,41.69374],[15.12699,41.69714],[15.13188,41.6974],[15.14733,41.70458],[15.15927,41.70789],[15.16111,41.70901],[15.16157,41.7097],[15.15715,41.71208],[15.15628,41.71199],[15.15905,41.71303],[15.16289,41.71661],[15.15849,41.7181],[15.15836,41.71882],[15.15103,41.71905],[15.14813,41.7205],[15.14884,41.72162],[15.15415,41.71963],[15.15577,41.71983],[15.15551,41.72042],[15.15239,41.72128],[15.15494,41.72131],[15.15341,41.72227],[15.1567,41.72164],[15.15815,41.72199],[15.15899,41.72298],[15.15728,41.72345],[15.15473,41.72588],[15.15355,41.72606],[15.15595,41.72768],[15.15488,41.72912],[15.14803,41.73216],[15.14555,41.73201],[15.1472,41.73293],[15.15179,41.73168],[15.15854,41.72725],[15.16099,41.72657],[15.15991,41.72969],[15.16291,41.72643],[15.16737,41.72536],[15.17016,41.72756],[15.15584,41.73458],[15.15714,41.73586],[15.15824,41.73547],[15.15762,41.73649],[15.1735,41.73057],[15.17497,41.73258],[15.17464,41.73322],[15.1789,41.7335],[15.1805,41.7346],[15.18006,41.73621],[15.18169,41.73681],[15.18288,41.73855],[15.17957,41.73887],[15.17423,41.73758],[15.17315,41.73815],[15.17149,41.73791],[15.1671,41.73884],[15.16612,41.73861],[15.16501,41.73719],[15.16343,41.73782],[15.16401,41.73847],[15.16549,41.73852],[15.16407,41.73958],[15.17126,41.73918],[15.1749,41.73967],[15.1733,41.74176],[15.16815,41.74171],[15.16849,41.74237],[15.16777,41.74306],[15.16928,41.74238],[15.17188,41.74302],[15.16833,41.74441],[15.16918,41.74472],[15.17298,41.74406],[15.1795,41.74179],[15.18043,41.74234],[15.1839,41.74235],[15.18486,41.74384],[15.18164,41.74524],[15.18066,41.7449],[15.17624,41.74559],[15.16986,41.74797],[15.16693,41.74847],[15.16345,41.75153],[15.16865,41.74937],[15.17246,41.74916],[15.17609,41.74748],[15.17884,41.74769],[15.17645,41.74903],[15.17569,41.7506],[15.17285,41.7523],[15.17218,41.75365],[15.16941,41.75362],[15.16607,41.75633],[15.1663,41.757],[15.16969,41.75425],[15.17182,41.75446],[15.17361,41.75364],[15.17376,41.75303],[15.18112,41.74901],[15.18265,41.75423],[15.19039,41.75411],[15.19146,41.75431],[15.19027,41.7549],[15.19188,41.75507],[15.1891,41.75621],[15.18596,41.75637],[15.1889,41.7572],[15.18926,41.758],[15.18646,41.75904],[15.18873,41.75954],[15.18981,41.76078],[15.17945,41.76434],[15.17947,41.76477],[15.18176,41.76415],[15.18326,41.76454],[15.18606,41.76416],[15.18833,41.76522],[15.18989,41.76527],[15.19254,41.76396],[15.19681,41.76304],[15.19783,41.76382],[15.19738,41.76482],[15.19857,41.76541],[15.19752,41.76597],[15.20014,41.76583],[15.20228,41.76658],[15.19928,41.76745],[15.19942,41.76679],[15.19618,41.76862],[15.19337,41.76891],[15.19511,41.76917],[15.19917,41.76816],[15.20018,41.76958],[15.19949,41.77053],[15.201,41.77288],[15.19926,41.77349],[15.19729,41.7736],[15.19664,41.77295],[15.19619,41.77348],[15.19477,41.77332],[15.19004,41.77093],[15.19008,41.77028],[15.18697,41.77073],[15.18632,41.76994],[15.18442,41.7694],[15.1842,41.77175],[15.1826,41.77058],[15.18348,41.77183],[15.18226,41.77227],[15.18073,41.77141],[15.1787,41.77127],[15.18041,41.77183],[15.18025,41.77235],[15.17631,41.77306],[15.17914,41.77359],[15.1775,41.77421],[15.17722,41.77545],[15.17571,41.77637],[15.17495,41.7761],[15.17386,41.7773],[15.17491,41.77742],[15.17511,41.77662],[15.17813,41.77601],[15.17835,41.7751],[15.18005,41.77437],[15.18021,41.77314],[15.18507,41.77213],[15.18585,41.77097],[15.19144,41.77273],[15.19345,41.77478],[15.19066,41.77543],[15.19249,41.77747],[15.19217,41.77783],[15.19379,41.77729],[15.19707,41.77973],[15.1977,41.77887],[15.19516,41.77702],[15.19424,41.77484],[15.20485,41.77322],[15.20605,41.77396],[15.20621,41.77639],[15.20714,41.7775],[15.20752,41.77611],[15.20773,41.77682],[15.20996,41.77722],[15.21184,41.77857],[15.21159,41.78151],[15.21493,41.783],[15.21864,41.78381],[15.22019,41.7909],[15.21677,41.80315],[15.21427,41.80798],[15.21994,41.81755],[15.22753,41.81428],[15.23663,41.8265],[15.23868,41.82996],[15.23852,41.8327],[15.24123,41.83748],[15.24135,41.84513],[15.24595,41.84365],[15.24825,41.84776],[15.25126,41.84653],[15.25634,41.85383],[15.25383,41.85521],[15.26368,41.8589],[15.26243,41.85948],[15.26533,41.86294],[15.25876,41.86611],[15.26113,41.86878],[15.26604,41.87232],[15.2569,41.87826],[15.25609,41.88094],[15.25838,41.8877],[15.26025,41.88924],[15.26008,41.89113],[15.26525,41.89901],[15.26512,41.90056],[15.26927,41.8988],[15.26894,41.89831],[15.26643,41.89937],[15.26087,41.89091],[15.26098,41.88862],[15.25878,41.88637],[15.26101,41.88426],[15.26078,41.88285],[15.27961,41.87692],[15.28157,41.87365],[15.28138,41.87],[15.27853,41.87069],[15.2777,41.86859],[15.28132,41.86752],[15.27965,41.86491],[15.27361,41.86211],[15.27131,41.8645],[15.27092,41.86201],[15.27019,41.86149],[15.27197,41.86083],[15.27133,41.86024],[15.27188,41.8593],[15.26959,41.8566],[15.26976,41.85577],[15.27151,41.85456],[15.27206,41.85515],[15.27167,41.85296],[15.26528,41.84626],[15.26234,41.83897],[15.26075,41.83978],[15.25877,41.83965],[15.25815,41.83749],[15.2573,41.83767],[15.25798,41.83256],[15.25731,41.83269],[15.25511,41.83095],[15.26177,41.82283],[15.26087,41.81929],[15.25913,41.82146],[15.25429,41.82233],[15.24753,41.81989],[15.2444,41.81525],[15.24784,41.80821],[15.25108,41.80929],[15.25236,41.80909],[15.2534,41.80813],[15.25977,41.80597],[15.26588,41.80699],[15.26817,41.80408],[15.2627,41.80277],[15.25503,41.79784],[15.25156,41.80102],[15.24997,41.80066],[15.24912,41.7997],[15.24613,41.80234],[15.24093,41.79828],[15.24198,41.79747],[15.23675,41.79348],[15.24578,41.78747],[15.24191,41.78203],[15.23881,41.7836],[15.23725,41.78275],[15.23636,41.78302],[15.23477,41.7814],[15.23262,41.78226],[15.23163,41.78115],[15.23231,41.78069],[15.23158,41.77897],[15.23432,41.77774],[15.23351,41.77718],[15.23627,41.77538],[15.23975,41.77435],[15.2396,41.77387],[15.23819,41.77375],[15.24008,41.77281],[15.23969,41.77174],[15.23828,41.77248],[15.23601,41.7726],[15.23551,41.7713],[15.23614,41.77079],[15.23346,41.76943],[15.23305,41.77066],[15.22945,41.77182],[15.22789,41.77317],[15.22409,41.78145],[15.22187,41.78017],[15.22024,41.77716],[15.22105,41.77336],[15.22071,41.77015],[15.21803,41.76915],[15.21664,41.76635],[15.21779,41.76943],[15.22043,41.77048],[15.22004,41.77516],[15.21395,41.77505],[15.20848,41.77221],[15.2086,41.76887],[15.21146,41.76746],[15.21196,41.76624],[15.20846,41.76534],[15.20704,41.76629],[15.2053,41.76607],[15.20541,41.76423],[15.20261,41.76329],[15.20419,41.7629],[15.20362,41.76206],[15.2027,41.76224],[15.20191,41.75767],[15.20701,41.75677],[15.20768,41.75398],[15.2058,41.75248],[15.2053,41.75055],[15.20396,41.74938],[15.20061,41.75006],[15.19782,41.74915],[15.19684,41.74808],[15.19894,41.74577],[15.1987,41.74505],[15.19722,41.74337],[15.19468,41.74369],[15.19339,41.74292],[15.1953,41.74197],[15.19513,41.74091],[15.19131,41.73885],[15.19091,41.73799],[15.19365,41.73722],[15.19583,41.73583],[15.19406,41.73281],[15.19695,41.72695],[15.19607,41.72667],[15.19544,41.72909],[15.19469,41.7284],[15.1911,41.72913],[15.18635,41.72416],[15.18433,41.72414],[15.18519,41.72439],[15.18497,41.72553],[15.18321,41.72532],[15.18246,41.72241],[15.18124,41.72122],[15.17847,41.72198],[15.17569,41.72431],[15.17273,41.72353],[15.17054,41.72025],[15.1651,41.71564],[15.16737,41.71448],[15.16605,41.71262],[15.16971,41.70979],[15.16768,41.70761],[15.16625,41.70784],[15.16399,41.7069],[15.16842,41.70343],[15.17078,41.70596],[15.17797,41.70841],[15.17947,41.71014],[15.17932,41.70801],[15.17702,41.70656],[15.17722,41.70505],[15.17683,41.70461],[15.17592,41.7061],[15.17194,41.70511],[15.16958,41.70268],[15.16301,41.70014],[15.15969,41.69493],[15.15855,41.69538],[15.15556,41.69512],[15.15516,41.6943],[15.15461,41.69505],[15.15207,41.69486],[15.14974,41.69358],[15.14692,41.69045],[15.13911,41.68808],[15.13943,41.68655],[15.13759,41.687],[15.13518,41.68428],[15.13768,41.68303],[15.13677,41.68186],[15.13624,41.68296],[15.13337,41.68367],[15.13264,41.68336],[15.13314,41.68257],[15.13204,41.68294],[15.1306,41.68189],[15.13113,41.68137],[15.12739,41.68025],[15.12795,41.67964],[15.12695,41.67944],[15.12605,41.67997],[15.12628,41.67864],[15.12471,41.67937],[15.12089,41.67752],[15.1203,41.67782],[15.1182,41.6772],[15.11769,41.67574],[15.11719,41.67652],[15.11679,41.67604],[15.11597,41.67843],[15.1099,41.68179],[15.10879,41.68044],[15.10666,41.67947],[15.10892,41.67418],[15.11169,41.67594],[15.11275,41.67613],[15.11329,41.67567],[15.11287,41.67391],[15.11374,41.67382],[15.11302,41.66736],[15.11365,41.6621],[15.11262,41.65983],[15.111,41.65986],[15.1073,41.65811],[15.10308,41.65941],[15.0985,41.6637],[15.09321,41.66688],[15.08974,41.66495],[15.08888,41.66571],[15.08744,41.66505],[15.08845,41.66468],[15.08762,41.66362],[15.0883,41.6623],[15.08507,41.65877],[15.08296,41.65997],[15.07797,41.658],[15.07796,41.65698],[15.07917,41.65619],[15.08083,41.65655],[15.08229,41.65431],[15.08119,41.65315],[15.07932,41.65488],[15.08042,41.65321],[15.07847,41.65346],[15.07816,41.65541],[15.07587,41.65469],[15.07458,41.65691],[15.07342,41.65635],[15.07317,41.65442],[15.06846,41.65322],[15.06792,41.65394],[15.06642,41.65349],[15.06298,41.65459],[15.06212,41.65409],[15.06302,41.65302],[15.06256,41.65287],[15.06081,41.654],[15.05685,41.64863],[15.05759,41.64656],[15.05674,41.64192],[15.05456,41.6401],[15.0525,41.64067],[15.05162,41.63972],[15.05216,41.63679],[15.05103,41.63808],[15.05112,41.63673],[15.04616,41.63569],[15.04233,41.63417],[15.04233,41.63352],[15.04446,41.63235],[15.04504,41.6302],[15.04418,41.6303],[15.04365,41.63242],[15.03972,41.63322],[15.03681,41.63271],[15.03743,41.63125],[15.04126,41.63016],[15.04034,41.62973],[15.03593,41.63056],[15.0382,41.62838],[15.03437,41.63066],[15.03272,41.63342],[15.02947,41.6306],[15.02871,41.62886],[15.02682,41.62791],[15.02656,41.62668],[15.0288,41.62334],[15.02985,41.62305],[15.03169,41.61954],[15.02761,41.62011],[15.02722,41.61952],[15.02869,41.61877],[15.02484,41.61624],[15.02499,41.61525],[15.02387,41.61615],[15.02251,41.61627],[15.0212,41.6154],[15.02178,41.61496],[15.0205,41.6145],[15.01937,41.61493],[15.01674,41.61423],[15.01442,41.61496],[15.0112,41.61452]]]}},{"type":"Feature","properties":{"nome":"Monte Cornacchia - Bosco Faeto","tipo":"ZSC","codice":"IT9110003","ettari":6952,"settori":["FG_03","FG_04"]},"geometry":{"type":"Polygon","coordinates":[[[15.22512,41.32443],[15.22458,41.32559],[15.22288,41.32429],[15.21978,41.32374],[15.21442,41.31941],[15.21401,41.31841],[15.21284,41.3178],[15.21198,41.31833],[15.20936,41.31645],[15.20802,41.315],[15.20831,41.31427],[15.20788,41.31471],[15.20575,41.31433],[15.20555,41.31357],[15.19865,41.31411],[15.19371,41.3096],[15.19253,41.31024],[15.19092,41.308],[15.1847,41.30703],[15.18401,41.31078],[15.18203,41.31084],[15.18059,41.31305],[15.17951,41.31877],[15.17721,41.31888],[15.17666,41.31801],[15.17732,41.31088],[15.17552,41.31084],[15.17542,41.31125],[15.17278,41.31063],[15.17217,41.31089],[15.17181,41.31288],[15.16976,41.31123],[15.16905,41.31419],[15.17033,41.31516],[15.17004,41.31739],[15.16908,41.31871],[15.16678,41.31872],[15.16682,41.31914],[15.16522,41.31941],[15.16642,41.31973],[15.16455,41.32054],[15.16667,41.32186],[15.16674,41.32541],[15.16752,41.32539],[15.16906,41.3267],[15.16862,41.32703],[15.16957,41.32734],[15.16907,41.3275],[15.16953,41.32916],[15.16742,41.33019],[15.16585,41.33195],[15.16658,41.33298],[15.1648,41.33347],[15.16301,41.33345],[15.16255,41.33174],[15.16433,41.32846],[15.16327,41.32767],[15.16047,41.32956],[15.15959,41.3287],[15.15514,41.33108],[15.15359,41.3304],[15.15459,41.32879],[15.15538,41.32894],[15.15518,41.32779],[15.15363,41.32731],[15.15643,41.32543],[15.15586,41.3251],[15.1561,41.32252],[15.15515,41.3212],[15.15273,41.32594],[15.15038,41.32386],[15.14995,41.32471],[15.14592,41.32546],[15.14618,41.32429],[15.14453,41.32393],[15.14358,41.32422],[15.14193,41.32668],[15.14113,41.32664],[15.14077,41.32478],[15.13986,41.3241],[15.1383,41.32426],[15.13632,41.32812],[15.13548,41.32809],[15.1345,41.32917],[15.13516,41.32939],[15.13455,41.33126],[15.13645,41.33414],[15.1352,41.33628],[15.133,41.33886],[15.13015,41.33836],[15.12999,41.33923],[15.12878,41.33958],[15.12434,41.339],[15.12296,41.33761],[15.12166,41.33573],[15.12052,41.33142],[15.12165,41.32986],[15.1185,41.32872],[15.11948,41.327],[15.12039,41.327],[15.12242,41.32561],[15.12595,41.32509],[15.12393,41.32223],[15.12189,41.32243],[15.1196,41.32364],[15.11699,41.32384],[15.11804,41.3254],[15.11735,41.32775],[15.11492,41.32691],[15.11428,41.32936],[15.10805,41.32684],[15.10689,41.32494],[15.10518,41.32609],[15.09821,41.32862],[15.09098,41.3286],[15.09459,41.33228],[15.0934,41.33246],[15.09313,41.33325],[15.08993,41.333],[15.08688,41.33189],[15.08691,41.33069],[15.0836,41.3326],[15.08251,41.33262],[15.08251,41.33331],[15.08428,41.33381],[15.08251,41.33504],[15.08466,41.3351],[15.0852,41.33568],[15.08508,41.33722],[15.08402,41.33711],[15.08381,41.33757],[15.08724,41.33978],[15.0871,41.3423],[15.08775,41.34161],[15.09266,41.34167],[15.09322,41.34083],[15.09539,41.34259],[15.09318,41.34593],[15.09163,41.3546],[15.08996,41.35536],[15.08908,41.357],[15.09097,41.35731],[15.09032,41.35798],[15.0889,41.35796],[15.08926,41.35918],[15.08737,41.36065],[15.0906,41.36364],[15.09131,41.36643],[15.09954,41.36489],[15.10191,41.36528],[15.1015,41.36589],[15.1038,41.36729],[15.105,41.3673],[15.10437,41.36578],[15.11101,41.3628],[15.11133,41.36422],[15.11272,41.36379],[15.11621,41.3613],[15.1185,41.36398],[15.11569,41.36577],[15.12063,41.36749],[15.11956,41.36883],[15.11796,41.36776],[15.11459,41.36705],[15.11226,41.36904],[15.1117,41.37127],[15.11082,41.37124],[15.11239,41.37206],[15.11431,41.37215],[15.11775,41.37497],[15.11536,41.37557],[15.11495,41.37824],[15.11598,41.3785],[15.11634,41.37986],[15.119,41.38038],[15.11892,41.38101],[15.11741,41.38317],[15.1159,41.38384],[15.11513,41.38346],[15.11472,41.38475],[15.11522,41.38504],[15.11369,41.38663],[15.11499,41.3881],[15.11803,41.38955],[15.11859,41.39132],[15.12316,41.39552],[15.12413,41.39787],[15.12381,41.39861],[15.12037,41.39812],[15.12168,41.3987],[15.12153,41.39937],[15.12026,41.39933],[15.12091,41.39959],[15.1207,41.40094],[15.12192,41.40094],[15.12189,41.39999],[15.12263,41.40004],[15.12304,41.40137],[15.11774,41.40094],[15.11352,41.40571],[15.11281,41.40556],[15.11246,41.40741],[15.11361,41.40859],[15.1161,41.40957],[15.11838,41.4079],[15.12018,41.40832],[15.1203,41.40945],[15.12285,41.40785],[15.12377,41.40874],[15.125,41.40524],[15.12578,41.40533],[15.12529,41.40999],[15.12677,41.41018],[15.1268,41.41108],[15.12745,41.41092],[15.12802,41.40234],[15.1294,41.40206],[15.1318,41.40314],[15.13491,41.40259],[15.13546,41.40106],[15.12843,41.40025],[15.12871,41.39925],[15.12722,41.39907],[15.12752,41.39799],[15.13826,41.39913],[15.13911,41.39868],[15.14148,41.40259],[15.14059,41.40314],[15.14586,41.40551],[15.14776,41.40727],[15.15098,41.40831],[15.1499,41.40853],[15.14886,41.40972],[15.15122,41.41009],[15.14981,41.41193],[15.15178,41.41332],[15.14562,41.41639],[15.14663,41.42068],[15.1498,41.42157],[15.15218,41.42354],[15.1597,41.42316],[15.15833,41.41614],[15.15951,41.41589],[15.16043,41.41338],[15.16025,41.41171],[15.15867,41.41084],[15.15888,41.41033],[15.16042,41.41064],[15.1616,41.40942],[15.16406,41.40959],[15.16542,41.4091],[15.17074,41.40966],[15.17275,41.40872],[15.17329,41.40529],[15.17245,41.40241],[15.17143,41.40207],[15.17104,41.40092],[15.17172,41.40086],[15.17006,41.39935],[15.17063,41.39951],[15.17117,41.3981],[15.1703,41.39811],[15.16777,41.39586],[15.16823,41.39504],[15.16764,41.39366],[15.17166,41.39321],[15.1732,41.39537],[15.17406,41.39481],[15.1751,41.39724],[15.17637,41.39661],[15.17755,41.39687],[15.17734,41.39593],[15.17844,41.3954],[15.18208,41.3969],[15.18472,41.39645],[15.18504,41.39594],[15.18261,41.39423],[15.17843,41.39356],[15.17665,41.39259],[15.17587,41.39042],[15.17359,41.3906],[15.17322,41.38873],[15.17174,41.38792],[15.1725,41.3863],[15.17151,41.38581],[15.17186,41.38513],[15.17282,41.38598],[15.17333,41.38539],[15.17205,41.3848],[15.17241,41.38274],[15.17361,41.38265],[15.17359,41.38101],[15.17467,41.38084],[15.17378,41.38042],[15.17592,41.37834],[15.17945,41.37699],[15.1756,41.37381],[15.17645,41.37318],[15.17972,41.37586],[15.18065,41.37529],[15.18249,41.37618],[15.18494,41.37625],[15.18661,41.37115],[15.1943,41.37308],[15.19452,41.36987],[15.19765,41.36945],[15.20375,41.37173],[15.20788,41.37169],[15.20762,41.37223],[15.20837,41.37257],[15.20743,41.37316],[15.20806,41.37354],[15.21003,41.37231],[15.2118,41.37245],[15.20895,41.37445],[15.20707,41.37484],[15.20609,41.37613],[15.21236,41.37692],[15.21377,41.37654],[15.21501,41.37506],[15.21501,41.37408],[15.21276,41.37391],[15.21319,41.37227],[15.21609,41.37153],[15.21721,41.3722],[15.21876,41.37214],[15.21879,41.37259],[15.21956,41.3727],[15.21891,41.3719],[15.21734,41.37198],[15.2154,41.36856],[15.21643,41.36593],[15.21556,41.36601],[15.21571,41.36541],[15.21632,41.36513],[15.21434,41.36581],[15.21282,41.36361],[15.20961,41.36256],[15.2103,41.36355],[15.2059,41.36241],[15.20681,41.36047],[15.19421,41.35779],[15.1928,41.35829],[15.19193,41.35772],[15.19101,41.35686],[15.19173,41.35406],[15.18976,41.35411],[15.19282,41.34967],[15.1918,41.34784],[15.19067,41.34818],[15.18932,41.34605],[15.19079,41.3454],[15.19022,41.34469],[15.19232,41.34313],[15.1915,41.34227],[15.19249,41.34137],[15.19066,41.34057],[15.1914,41.33965],[15.19047,41.33931],[15.19253,41.33753],[15.19627,41.33754],[15.20111,41.33447],[15.20509,41.33449],[15.20804,41.33529],[15.20922,41.33352],[15.21008,41.33336],[15.20898,41.33231],[15.21006,41.33227],[15.21123,41.3302],[15.21065,41.3239],[15.21387,41.3234],[15.21496,41.32554],[15.2164,41.32568],[15.21764,41.32668],[15.2206,41.32659],[15.22114,41.32709],[15.22448,41.32668],[15.22512,41.32443]]]}},{"type":"Feature","properties":{"nome":"Foresta Umbra","tipo":"ZSC","codice":"IT9110004","ettari":20656,"settori":["FG_01","FG_03"]},"geometry":{"type":"Polygon","coordinates":[[[15.98943,41.90848],[15.99478,41.90714],[15.99616,41.90575],[15.99768,41.90701],[15.99697,41.9087],[16.00155,41.91087],[16.00253,41.911],[16.00248,41.91026],[16.00436,41.90865],[16.00502,41.90919],[16.00365,41.91051],[16.00444,41.9123],[16.00437,41.91447],[16.00363,41.91528],[16.00442,41.91708],[16.00568,41.91705],[16.00525,41.91884],[16.00655,41.91844],[16.00798,41.91922],[16.00877,41.91761],[16.0106,41.91894],[16.00953,41.91668],[16.01062,41.91593],[16.01226,41.91631],[16.01188,41.9154],[16.00999,41.91525],[16.00842,41.91322],[16.00816,41.91142],[16.00956,41.91012],[16.01209,41.91085],[16.0158,41.9137],[16.01615,41.91194],[16.01403,41.91115],[16.0132,41.91034],[16.01324,41.91014],[16.01457,41.91094],[16.01658,41.91094],[16.01578,41.90921],[16.01471,41.90884],[16.01825,41.90838],[16.01848,41.90916],[16.0195,41.90906],[16.02105,41.90736],[16.02004,41.90582],[16.02248,41.90829],[16.02569,41.90333],[16.02778,41.90438],[16.02886,41.90385],[16.02751,41.90717],[16.02769,41.90897],[16.03628,41.90283],[16.04458,41.89923],[16.04599,41.89573],[16.04695,41.89617],[16.04982,41.89595],[16.05313,41.89517],[16.05352,41.89567],[16.05695,41.89622],[16.05808,41.89275],[16.0575,41.89165],[16.05832,41.89073],[16.0595,41.89189],[16.06265,41.89234],[16.0619,41.89037],[16.06364,41.88969],[16.06443,41.88657],[16.0655,41.88548],[16.06776,41.88477],[16.06666,41.88322],[16.0655,41.88311],[16.06635,41.88181],[16.06194,41.88097],[16.06235,41.88049],[16.06393,41.88086],[16.06535,41.88027],[16.06478,41.87852],[16.06641,41.87555],[16.06813,41.8785],[16.07015,41.87733],[16.07111,41.87771],[16.07083,41.87561],[16.07216,41.87538],[16.07317,41.87635],[16.07436,41.87616],[16.07507,41.87479],[16.07724,41.87415],[16.07916,41.87138],[16.07909,41.87032],[16.07992,41.86994],[16.07939,41.86869],[16.07643,41.86726],[16.07569,41.86367],[16.07515,41.86462],[16.07434,41.86386],[16.07588,41.86134],[16.07549,41.86065],[16.07209,41.85923],[16.06917,41.85929],[16.06815,41.85839],[16.06564,41.85894],[16.06566,41.85777],[16.0644,41.85745],[16.06238,41.8531],[16.06353,41.85215],[16.06396,41.8528],[16.06527,41.85287],[16.06596,41.85188],[16.06363,41.84995],[16.06587,41.84789],[16.06942,41.84744],[16.07067,41.84806],[16.07139,41.84732],[16.0716,41.84499],[16.0731,41.84637],[16.07438,41.84478],[16.07367,41.84185],[16.07581,41.84196],[16.07681,41.84348],[16.07959,41.84229],[16.07813,41.83918],[16.07954,41.83935],[16.07769,41.83729],[16.08113,41.83674],[16.08253,41.83562],[16.08466,41.83508],[16.08805,41.83628],[16.08859,41.8351],[16.09068,41.83451],[16.09311,41.83557],[16.09435,41.83684],[16.09819,41.8372],[16.0993,41.83633],[16.10181,41.83665],[16.10385,41.83867],[16.10438,41.83697],[16.10555,41.83602],[16.10761,41.83708],[16.10917,41.83586],[16.11131,41.83737],[16.11107,41.83873],[16.11237,41.83616],[16.11363,41.83639],[16.11744,41.83399],[16.1193,41.8343],[16.12046,41.83558],[16.12412,41.83643],[16.12527,41.83463],[16.12508,41.83096],[16.12275,41.83023],[16.11776,41.83038],[16.11288,41.82846],[16.1112,41.8287],[16.10983,41.82692],[16.10894,41.82724],[16.10741,41.82416],[16.10755,41.82043],[16.10663,41.81951],[16.1078,41.81779],[16.10656,41.81619],[16.10755,41.81509],[16.10734,41.81228],[16.11292,41.8079],[16.1126,41.80577],[16.11335,41.80561],[16.11499,41.80789],[16.11511,41.80603],[16.11694,41.80447],[16.11583,41.8021],[16.11689,41.80227],[16.11675,41.80144],[16.1137,41.80147],[16.11179,41.79955],[16.11187,41.79808],[16.11108,41.79738],[16.1118,41.79693],[16.11271,41.79775],[16.11471,41.79674],[16.11402,41.79591],[16.11281,41.79583],[16.11175,41.78996],[16.11025,41.78938],[16.11406,41.78853],[16.11636,41.78488],[16.11432,41.78364],[16.11418,41.78504],[16.11037,41.78479],[16.11116,41.77975],[16.10957,41.77836],[16.10647,41.77885],[16.10548,41.77762],[16.10307,41.77888],[16.10148,41.77849],[16.09957,41.77973],[16.09752,41.7787],[16.09659,41.78036],[16.09548,41.78048],[16.09392,41.78021],[16.09331,41.77889],[16.09174,41.77879],[16.09077,41.77777],[16.08865,41.77827],[16.0884,41.77593],[16.08764,41.77679],[16.08571,41.77694],[16.08513,41.77752],[16.08519,41.77616],[16.08417,41.77591],[16.08378,41.77398],[16.08282,41.77355],[16.0814,41.77432],[16.08024,41.77352],[16.07914,41.77356],[16.07582,41.77542],[16.07633,41.77328],[16.07304,41.77229],[16.07424,41.77044],[16.07198,41.77062],[16.07345,41.76915],[16.07297,41.76847],[16.0712,41.76857],[16.07011,41.76747],[16.06823,41.7672],[16.06315,41.76861],[16.06279,41.7691],[16.06477,41.7724],[16.06296,41.774],[16.05787,41.7754],[16.05671,41.77472],[16.05732,41.77593],[16.05627,41.77618],[16.05646,41.77699],[16.05375,41.77651],[16.05272,41.77729],[16.05267,41.77857],[16.04947,41.77662],[16.04944,41.77715],[16.0464,41.77876],[16.04523,41.77834],[16.0431,41.77903],[16.04115,41.77872],[16.04019,41.77937],[16.03668,41.77909],[16.0355,41.77957],[16.03483,41.77819],[16.0318,41.77922],[16.03011,41.77915],[16.0289,41.78024],[16.02523,41.78122],[16.01727,41.78615],[16.01634,41.78687],[16.01833,41.78757],[16.01727,41.78891],[16.01661,41.78831],[16.01437,41.788],[16.01023,41.78849],[16.0102,41.78782],[16.0093,41.78765],[16.00609,41.78809],[16.00998,41.78696],[16.00903,41.78454],[16.00641,41.78322],[16.00583,41.78206],[16.00444,41.78194],[16.00378,41.78098],[16.00142,41.78035],[15.99876,41.77731],[16.00193,41.77523],[16.00239,41.77344],[16.00473,41.77321],[16.00733,41.77179],[16.00808,41.77241],[16.01005,41.77185],[16.0102,41.76897],[16.01299,41.76759],[16.01166,41.76689],[16.01143,41.7655],[16.0125,41.76538],[16.0145,41.76289],[16.01602,41.76206],[16.01706,41.76007],[16.01478,41.75774],[16.01512,41.7567],[16.01262,41.75815],[16.01217,41.75735],[16.00743,41.75689],[16.00694,41.75605],[16.0059,41.75598],[16.00549,41.75681],[16.00493,41.75661],[16.00412,41.7573],[16.00343,41.75741],[16.00309,41.75682],[15.99982,41.75826],[15.9977,41.75803],[15.99565,41.75905],[15.9967,41.76124],[15.99458,41.76245],[15.99762,41.76616],[15.99766,41.76707],[15.99478,41.77074],[15.99385,41.77324],[15.99102,41.77495],[15.98617,41.78101],[15.98114,41.7811],[15.97979,41.78044],[15.97847,41.78261],[15.97832,41.78554],[15.97618,41.78598],[15.97375,41.78496],[15.97095,41.78628],[15.96912,41.78596],[15.96796,41.78487],[15.9669,41.78563],[15.96776,41.78701],[15.96915,41.78705],[15.96938,41.78946],[15.96815,41.78853],[15.96302,41.78909],[15.96142,41.78814],[15.96017,41.78858],[15.96206,41.79166],[15.96469,41.7938],[15.96279,41.79607],[15.96176,41.79613],[15.9601,41.79438],[15.95847,41.79516],[15.95572,41.79463],[15.95372,41.79576],[15.95108,41.79535],[15.95052,41.79603],[15.94856,41.79623],[15.94989,41.79679],[15.95002,41.79761],[15.95195,41.79798],[15.95053,41.80023],[15.94742,41.79993],[15.94596,41.80079],[15.94562,41.80044],[15.94313,41.80386],[15.94126,41.80486],[15.94371,41.80681],[15.94255,41.80656],[15.93894,41.80814],[15.93737,41.80962],[15.93259,41.81182],[15.93227,41.81473],[15.92959,41.81557],[15.92689,41.81527],[15.92577,41.81647],[15.9224,41.81669],[15.92275,41.81764],[15.92143,41.81864],[15.91925,41.81785],[15.91879,41.8199],[15.91666,41.81877],[15.91443,41.81922],[15.9079,41.82345],[15.90339,41.82323],[15.89883,41.82569],[15.8923,41.82772],[15.88502,41.83243],[15.88328,41.83524],[15.88429,41.8362],[15.88665,41.83645],[15.88666,41.83694],[15.88101,41.83846],[15.88152,41.83915],[15.8819,41.83867],[15.88245,41.83986],[15.88292,41.83955],[15.88311,41.84034],[15.88454,41.84074],[15.88381,41.84393],[15.88517,41.84718],[15.88443,41.84709],[15.88422,41.84803],[15.88308,41.84754],[15.88352,41.85012],[15.88298,41.85194],[15.88114,41.85381],[15.88004,41.85396],[15.87952,41.85629],[15.88411,41.85917],[15.88164,41.86207],[15.87284,41.86673],[15.87308,41.86745],[15.87156,41.86896],[15.87014,41.87451],[15.86893,41.87558],[15.86925,41.87681],[15.87304,41.8755],[15.87446,41.87565],[15.87631,41.87703],[15.87689,41.87868],[15.87118,41.88184],[15.86984,41.88398],[15.86649,41.88299],[15.86566,41.88424],[15.86686,41.88632],[15.86521,41.88725],[15.86763,41.88959],[15.86684,41.89048],[15.87088,41.89073],[15.87205,41.89273],[15.87159,41.89352],[15.87042,41.89381],[15.87339,41.89781],[15.87104,41.89811],[15.86774,41.89731],[15.86895,41.90062],[15.87989,41.90105],[15.88394,41.90006],[15.88638,41.89713],[15.89081,41.89877],[15.89109,41.89781],[15.89202,41.89824],[15.89275,41.89704],[15.89529,41.89711],[15.89513,41.89645],[15.89282,41.89535],[15.89365,41.89412],[15.89652,41.89631],[15.89706,41.89556],[15.9015,41.89523],[15.90441,41.89643],[15.90379,41.89493],[15.90667,41.89589],[15.91608,41.89163],[15.91827,41.89002],[15.91887,41.88998],[15.91922,41.89108],[15.92421,41.89072],[15.92839,41.89251],[15.92873,41.88975],[15.92938,41.88938],[15.93011,41.88996],[15.93221,41.88628],[15.92785,41.88309],[15.92933,41.88309],[15.93204,41.88146],[15.93408,41.88108],[15.93861,41.88139],[15.93981,41.8807],[15.94858,41.88161],[15.95044,41.88041],[15.955,41.88003],[15.95702,41.87862],[15.95968,41.88032],[15.9624,41.88071],[15.9632,41.88316],[15.9635,41.88261],[15.96454,41.88312],[15.96188,41.8873],[15.96237,41.88914],[15.96427,41.88944],[15.96408,41.89022],[15.96494,41.89022],[15.96659,41.89189],[15.97324,41.89161],[15.97548,41.89303],[15.97743,41.89332],[15.97769,41.89388],[15.97623,41.89563],[15.97816,41.89548],[15.97893,41.89614],[15.97893,41.89793],[15.97475,41.8999],[15.97294,41.90003],[15.97212,41.90082],[15.9724,41.90159],[15.97092,41.90272],[15.97188,41.90343],[15.96978,41.90397],[15.96863,41.90279],[15.96716,41.90367],[15.96736,41.90421],[15.96531,41.90495],[15.96587,41.90687],[15.96661,41.90682],[15.96813,41.90914],[15.97144,41.90886],[15.97351,41.90974],[15.97654,41.90962],[15.97765,41.90729],[15.98191,41.90759],[15.98361,41.90643],[15.98618,41.90738],[15.98637,41.906],[15.98565,41.90565],[15.98696,41.90464],[15.98561,41.90439],[15.98325,41.90194],[15.98399,41.90076],[15.9866,41.90183],[15.98754,41.90301],[15.98923,41.90265],[15.98943,41.90848]]]}},{"type":"Feature","properties":{"nome":"Zone umide della Capitanata","tipo":"ZSC","codice":"IT9110005","ettari":14110,"settori":["BAT","FG_03","FG_04"]},"geometry":{"type":"Polygon","coordinates":[[[15.83006,41.56274],[15.85523,41.5775],[15.85955,41.58147],[15.86111,41.57937],[15.86226,41.58165],[15.86341,41.5823],[15.86871,41.58336],[15.87177,41.58477],[15.87363,41.58254],[15.87601,41.58148],[15.87639,41.5802],[15.87676,41.58072],[15.87841,41.58025],[15.88959,41.58153],[15.89108,41.58323],[15.89263,41.58339],[15.89376,41.58727],[15.89486,41.5872],[15.89436,41.5751],[15.89545,41.56702],[15.89833,41.55114],[15.90293,41.53642],[15.9095,41.52488],[15.91833,41.50545],[15.92614,41.49313],[15.93911,41.47761],[15.95182,41.4657],[15.96334,41.45694],[15.98043,41.4459],[15.9984,41.43669],[16.02571,41.42539],[16.03849,41.42129],[16.04166,41.42129],[16.04494,41.42013],[16.10182,41.39745],[16.10215,41.39787],[16.10431,41.39754],[16.10515,41.39711],[16.10269,41.39301],[16.11342,41.39048],[16.11994,41.38771],[16.1306,41.38551],[16.13576,41.38371],[16.13945,41.38193],[16.13828,41.38053],[16.1453,41.37655],[16.14279,41.3748],[16.14777,41.37173],[16.1489,41.37256],[16.15357,41.36961],[16.15554,41.36764],[16.15213,41.36505],[16.14502,41.36597],[16.12688,41.37323],[16.12592,41.37344],[16.12428,41.37263],[16.11391,41.37502],[16.1109,41.37386],[16.0848,41.36845],[16.08256,41.36868],[16.08008,41.36572],[16.06992,41.37058],[16.063,41.36302],[16.05586,41.36704],[16.05437,41.37068],[16.05056,41.37125],[16.04691,41.37263],[16.04512,41.37069],[16.03598,41.37546],[16.0349,41.37466],[16.03332,41.37515],[16.02791,41.37479],[16.02512,41.37341],[16.0239,41.37685],[16.01801,41.38154],[16.02032,41.38227],[16.02103,41.38322],[16.01104,41.38608],[16.01218,41.38707],[16.01082,41.38831],[16.00521,41.39091],[15.9965,41.39286],[15.98866,41.39759],[15.98455,41.39553],[15.98054,41.39559],[15.97588,41.39421],[15.97158,41.39386],[15.95954,41.40306],[15.95036,41.4007],[15.94705,41.39676],[15.94439,41.39558],[15.9454,41.38995],[15.94414,41.3894],[15.93128,41.39517],[15.92807,41.3951],[15.9249,41.39386],[15.9235,41.39391],[15.9183,41.3906],[15.91133,41.38918],[15.90981,41.38938],[15.90473,41.39207],[15.91221,41.39216],[15.92011,41.39617],[15.92525,41.40052],[15.92679,41.40813],[15.94913,41.41135],[15.95544,41.41954],[15.94948,41.42135],[15.9351,41.41808],[15.93499,41.41868],[15.91354,41.42719],[15.91377,41.42969],[15.91982,41.42932],[15.9253,41.4731],[15.91889,41.47358],[15.9208,41.48736],[15.9158,41.48428],[15.91454,41.48165],[15.91265,41.47468],[15.91166,41.46566],[15.90749,41.46595],[15.90934,41.46891],[15.89198,41.47486],[15.8906,41.4744],[15.88624,41.47034],[15.88589,41.46788],[15.88416,41.46827],[15.88481,41.47129],[15.8903,41.4762],[15.89615,41.47769],[15.87939,41.49429],[15.88194,41.49611],[15.86839,41.50537],[15.86708,41.50493],[15.86642,41.50559],[15.85491,41.5002],[15.84509,41.49275],[15.84419,41.49349],[15.85474,41.5016],[15.86276,41.50518],[15.8644,41.50669],[15.86296,41.51694],[15.85577,41.52678],[15.8538,41.53273],[15.85498,41.53844],[15.84835,41.54748],[15.84218,41.54336],[15.84024,41.54504],[15.83367,41.54303],[15.82606,41.54156],[15.82265,41.54168],[15.80763,41.546],[15.80835,41.54806],[15.82377,41.54387],[15.82649,41.5437],[15.84439,41.5488],[15.83441,41.55678],[15.8339,41.55639],[15.8326,41.5572],[15.83543,41.56002],[15.83598,41.55972],[15.83761,41.56101],[15.83712,41.5614],[15.83601,41.56085],[15.83426,41.56159],[15.83323,41.56102],[15.83006,41.56274]]]}},{"type":"Feature","properties":{"nome":"Valloni e Steppe Pedegarganiche","tipo":"ZSC","codice":"IT9110008","ettari":29817,"settori":["FG_02","FG_03"]},"geometry":{"type":"MultiPolygon","coordinates":[[[[15.56918,41.67185],[15.56995,41.67358],[15.57539,41.6772],[15.57696,41.67638],[15.58069,41.67677],[15.58621,41.67627],[15.58542,41.67585],[15.58622,41.67362],[15.58884,41.67332],[15.58877,41.67597],[15.5923,41.67687],[15.59416,41.67621],[15.59649,41.67433],[15.59869,41.67376],[15.59833,41.67604],[15.596,41.67708],[15.59634,41.67871],[15.59724,41.67858],[15.59643,41.68004],[15.59805,41.68028],[15.59771,41.68077],[15.59906,41.68056],[15.59941,41.68138],[15.60025,41.68152],[15.60052,41.6832],[15.6036,41.68152],[15.60333,41.68804],[15.60547,41.68796],[15.60765,41.69102],[15.6096,41.68982],[15.61573,41.68916],[15.6182,41.68802],[15.62084,41.69],[15.62091,41.69081],[15.62265,41.69034],[15.62403,41.68897],[15.62515,41.68949],[15.62419,41.6909],[15.62535,41.68976],[15.63036,41.69145],[15.63092,41.69246],[15.63213,41.69143],[15.63496,41.69228],[15.63595,41.69001],[15.63766,41.68994],[15.6389,41.68824],[15.63841,41.68773],[15.64195,41.68775],[15.64313,41.68618],[15.64616,41.68906],[15.6465,41.68768],[15.64804,41.68727],[15.65174,41.6887],[15.65272,41.68939],[15.65276,41.69037],[15.65345,41.68939],[15.65307,41.68805],[15.6539,41.68782],[15.65442,41.68891],[15.65485,41.68851],[15.65731,41.6901],[15.65777,41.69126],[15.65833,41.69142],[15.65996,41.69006],[15.65973,41.69138],[15.66078,41.69358],[15.65867,41.69575],[15.65943,41.69626],[15.65964,41.69572],[15.66074,41.69595],[15.66114,41.69551],[15.66211,41.69601],[15.6637,41.69559],[15.66458,41.69162],[15.66551,41.69187],[15.66701,41.69442],[15.66975,41.69546],[15.67025,41.69415],[15.67155,41.69402],[15.67165,41.69605],[15.67701,41.69587],[15.68227,41.69471],[15.68315,41.69285],[15.6823,41.68949],[15.68414,41.68603],[15.68524,41.68619],[15.68531,41.68502],[15.68766,41.68356],[15.69048,41.68358],[15.69146,41.68422],[15.69093,41.68621],[15.68946,41.68786],[15.69125,41.68861],[15.69151,41.69049],[15.6924,41.69032],[15.69404,41.68848],[15.69577,41.68955],[15.69628,41.68916],[15.69856,41.69],[15.69918,41.68862],[15.69774,41.68825],[15.69733,41.68683],[15.69849,41.6865],[15.6992,41.68709],[15.69919,41.6855],[15.70025,41.68454],[15.69721,41.68412],[15.69892,41.68308],[15.69908,41.68217],[15.70219,41.68215],[15.70267,41.68277],[15.70103,41.68417],[15.70208,41.68635],[15.70331,41.68662],[15.70472,41.68515],[15.70735,41.6849],[15.71028,41.68355],[15.71057,41.68413],[15.71171,41.68379],[15.71298,41.68553],[15.7141,41.6854],[15.71572,41.68627],[15.71732,41.6854],[15.71743,41.68635],[15.71977,41.68734],[15.72057,41.68655],[15.72129,41.68727],[15.7227,41.68693],[15.7241,41.69003],[15.72648,41.68907],[15.72965,41.68432],[15.72942,41.68322],[15.72801,41.68322],[15.72804,41.68254],[15.73013,41.68235],[15.73084,41.68315],[15.73251,41.68265],[15.73345,41.68375],[15.73571,41.68287],[15.73541,41.68468],[15.73668,41.68498],[15.73697,41.68566],[15.73631,41.68527],[15.73532,41.68586],[15.7364,41.68574],[15.73968,41.68947],[15.74323,41.68992],[15.74237,41.6911],[15.74821,41.68841],[15.74819,41.68643],[15.75005,41.68432],[15.7503,41.68242],[15.74954,41.68197],[15.75075,41.68],[15.75217,41.67941],[15.75371,41.68072],[15.75264,41.68212],[15.75394,41.68161],[15.75489,41.68193],[15.7548,41.68139],[15.75592,41.68091],[15.75734,41.68368],[15.7596,41.68284],[15.7591,41.68401],[15.76043,41.68448],[15.75928,41.68552],[15.76084,41.68539],[15.76173,41.6861],[15.76191,41.68715],[15.76049,41.68853],[15.7609,41.68899],[15.75964,41.69158],[15.75555,41.69457],[15.75741,41.69627],[15.75706,41.69772],[15.75516,41.69886],[15.7565,41.6994],[15.75757,41.69862],[15.75808,41.70085],[15.76091,41.70189],[15.76113,41.70292],[15.76218,41.70302],[15.77759,41.70193],[15.77817,41.70116],[15.77966,41.70088],[15.79011,41.69988],[15.79887,41.69642],[15.8002,41.69721],[15.80731,41.69301],[15.81015,41.69416],[15.81301,41.68973],[15.81508,41.69589],[15.82091,41.69598],[15.82753,41.69711],[15.82794,41.69635],[15.82922,41.69664],[15.82963,41.69532],[15.83234,41.69592],[15.83208,41.6942],[15.83337,41.69368],[15.83874,41.69406],[15.84009,41.69138],[15.84792,41.68624],[15.85158,41.68595],[15.85503,41.68781],[15.85828,41.68644],[15.85793,41.68589],[15.85981,41.6847],[15.86178,41.68392],[15.86333,41.6842],[15.86367,41.68372],[15.86493,41.68387],[15.86813,41.68641],[15.86904,41.68545],[15.87158,41.68481],[15.87472,41.6853],[15.87578,41.68724],[15.87971,41.68649],[15.88013,41.68721],[15.87886,41.69115],[15.87962,41.69181],[15.88623,41.69292],[15.88827,41.69218],[15.89132,41.69503],[15.89205,41.69945],[15.89539,41.70295],[15.89849,41.7047],[15.89946,41.70469],[15.90202,41.70269],[15.90444,41.70432],[15.90785,41.70396],[15.91168,41.70539],[15.91285,41.70438],[15.91547,41.70394],[15.91686,41.70498],[15.91861,41.70294],[15.91944,41.70344],[15.92106,41.70278],[15.92328,41.70388],[15.92431,41.70588],[15.92582,41.70626],[15.92819,41.70499],[15.9309,41.7069],[15.93314,41.70741],[15.9386,41.70668],[15.94076,41.70739],[15.94325,41.70675],[15.94551,41.70693],[15.94615,41.70574],[15.94977,41.7051],[15.95183,41.70388],[15.95439,41.69997],[15.9562,41.70053],[15.95662,41.70012],[15.95698,41.69849],[15.96078,41.69815],[15.96122,41.69902],[15.96229,41.69902],[15.96279,41.70051],[15.96582,41.70076],[15.96606,41.69951],[15.96879,41.6967],[15.9688,41.69529],[15.96997,41.69404],[15.96918,41.69361],[15.96774,41.69482],[15.96869,41.69402],[15.96869,41.69116],[15.97026,41.68986],[15.96827,41.69084],[15.96988,41.68913],[15.97027,41.68458],[15.97134,41.68392],[15.97294,41.6842],[15.97089,41.6834],[15.96936,41.68476],[15.96942,41.68638],[15.96901,41.68636],[15.96881,41.6848],[15.97012,41.68186],[15.97164,41.68119],[15.97033,41.68113],[15.96744,41.68402],[15.96853,41.68261],[15.96899,41.67962],[15.97116,41.67973],[15.96862,41.67896],[15.9736,41.67904],[15.96752,41.67749],[15.96032,41.67411],[15.95593,41.67096],[15.95193,41.66914],[15.9499,41.6669],[15.93983,41.66392],[15.94017,41.66326],[15.93774,41.6617],[15.92847,41.65885],[15.92382,41.65811],[15.91365,41.65863],[15.91272,41.65809],[15.90669,41.6439],[15.89765,41.64446],[15.89451,41.64405],[15.89051,41.6422],[15.8841,41.63533],[15.88091,41.62545],[15.88438,41.62574],[15.88265,41.62257],[15.88,41.6135],[15.87633,41.60653],[15.87007,41.59901],[15.86665,41.58894],[15.86493,41.58687],[15.85523,41.5775],[15.81513,41.5542],[15.80535,41.55121],[15.79557,41.55301],[15.78944,41.55607],[15.78349,41.5563],[15.78119,41.55695],[15.76748,41.56236],[15.77186,41.56615],[15.7677,41.56838],[15.77231,41.57044],[15.77269,41.57122],[15.77159,41.57177],[15.76999,41.57556],[15.7686,41.57705],[15.77188,41.57975],[15.77209,41.58108],[15.76982,41.58253],[15.77094,41.58382],[15.76723,41.58561],[15.76758,41.58631],[15.76847,41.5859],[15.769,41.58652],[15.76707,41.58773],[15.76593,41.58768],[15.76419,41.5894],[15.76474,41.59049],[15.7564,41.59526],[15.7555,41.59682],[15.74575,41.59777],[15.74146,41.59883],[15.7268,41.59974],[15.72427,41.6009],[15.72617,41.60222],[15.72538,41.60298],[15.72255,41.60422],[15.72034,41.60372],[15.71586,41.60484],[15.71098,41.60711],[15.71288,41.60746],[15.71046,41.60909],[15.71093,41.61003],[15.70985,41.61038],[15.70824,41.60992],[15.70791,41.60876],[15.704,41.61008],[15.69868,41.61029],[15.69476,41.61205],[15.69389,41.61102],[15.69591,41.60927],[15.69533,41.60867],[15.67486,41.61268],[15.67197,41.61265],[15.67381,41.61699],[15.66984,41.61776],[15.66726,41.61235],[15.66577,41.61288],[15.66411,41.6154],[15.66069,41.61799],[15.64853,41.62109],[15.64352,41.6243],[15.63472,41.62732],[15.63053,41.6302],[15.64342,41.6417],[15.64164,41.64243],[15.63637,41.63932],[15.63462,41.6404],[15.62473,41.63453],[15.62141,41.6367],[15.61896,41.64029],[15.61987,41.64101],[15.62911,41.64259],[15.62048,41.64597],[15.61687,41.64834],[15.61791,41.64956],[15.615,41.65048],[15.61429,41.64907],[15.60751,41.651],[15.60321,41.64783],[15.60036,41.65115],[15.60318,41.65197],[15.60413,41.65383],[15.60379,41.65513],[15.58874,41.66226],[15.58064,41.66424],[15.5798,41.66363],[15.57639,41.66472],[15.57643,41.6684],[15.57464,41.66933],[15.56967,41.66932],[15.56918,41.67185]]],[[[15.73922,41.56512],[15.73348,41.54738],[15.73046,41.53442],[15.72725,41.52711],[15.73142,41.51973],[15.72787,41.51946],[15.68962,41.53268],[15.68242,41.53561],[15.67197,41.54185],[15.70456,41.55296],[15.7193,41.55865],[15.73922,41.56512]]]]}},{"type":"Feature","properties":{"nome":"Valloni di Mattinata - Monte Sacro","tipo":"ZSC","codice":"IT9110009","ettari":6510,"settori":["FG_03"]},"geometry":{"type":"Polygon","coordinates":[[[15.92975,41.73811],[15.9308,41.73828],[15.93239,41.73698],[15.93533,41.73744],[15.93747,41.73919],[15.94484,41.73915],[15.94823,41.74002],[15.94905,41.73946],[15.95069,41.74089],[15.9543,41.74153],[15.95476,41.74047],[15.95829,41.74388],[15.96031,41.74497],[15.96382,41.74177],[15.96452,41.74019],[15.96919,41.7369],[15.9711,41.73446],[15.97199,41.73642],[15.97501,41.73698],[15.97777,41.73614],[15.97851,41.7347],[15.98029,41.73896],[15.98239,41.74008],[15.982,41.74114],[15.98354,41.74261],[15.98381,41.7439],[15.9861,41.74534],[15.98627,41.74604],[15.98951,41.74611],[15.99001,41.74659],[15.9891,41.74772],[15.99044,41.75009],[15.99117,41.7499],[15.99248,41.7509],[15.99491,41.74925],[15.99605,41.74654],[15.99828,41.74576],[15.99953,41.74207],[16.00277,41.74015],[16.00667,41.74192],[16.00844,41.74181],[16.00925,41.74291],[16.01327,41.74407],[16.01438,41.74545],[16.01891,41.74635],[16.02156,41.74513],[16.02199,41.74441],[16.02137,41.74383],[16.02259,41.7431],[16.02248,41.7421],[16.02465,41.74302],[16.02534,41.74199],[16.02717,41.74254],[16.02781,41.74205],[16.02949,41.74212],[16.02788,41.74336],[16.02836,41.74401],[16.0317,41.74458],[16.03445,41.74278],[16.03434,41.7485],[16.0307,41.7528],[16.03167,41.753],[16.03184,41.75551],[16.02837,41.75487],[16.02699,41.75354],[16.02304,41.75406],[16.0228,41.75535],[16.0242,41.75617],[16.02317,41.75828],[16.02367,41.76083],[16.02296,41.76189],[16.02365,41.76364],[16.02243,41.76321],[16.02171,41.76434],[16.02419,41.76708],[16.03374,41.76807],[16.03509,41.76954],[16.03589,41.76931],[16.03639,41.77463],[16.03957,41.77537],[16.04031,41.77481],[16.04019,41.77322],[16.04355,41.77333],[16.04378,41.77436],[16.04616,41.7737],[16.04735,41.77486],[16.05083,41.77448],[16.05154,41.7712],[16.05296,41.77063],[16.05131,41.76945],[16.05098,41.76805],[16.05479,41.76411],[16.05588,41.76036],[16.05794,41.76102],[16.05773,41.75836],[16.06423,41.75858],[16.06482,41.75783],[16.06637,41.75853],[16.06722,41.75746],[16.06863,41.75809],[16.06839,41.75945],[16.07028,41.75993],[16.06952,41.76284],[16.06968,41.76413],[16.07055,41.76469],[16.06879,41.76594],[16.06873,41.76721],[16.07011,41.76747],[16.0712,41.76857],[16.07297,41.76847],[16.07345,41.76915],[16.07198,41.77062],[16.07424,41.77044],[16.07304,41.77229],[16.07633,41.77328],[16.07582,41.77542],[16.07914,41.77356],[16.08024,41.77352],[16.0814,41.77432],[16.08282,41.77355],[16.08378,41.77398],[16.08417,41.77591],[16.08519,41.77616],[16.08513,41.77752],[16.08571,41.77694],[16.08764,41.77679],[16.0884,41.77593],[16.08865,41.77827],[16.09077,41.77777],[16.09174,41.77879],[16.09331,41.77889],[16.09392,41.78021],[16.09548,41.78048],[16.09659,41.78036],[16.09752,41.7787],[16.09728,41.77555],[16.09898,41.77237],[16.09777,41.77296],[16.09685,41.77004],[16.09775,41.77086],[16.09943,41.77045],[16.09996,41.77014],[16.09863,41.77027],[16.09826,41.76945],[16.09914,41.76766],[16.10181,41.76648],[16.10398,41.76635],[16.10532,41.76541],[16.10327,41.76476],[16.10487,41.76375],[16.10391,41.76353],[16.10572,41.76249],[16.1047,41.7626],[16.10441,41.76129],[16.10951,41.76036],[16.11509,41.75723],[16.10916,41.75442],[16.11158,41.75217],[16.1097,41.75075],[16.11096,41.75083],[16.11215,41.75013],[16.11116,41.74849],[16.11259,41.74835],[16.1142,41.74543],[16.11554,41.74604],[16.11847,41.7433],[16.11725,41.74171],[16.11739,41.74244],[16.11059,41.73847],[16.10724,41.7396],[16.10046,41.74044],[16.09637,41.74003],[16.09248,41.73675],[16.09153,41.73479],[16.08997,41.73428],[16.08858,41.73416],[16.0878,41.73514],[16.08566,41.73479],[16.08474,41.73674],[16.08514,41.73795],[16.08382,41.73635],[16.08386,41.7342],[16.08115,41.73404],[16.081,41.73324],[16.08063,41.73503],[16.07774,41.73393],[16.07576,41.73436],[16.07422,41.7321],[16.06869,41.73331],[16.06813,41.7348],[16.06669,41.73371],[16.06371,41.73427],[16.06236,41.73371],[16.06066,41.7341],[16.06044,41.73337],[16.06476,41.7317],[16.06771,41.72979],[16.0678,41.72903],[16.0657,41.72739],[16.06311,41.72906],[16.06233,41.73048],[16.05981,41.73084],[16.05918,41.73174],[16.05073,41.73123],[16.05184,41.72793],[16.0534,41.72612],[16.0555,41.72541],[16.05907,41.72823],[16.05947,41.72746],[16.06119,41.72766],[16.06113,41.72625],[16.06501,41.72367],[16.06487,41.71761],[16.06074,41.71777],[16.05836,41.72142],[16.0549,41.72089],[16.05374,41.71967],[16.05005,41.72211],[16.049,41.72136],[16.04676,41.72093],[16.04665,41.72132],[16.04471,41.71793],[16.04511,41.71694],[16.03762,41.72012],[16.03373,41.71951],[16.03636,41.71955],[16.03513,41.71915],[16.03452,41.71792],[16.03509,41.71766],[16.03419,41.7166],[16.03751,41.71544],[16.03907,41.71246],[16.04397,41.71116],[16.0461,41.70959],[16.04483,41.70993],[16.04439,41.70943],[16.04432,41.7074],[16.04284,41.70621],[16.04042,41.70197],[16.03847,41.70229],[16.03773,41.70309],[16.03265,41.70301],[16.03372,41.70266],[16.03452,41.70125],[16.0386,41.70022],[16.0374,41.69951],[16.03906,41.69845],[16.03662,41.69863],[16.03742,41.69778],[16.03609,41.69759],[16.03553,41.69684],[16.03483,41.69782],[16.0332,41.69782],[16.0328,41.69639],[16.032,41.69611],[16.02658,41.69761],[16.02519,41.69672],[16.02432,41.69694],[16.02304,41.69585],[16.01759,41.69473],[16.01679,41.6953],[16.0171,41.69685],[16.01154,41.69737],[16.00835,41.69983],[16.00659,41.69943],[16.00341,41.69977],[16.00255,41.69901],[16.00076,41.69901],[15.99852,41.7012],[15.99405,41.70255],[15.99477,41.703],[15.99361,41.70306],[15.99297,41.70411],[15.99101,41.70373],[15.98673,41.70513],[15.98494,41.70512],[15.98417,41.70415],[15.9852,41.70568],[15.98453,41.70631],[15.98256,41.70644],[15.98258,41.70607],[15.98045,41.70692],[15.97832,41.707],[15.97124,41.7058],[15.96808,41.7076],[15.96426,41.70706],[15.96421,41.70801],[15.96273,41.70759],[15.96375,41.7082],[15.96308,41.70873],[15.96171,41.70918],[15.95954,41.70879],[15.95927,41.7109],[15.95793,41.71033],[15.95665,41.71096],[15.9568,41.71059],[15.95562,41.71047],[15.95392,41.71177],[15.95228,41.71177],[15.95175,41.71257],[15.94567,41.71436],[15.94503,41.71592],[15.94348,41.71545],[15.9433,41.71663],[15.94057,41.71672],[15.93949,41.72076],[15.93763,41.72199],[15.93632,41.72538],[15.93503,41.72565],[15.93397,41.72732],[15.93352,41.72694],[15.93225,41.72769],[15.93174,41.72865],[15.92928,41.72946],[15.92503,41.72983],[15.92485,41.73088],[15.92199,41.73312],[15.92426,41.73533],[15.92664,41.73626],[15.9281,41.73603],[15.92975,41.73811]]]}},{"type":"Feature","properties":{"nome":"Testa del Gargano","tipo":"ZSC","codice":"IT9110012","ettari":5658,"settori":["FG_01","FG_03"]},"geometry":{"type":"MultiPolygon","coordinates":[[[[16.11118,41.73153],[16.10494,41.72969],[16.10346,41.72876],[16.10046,41.72465],[16.09959,41.72466],[16.09883,41.72385],[16.09825,41.72222],[16.09522,41.72082],[16.08988,41.71485],[16.08113,41.7132],[16.07899,41.71868],[16.08077,41.71917],[16.0847,41.71748],[16.08684,41.71849],[16.08659,41.71559],[16.08875,41.7159],[16.08986,41.71876],[16.09496,41.72293],[16.09505,41.7238],[16.09201,41.72581],[16.09497,41.72626],[16.0961,41.72712],[16.09703,41.72659],[16.09879,41.72681],[16.09742,41.73149],[16.10164,41.7296],[16.10273,41.73069],[16.1012,41.73326],[16.10169,41.73361],[16.10361,41.73252],[16.10617,41.73226],[16.10675,41.73262],[16.10639,41.73332],[16.10782,41.73347],[16.11118,41.73153]]],[[[16.20155,41.81537],[16.19816,41.81289],[16.19678,41.81068],[16.1929,41.80986],[16.19653,41.80904],[16.19517,41.80824],[16.19556,41.80663],[16.19668,41.80648],[16.19688,41.80523],[16.19518,41.80437],[16.19776,41.8033],[16.19699,41.80305],[16.19718,41.80126],[16.19276,41.80006],[16.19431,41.7985],[16.19557,41.7989],[16.19424,41.79768],[16.19562,41.79688],[16.19498,41.79487],[16.19603,41.79453],[16.1949,41.79379],[16.19575,41.79211],[16.19402,41.79144],[16.19489,41.7898],[16.19398,41.78932],[16.19284,41.78981],[16.19285,41.78869],[16.18956,41.78938],[16.18858,41.78896],[16.18988,41.78748],[16.18739,41.78612],[16.18823,41.78452],[16.19183,41.78427],[16.19174,41.78305],[16.19291,41.78259],[16.19121,41.78064],[16.18654,41.77938],[16.18991,41.77783],[16.18977,41.77726],[16.18837,41.77696],[16.18941,41.77465],[16.18761,41.7743],[16.18663,41.77219],[16.18513,41.77179],[16.18505,41.77116],[16.18209,41.77079],[16.18114,41.77049],[16.18104,41.76956],[16.17885,41.76922],[16.17864,41.76852],[16.17975,41.76796],[16.17901,41.76732],[16.17756,41.76699],[16.17675,41.76745],[16.17386,41.76641],[16.17254,41.76717],[16.16981,41.7674],[16.16702,41.76589],[16.16379,41.75858],[16.16492,41.75786],[16.16472,41.75717],[16.16298,41.75432],[16.15997,41.75425],[16.15933,41.75263],[16.15767,41.75267],[16.15638,41.7517],[16.155,41.75216],[16.15418,41.75161],[16.15454,41.75094],[16.15335,41.75037],[16.14866,41.75053],[16.14853,41.74966],[16.14723,41.74961],[16.14608,41.74761],[16.14213,41.74755],[16.14023,41.74691],[16.13731,41.74756],[16.13412,41.74656],[16.13226,41.7475],[16.12848,41.74817],[16.12548,41.74801],[16.12299,41.75015],[16.12369,41.7478],[16.12314,41.74776],[16.11774,41.75133],[16.11308,41.7521],[16.11437,41.753],[16.11391,41.75575],[16.11506,41.75584],[16.11545,41.75701],[16.11747,41.75676],[16.11972,41.75758],[16.11722,41.76102],[16.11594,41.76146],[16.11707,41.76225],[16.11721,41.76439],[16.1186,41.76423],[16.11881,41.76564],[16.12113,41.76494],[16.1222,41.7693],[16.12182,41.77423],[16.1261,41.77575],[16.12847,41.77497],[16.12934,41.7758],[16.12815,41.77661],[16.12772,41.77862],[16.12903,41.77844],[16.13033,41.77987],[16.13231,41.7801],[16.1344,41.78126],[16.14052,41.77887],[16.14335,41.7799],[16.14273,41.77923],[16.14684,41.77704],[16.14965,41.77716],[16.15284,41.7785],[16.15681,41.78379],[16.15667,41.78457],[16.15767,41.78501],[16.16155,41.7938],[16.16303,41.79413],[16.16406,41.79519],[16.15969,41.79691],[16.1625,41.79949],[16.1651,41.80048],[16.16587,41.80001],[16.16915,41.80209],[16.17186,41.80285],[16.17333,41.80511],[16.17507,41.80528],[16.17658,41.80643],[16.17824,41.80898],[16.17723,41.80961],[16.17831,41.80971],[16.17535,41.81029],[16.1752,41.81236],[16.17377,41.81319],[16.17376,41.81394],[16.17589,41.81539],[16.17491,41.81552],[16.16921,41.81438],[16.16628,41.81209],[16.16422,41.81204],[16.16241,41.81314],[16.15871,41.81221],[16.15515,41.81275],[16.15429,41.81374],[16.15458,41.81685],[16.15582,41.81699],[16.15439,41.81951],[16.15656,41.8215],[16.15665,41.82504],[16.15792,41.82566],[16.15908,41.82825],[16.1574,41.82944],[16.15554,41.8288],[16.15094,41.83027],[16.14832,41.82951],[16.14446,41.83093],[16.14389,41.83359],[16.14109,41.83485],[16.14206,41.83711],[16.14091,41.83759],[16.14007,41.83674],[16.1385,41.83871],[16.13672,41.83974],[16.13322,41.83918],[16.13303,41.83816],[16.12907,41.83993],[16.12719,41.84016],[16.12507,41.84296],[16.12344,41.84208],[16.12416,41.84103],[16.12255,41.83946],[16.11507,41.83813],[16.11444,41.83995],[16.11365,41.83972],[16.11357,41.84114],[16.11067,41.84075],[16.11113,41.83906],[16.10849,41.83784],[16.10687,41.84031],[16.10408,41.84181],[16.10276,41.84338],[16.10115,41.84306],[16.09948,41.84423],[16.09862,41.84685],[16.0964,41.84802],[16.09686,41.85041],[16.09805,41.85126],[16.09698,41.85154],[16.09657,41.85074],[16.09238,41.85065],[16.09003,41.85093],[16.08711,41.85217],[16.08503,41.85094],[16.08454,41.85227],[16.08381,41.85246],[16.08253,41.85168],[16.08151,41.85324],[16.07973,41.8541],[16.07883,41.85836],[16.0769,41.86034],[16.07718,41.86131],[16.07628,41.86262],[16.07717,41.86322],[16.07817,41.86307],[16.08188,41.86714],[16.08198,41.86843],[16.08313,41.86902],[16.08297,41.87188],[16.07756,41.87695],[16.0776,41.87768],[16.07569,41.87875],[16.07516,41.87836],[16.07568,41.87755],[16.07358,41.87834],[16.07402,41.87907],[16.07127,41.88061],[16.07121,41.8813],[16.06974,41.88104],[16.07328,41.88926],[16.07391,41.88797],[16.07452,41.88811],[16.08059,41.89135],[16.08114,41.89004],[16.08064,41.88943],[16.08184,41.88929],[16.08205,41.88868],[16.08071,41.88718],[16.08203,41.88754],[16.08272,41.88677],[16.08272,41.89095],[16.08401,41.89181],[16.08375,41.89304],[16.08443,41.89351],[16.08575,41.89331],[16.08637,41.8944],[16.08791,41.89333],[16.09049,41.89558],[16.09325,41.89398],[16.09196,41.89165],[16.09536,41.89093],[16.09516,41.88931],[16.09612,41.88905],[16.09521,41.88735],[16.09685,41.88734],[16.09659,41.88643],[16.09402,41.88563],[16.09874,41.88624],[16.098,41.88516],[16.09902,41.88412],[16.10172,41.88439],[16.10231,41.8834],[16.10342,41.8834],[16.10474,41.88498],[16.10632,41.88542],[16.10586,41.88415],[16.10625,41.88239],[16.10706,41.88198],[16.10554,41.88111],[16.10586,41.88011],[16.11315,41.87654],[16.11027,41.87248],[16.1126,41.87191],[16.11349,41.8728],[16.11591,41.87204],[16.11401,41.86975],[16.1144,41.86861],[16.1175,41.86904],[16.11577,41.86803],[16.11582,41.86733],[16.12128,41.86785],[16.1236,41.86201],[16.12491,41.86414],[16.12584,41.86392],[16.12682,41.86907],[16.12804,41.86839],[16.12671,41.86617],[16.1272,41.86507],[16.12867,41.86821],[16.13117,41.86769],[16.12817,41.86452],[16.12665,41.86383],[16.12581,41.86219],[16.13042,41.86317],[16.12858,41.86192],[16.12974,41.86186],[16.12834,41.86093],[16.12915,41.85922],[16.13274,41.85756],[16.13331,41.85801],[16.13336,41.85725],[16.13674,41.8569],[16.13766,41.85622],[16.14091,41.85733],[16.13998,41.85436],[16.13747,41.85353],[16.13664,41.85193],[16.1407,41.85138],[16.14126,41.84983],[16.14283,41.85001],[16.14334,41.84881],[16.14401,41.85012],[16.14552,41.85088],[16.14617,41.85028],[16.14753,41.8505],[16.14699,41.84948],[16.14965,41.84847],[16.15105,41.84863],[16.15244,41.851],[16.15604,41.85196],[16.16093,41.85151],[16.16283,41.8504],[16.16376,41.84961],[16.16159,41.8483],[16.16302,41.84715],[16.16319,41.84603],[16.16559,41.84576],[16.16471,41.84486],[16.16193,41.84431],[16.16032,41.84329],[16.15936,41.84044],[16.16122,41.83915],[16.16414,41.83947],[16.16753,41.8378],[16.17116,41.8388],[16.17269,41.8399],[16.17459,41.84279],[16.17995,41.84453],[16.17968,41.84522],[16.18086,41.8455],[16.18539,41.83908],[16.18589,41.83879],[16.18726,41.83952],[16.18809,41.83871],[16.18935,41.83876],[16.18916,41.83981],[16.18975,41.84008],[16.19043,41.83791],[16.19224,41.83739],[16.19097,41.83532],[16.18896,41.83519],[16.18854,41.83445],[16.19025,41.83401],[16.18936,41.83319],[16.19023,41.83206],[16.18916,41.83163],[16.18926,41.83106],[16.19227,41.83092],[16.19152,41.83014],[16.19222,41.8299],[16.19116,41.82956],[16.18946,41.83004],[16.18856,41.82801],[16.19265,41.82765],[16.19501,41.82852],[16.19544,41.82811],[16.19473,41.82656],[16.19717,41.82755],[16.19857,41.82719],[16.1985,41.82634],[16.19985,41.82598],[16.19757,41.82383],[16.19833,41.82281],[16.19706,41.82214],[16.19382,41.82194],[16.19488,41.82104],[16.1949,41.81982],[16.19363,41.81917],[16.19529,41.81866],[16.19553,41.81791],[16.19427,41.81704],[16.19457,41.81575],[16.19686,41.81338],[16.19936,41.81438],[16.20047,41.81618],[16.20155,41.81537]]]]}},{"type":"Feature","properties":{"nome":"Monte Saraceno","tipo":"ZSC","codice":"IT9110014","ettari":197,"settori":["FG_03"]},"geometry":{"type":"Polygon","coordinates":[[[16.06597,41.69481],[16.0657,41.69373],[16.06125,41.69162],[16.05818,41.69121],[16.05607,41.69157],[16.05356,41.69005],[16.05181,41.6899],[16.05007,41.68701],[16.047,41.68584],[16.04527,41.68379],[16.04306,41.68405],[16.04174,41.68337],[16.03956,41.68067],[16.03638,41.67914],[16.03458,41.67716],[16.03184,41.67789],[16.02862,41.67709],[16.02418,41.67515],[16.02113,41.67269],[16.01977,41.67408],[16.02084,41.67412],[16.02334,41.6779],[16.02284,41.67906],[16.02767,41.67962],[16.02867,41.68156],[16.0334,41.68344],[16.03478,41.68324],[16.03525,41.68415],[16.03739,41.6846],[16.03808,41.68594],[16.03895,41.68592],[16.039,41.68676],[16.04042,41.68644],[16.0416,41.68721],[16.0433,41.6866],[16.04424,41.68832],[16.04565,41.68921],[16.04813,41.68927],[16.04774,41.69445],[16.04855,41.69672],[16.05142,41.69655],[16.05305,41.69575],[16.05513,41.69595],[16.05633,41.6968],[16.06434,41.69489],[16.06528,41.69541],[16.06597,41.69481]]]}},{"type":"Feature","properties":{"nome":"Duna e Lago di Lesina - Foce del Fortore","tipo":"ZSC","codice":"IT9110015","ettari":9823,"settori":["FG_02"]},"geometry":{"type":"Polygon","coordinates":[[[15.26512,41.90056],[15.26489,41.90344],[15.26281,41.90446],[15.2679,41.91106],[15.25886,41.91116],[15.2553,41.90689],[15.25248,41.90571],[15.25067,41.90661],[15.24975,41.90625],[15.24833,41.90681],[15.24806,41.90773],[15.24329,41.90989],[15.24296,41.9093],[15.24521,41.90757],[15.245,41.90632],[15.24299,41.90452],[15.23999,41.90319],[15.23206,41.9067],[15.22807,41.90765],[15.19978,41.90915],[15.20005,41.91167],[15.20174,41.91327],[15.20132,41.91425],[15.1967,41.91418],[15.1968,41.91505],[15.19307,41.9159],[15.17705,41.9184],[15.15952,41.91991],[15.16137,41.9126],[15.15923,41.91306],[15.15854,41.91089],[15.15924,41.90618],[15.16081,41.90275],[15.15956,41.90265],[15.15889,41.90458],[15.1574,41.90604],[15.15523,41.90386],[15.15557,41.90529],[15.15729,41.90648],[15.15695,41.9089],[15.15807,41.9088],[15.15799,41.91084],[15.14365,41.91367],[15.14332,41.91052],[15.14442,41.91031],[15.14332,41.90919],[15.14348,41.90757],[15.1421,41.90755],[15.14232,41.90491],[15.14377,41.90226],[15.13801,41.90238],[15.13792,41.90089],[15.13568,41.90112],[15.13632,41.90457],[15.13676,41.90411],[15.13833,41.90568],[15.13842,41.90929],[15.13934,41.91181],[15.13873,41.91176],[15.13634,41.9153],[15.13526,41.91542],[15.13525,41.92214],[15.13786,41.92816],[15.13891,41.92816],[15.13814,41.9267],[15.15204,41.92421],[15.1843,41.92078],[15.20681,41.9195],[15.22364,41.91892],[15.24219,41.91918],[15.27432,41.92032],[15.29258,41.92024],[15.29337,41.92111],[15.29439,41.92031],[15.32834,41.91731],[15.33798,41.91672],[15.34055,41.91807],[15.34023,41.91743],[15.34096,41.91651],[15.34453,41.91496],[15.34424,41.9139],[15.34754,41.91054],[15.35699,41.90502],[15.36288,41.90341],[15.37236,41.90187],[15.38971,41.90071],[15.41584,41.90106],[15.444,41.90265],[15.48883,41.90716],[15.50971,41.91008],[15.51123,41.90784],[15.54395,41.91391],[15.54788,41.9143],[15.54939,41.91374],[15.56779,41.91765],[15.5808,41.91955],[15.58161,41.91588],[15.58061,41.91556],[15.57823,41.9128],[15.58008,41.90656],[15.5759,41.90292],[15.563,41.89583],[15.56139,41.89433],[15.56043,41.89493],[15.55259,41.88787],[15.53449,41.88503],[15.53387,41.88614],[15.53252,41.88545],[15.52917,41.88641],[15.52888,41.88457],[15.53079,41.88313],[15.53029,41.8824],[15.52669,41.88353],[15.52643,41.88204],[15.52283,41.88281],[15.52139,41.88429],[15.51136,41.87928],[15.50978,41.88081],[15.50182,41.87657],[15.48351,41.87136],[15.4817,41.87033],[15.48445,41.86761],[15.48212,41.86694],[15.48021,41.86705],[15.47756,41.86867],[15.47743,41.86957],[15.44851,41.867],[15.4403,41.86702],[15.424,41.86849],[15.41464,41.87303],[15.41116,41.87385],[15.39015,41.87294],[15.38855,41.87263],[15.39159,41.87027],[15.38951,41.86629],[15.38762,41.86564],[15.38476,41.8634],[15.38494,41.86164],[15.38348,41.86274],[15.38157,41.8628],[15.37826,41.86854],[15.37064,41.8653],[15.36567,41.86239],[15.36326,41.86286],[15.3649,41.8653],[15.36063,41.86541],[15.35608,41.86441],[15.35296,41.86658],[15.35081,41.86662],[15.34913,41.86165],[15.34476,41.86023],[15.34476,41.86072],[15.34224,41.86123],[15.34026,41.86453],[15.33447,41.86866],[15.32745,41.87],[15.32487,41.87169],[15.32346,41.86996],[15.32168,41.87088],[15.31731,41.86607],[15.31192,41.87348],[15.30686,41.87867],[15.3082,41.88586],[15.31407,41.89297],[15.32113,41.89763],[15.33502,41.89765],[15.33504,41.9029],[15.33706,41.903],[15.33723,41.90233],[15.33941,41.90176],[15.34328,41.90335],[15.33926,41.9139],[15.32704,41.91338],[15.32725,41.91399],[15.32606,41.91389],[15.32512,41.91367],[15.32522,41.91311],[15.32207,41.91306],[15.32204,41.9125],[15.31962,41.91282],[15.31418,41.91174],[15.31373,41.91227],[15.30229,41.91252],[15.30215,41.91029],[15.30129,41.91145],[15.29996,41.91177],[15.30048,41.91269],[15.29962,41.91269],[15.29693,41.91057],[15.29704,41.90854],[15.29182,41.90518],[15.28434,41.8956],[15.27162,41.90113],[15.26927,41.8988],[15.26512,41.90056]]]}},{"type":"Feature","properties":{"nome":"Pineta Marzini","tipo":"ZSC","codice":"IT9110016","ettari":787,"settori":["FG_01"]},"geometry":{"type":"Polygon","coordinates":[[[15.98943,41.90848],[15.98989,41.91035],[15.98908,41.91157],[15.98931,41.9149],[15.99049,41.9157],[15.98927,41.9166],[15.98614,41.92186],[15.98478,41.92274],[15.98501,41.92567],[15.98433,41.92658],[15.97472,41.92286],[15.97316,41.92288],[15.97209,41.91652],[15.97065,41.91964],[15.97061,41.92479],[15.96775,41.92653],[15.96677,41.92809],[15.96594,41.9281],[15.96629,41.92859],[15.96326,41.93022],[15.96196,41.93208],[15.96088,41.93186],[15.96034,41.93254],[15.96149,41.93312],[15.95952,41.9357],[15.96237,41.93635],[15.96238,41.937],[15.96034,41.93746],[15.96125,41.93799],[15.95987,41.93837],[15.95961,41.93911],[15.97763,41.94191],[15.97947,41.94013],[15.97951,41.93856],[15.97851,41.93901],[15.97737,41.93871],[15.97844,41.93504],[15.97765,41.93503],[15.97681,41.93319],[15.97834,41.93309],[15.97895,41.93221],[15.9782,41.9303],[15.9792,41.92882],[15.98077,41.92952],[15.98313,41.92897],[15.98447,41.92939],[15.98438,41.93268],[15.98331,41.93346],[15.9851,41.93362],[15.98383,41.93469],[15.98587,41.93818],[15.98516,41.93958],[15.9863,41.94046],[15.98466,41.94131],[15.98493,41.94195],[15.98593,41.94229],[15.98596,41.94361],[15.98764,41.94376],[15.98973,41.94522],[15.98971,41.94613],[15.99107,41.9462],[15.99116,41.94676],[15.99292,41.94602],[15.99338,41.94811],[15.99381,41.94737],[15.99545,41.94748],[15.99626,41.94695],[15.99702,41.94733],[15.99755,41.94641],[15.99813,41.94698],[15.99841,41.94635],[15.9985,41.9469],[15.99896,41.9457],[16.00232,41.94558],[16.00227,41.94375],[16.00094,41.94264],[16.00093,41.94074],[16.00005,41.94007],[16.00061,41.93906],[16.00224,41.94079],[16.00458,41.94136],[16.00443,41.93694],[16.00341,41.93636],[16.00352,41.93541],[16.00039,41.93494],[16.00081,41.93455],[15.99757,41.93153],[16.0018,41.93145],[16.00141,41.9308],[16.00275,41.93053],[16.00174,41.9294],[16.00105,41.92986],[15.99852,41.92952],[15.99791,41.92847],[16.00198,41.92723],[16.00024,41.92556],[16.00169,41.92471],[16.00076,41.9239],[16.00117,41.92338],[16.00323,41.92213],[16.0023,41.92221],[16.00163,41.92072],[16.00061,41.92066],[16.00142,41.91709],[15.99857,41.9159],[15.99954,41.91492],[16.00057,41.91497],[15.99818,41.91429],[15.99953,41.91385],[15.9986,41.91348],[15.99975,41.91282],[16.00086,41.9138],[16.00216,41.91337],[16.00215,41.91257],[16.00154,41.91183],[15.99919,41.91116],[16.00106,41.91104],[16.00031,41.91025],[15.99697,41.9087],[15.99768,41.90701],[15.99719,41.90607],[15.99616,41.90575],[15.99478,41.90714],[15.98943,41.90848]]]}},{"type":"Feature","properties":{"nome":"Castagneto Pia, Lapolda, Monte la Serra","tipo":"ZSC","codice":"IT9110024","ettari":689,"settori":["FG_02"]},"geometry":{"type":"Polygon","coordinates":[[[15.66334,41.7511],[15.65835,41.75066],[15.65816,41.74902],[15.65994,41.74872],[15.66004,41.74818],[15.65392,41.74774],[15.65317,41.74681],[15.65175,41.74796],[15.65113,41.74993],[15.65009,41.7504],[15.65084,41.75063],[15.64649,41.75323],[15.64449,41.75369],[15.64405,41.75516],[15.63937,41.7564],[15.6374,41.75624],[15.63674,41.75767],[15.63347,41.75834],[15.63382,41.76044],[15.63063,41.7622],[15.62946,41.76386],[15.62873,41.76363],[15.62391,41.76648],[15.62266,41.76594],[15.62237,41.76668],[15.61884,41.76766],[15.61907,41.76862],[15.61801,41.76987],[15.60875,41.77573],[15.60339,41.78122],[15.60718,41.78312],[15.61131,41.7832],[15.61378,41.78267],[15.61549,41.78143],[15.61667,41.78191],[15.61748,41.78121],[15.61645,41.78],[15.61789,41.78133],[15.61633,41.78338],[15.61688,41.78476],[15.61993,41.78719],[15.62797,41.78373],[15.62936,41.78291],[15.62873,41.78304],[15.63029,41.78039],[15.63335,41.77785],[15.6348,41.77568],[15.63714,41.77473],[15.63736,41.7719],[15.63908,41.77036],[15.63586,41.7709],[15.6385,41.76971],[15.63786,41.7691],[15.63897,41.76833],[15.64092,41.76876],[15.64197,41.7675],[15.64352,41.7676],[15.64464,41.76685],[15.64619,41.76709],[15.6519,41.76146],[15.65104,41.76083],[15.65188,41.75958],[15.65359,41.75893],[15.6549,41.75957],[15.65603,41.75823],[15.65793,41.75733],[15.65979,41.75726],[15.66189,41.75391],[15.6614,41.75356],[15.66334,41.75182],[15.66334,41.7511]]]}},{"type":"Feature","properties":{"nome":"Manacore del Gargano","tipo":"ZSC","codice":"IT9110025","ettari":2063,"settori":["FG_01"]},"geometry":{"type":"Polygon","coordinates":[[[16.11315,41.92046],[16.11029,41.91996],[16.11008,41.91905],[16.10977,41.91952],[16.10756,41.91927],[16.10518,41.91995],[16.1083,41.91679],[16.10731,41.91494],[16.10511,41.91506],[16.10241,41.91612],[16.10165,41.91485],[16.09455,41.91516],[16.09368,41.91384],[16.09218,41.9133],[16.0903,41.91419],[16.09031,41.91304],[16.08913,41.91277],[16.08772,41.91334],[16.0869,41.91541],[16.08562,41.91427],[16.08531,41.9127],[16.08176,41.91322],[16.07878,41.91283],[16.07573,41.91356],[16.06994,41.91151],[16.06708,41.91194],[16.06571,41.91067],[16.06365,41.91241],[16.0603,41.91338],[16.0581,41.91502],[16.05237,41.91316],[16.04781,41.91384],[16.04422,41.91584],[16.04116,41.91987],[16.03811,41.92014],[16.03768,41.92102],[16.03527,41.92237],[16.03469,41.9235],[16.03508,41.92483],[16.03394,41.9262],[16.03151,41.9269],[16.02895,41.9258],[16.02805,41.92693],[16.02569,41.92704],[16.02298,41.93201],[16.01911,41.93373],[16.019,41.93456],[16.01576,41.93533],[16.01552,41.93599],[16.01904,41.93527],[16.01979,41.93592],[16.02158,41.93562],[16.01753,41.93936],[16.01902,41.94114],[16.01908,41.93975],[16.02232,41.93775],[16.02058,41.94197],[16.02138,41.94235],[16.02146,41.94516],[16.02343,41.94685],[16.02413,41.94572],[16.02759,41.94652],[16.02857,41.94581],[16.03034,41.9482],[16.03115,41.94765],[16.03153,41.94584],[16.03659,41.94544],[16.03935,41.94645],[16.03979,41.94593],[16.04244,41.94632],[16.04381,41.94927],[16.04512,41.94666],[16.05103,41.94653],[16.05114,41.94763],[16.05225,41.94752],[16.05222,41.94845],[16.05264,41.94844],[16.05249,41.94732],[16.05348,41.94664],[16.05508,41.94775],[16.05635,41.94757],[16.05699,41.94554],[16.0592,41.94546],[16.0593,41.9489],[16.06127,41.94903],[16.06098,41.94842],[16.06249,41.94726],[16.06188,41.94682],[16.06207,41.94551],[16.06567,41.94518],[16.06525,41.94409],[16.06623,41.94368],[16.06773,41.94344],[16.06884,41.94433],[16.06915,41.94332],[16.07164,41.94592],[16.0724,41.94554],[16.07209,41.94377],[16.07288,41.94337],[16.07241,41.94234],[16.07551,41.94073],[16.07667,41.94065],[16.07708,41.9414],[16.07894,41.94177],[16.08083,41.94077],[16.08109,41.94],[16.08208,41.941],[16.08284,41.9405],[16.08451,41.94155],[16.08488,41.94066],[16.08607,41.94061],[16.08657,41.9394],[16.08877,41.93975],[16.08868,41.93866],[16.09059,41.93892],[16.09108,41.93807],[16.09294,41.93819],[16.09229,41.93726],[16.09076,41.93705],[16.09258,41.93369],[16.09741,41.93133],[16.09904,41.9324],[16.1003,41.93144],[16.09945,41.92983],[16.10186,41.92849],[16.10385,41.92891],[16.10383,41.928],[16.10462,41.92774],[16.10715,41.92963],[16.1097,41.92839],[16.11105,41.92893],[16.11228,41.92831],[16.10995,41.92802],[16.10937,41.92656],[16.11032,41.92597],[16.10943,41.92582],[16.11315,41.92046]]]}},{"type":"Feature","properties":{"nome":"Monte Calvo - Piana di Montenero","tipo":"ZSC e ZPS","codice":"IT9110026","ettari":7620,"settori":["FG_02","FG_03"]},"geometry":{"type":"Polygon","coordinates":[[[15.81839,41.73982],[15.81759,41.73925],[15.82108,41.73584],[15.82056,41.73536],[15.81911,41.73545],[15.8205,41.7321],[15.81906,41.73119],[15.81931,41.72978],[15.81613,41.72968],[15.81858,41.72751],[15.80935,41.72719],[15.80598,41.73067],[15.80402,41.72587],[15.79957,41.72684],[15.79963,41.72523],[15.79895,41.72479],[15.78761,41.72297],[15.78203,41.72005],[15.78026,41.72032],[15.77605,41.71831],[15.7743,41.71665],[15.77215,41.71732],[15.77061,41.7166],[15.76968,41.7152],[15.76746,41.71443],[15.76606,41.71428],[15.76042,41.71635],[15.75846,41.71465],[15.75692,41.71621],[15.75648,41.71549],[15.75423,41.71479],[15.75041,41.71477],[15.74889,41.71583],[15.74829,41.71503],[15.74514,41.71436],[15.74369,41.71812],[15.74435,41.7194],[15.74223,41.71966],[15.73924,41.71834],[15.73625,41.71552],[15.73417,41.71636],[15.72909,41.71603],[15.72889,41.71281],[15.72813,41.71255],[15.72738,41.71308],[15.72524,41.7116],[15.72241,41.71145],[15.72039,41.71434],[15.71789,41.71258],[15.7128,41.71273],[15.71101,41.71358],[15.71232,41.71353],[15.71069,41.71405],[15.71246,41.71398],[15.71208,41.71427],[15.71042,41.71466],[15.70884,41.71419],[15.70288,41.71557],[15.7005,41.71659],[15.69926,41.71786],[15.6972,41.71831],[15.69468,41.71777],[15.69027,41.71811],[15.68939,41.71954],[15.68747,41.71924],[15.68783,41.71807],[15.68688,41.71812],[15.68762,41.71601],[15.687,41.71373],[15.68336,41.71273],[15.68142,41.71098],[15.67725,41.71121],[15.6771,41.71272],[15.67876,41.71366],[15.67259,41.71209],[15.67191,41.71247],[15.67255,41.71244],[15.67287,41.71367],[15.67165,41.71311],[15.66992,41.71308],[15.67054,41.71363],[15.66934,41.71373],[15.66848,41.71325],[15.66936,41.71447],[15.66919,41.71687],[15.66863,41.72072],[15.66783,41.72161],[15.6689,41.7219],[15.66905,41.72317],[15.67098,41.72496],[15.67063,41.7258],[15.67285,41.72932],[15.67214,41.7318],[15.67114,41.73273],[15.6718,41.73427],[15.67123,41.73551],[15.67207,41.73549],[15.67351,41.73763],[15.6751,41.73747],[15.67619,41.73849],[15.67687,41.73766],[15.67853,41.73808],[15.67927,41.73768],[15.68038,41.73885],[15.67661,41.74068],[15.67691,41.7416],[15.67494,41.74241],[15.67396,41.74378],[15.67427,41.74471],[15.67336,41.74503],[15.67405,41.74584],[15.6693,41.74784],[15.66678,41.75295],[15.66568,41.7534],[15.66292,41.75667],[15.66136,41.76185],[15.66135,41.76692],[15.65928,41.7674],[15.65928,41.77074],[15.65788,41.77198],[15.6565,41.77476],[15.6563,41.78137],[15.66494,41.78359],[15.66895,41.78232],[15.67031,41.78376],[15.66938,41.78392],[15.66713,41.78636],[15.6685,41.7862],[15.66866,41.78751],[15.67078,41.79037],[15.67404,41.78873],[15.67722,41.78875],[15.68055,41.78781],[15.68074,41.7893],[15.67868,41.79257],[15.67943,41.79433],[15.67899,41.7984],[15.68055,41.79874],[15.68094,41.79982],[15.68542,41.79819],[15.68694,41.79851],[15.68796,41.79615],[15.69111,41.79669],[15.69166,41.798],[15.69321,41.79856],[15.69576,41.79551],[15.70212,41.79385],[15.70613,41.79193],[15.70746,41.79502],[15.7104,41.79379],[15.71403,41.79366],[15.71725,41.79177],[15.71231,41.79075],[15.71118,41.78996],[15.71524,41.78769],[15.716,41.78655],[15.71625,41.78449],[15.71427,41.77948],[15.71456,41.77843],[15.71869,41.77406],[15.72081,41.7732],[15.72402,41.77368],[15.72567,41.77314],[15.72751,41.7712],[15.73069,41.77154],[15.73964,41.77079],[15.74919,41.769],[15.75429,41.7688],[15.75837,41.77025],[15.76126,41.7688],[15.76704,41.7672],[15.77259,41.76686],[15.77315,41.76462],[15.77244,41.76366],[15.77313,41.76289],[15.77086,41.76006],[15.77322,41.7593],[15.7735,41.75968],[15.77643,41.75799],[15.77681,41.75835],[15.78097,41.7572],[15.78143,41.75774],[15.78377,41.75722],[15.78352,41.75644],[15.78613,41.75726],[15.78577,41.75635],[15.78775,41.75553],[15.79095,41.75557],[15.79156,41.75434],[15.79086,41.75329],[15.79266,41.75197],[15.79383,41.75185],[15.79372,41.75051],[15.79748,41.75056],[15.80493,41.74825],[15.80827,41.74657],[15.81122,41.73901],[15.81342,41.73885],[15.8157,41.74],[15.81839,41.73982]]]}},{"type":"Feature","properties":{"nome":"Bosco Jancuglia - Monte Castello","tipo":"ZSC","codice":"IT9110027","ettari":4456,"settori":["FG_02"]},"geometry":{"type":"Polygon","coordinates":[[[15.56918,41.67185],[15.56736,41.67272],[15.56471,41.67223],[15.56287,41.67254],[15.56016,41.67136],[15.55485,41.67185],[15.55109,41.67288],[15.54526,41.67854],[15.53892,41.6822],[15.53436,41.68762],[15.52758,41.69214],[15.52197,41.69706],[15.51578,41.70456],[15.51412,41.71005],[15.51513,41.71217],[15.51926,41.71339],[15.52148,41.71513],[15.52326,41.71514],[15.52311,41.71429],[15.52564,41.71447],[15.52871,41.7122],[15.54066,41.71156],[15.54023,41.71112],[15.54191,41.71125],[15.54502,41.70959],[15.55405,41.71036],[15.55479,41.71092],[15.55809,41.7105],[15.55993,41.71117],[15.56079,41.71246],[15.56203,41.7121],[15.56262,41.71447],[15.56059,41.71742],[15.56203,41.7181],[15.56419,41.71787],[15.56904,41.71981],[15.57161,41.7201],[15.58131,41.71859],[15.573,41.72493],[15.56918,41.72613],[15.57028,41.72724],[15.56591,41.72908],[15.56659,41.73118],[15.56776,41.73211],[15.56658,41.73268],[15.56364,41.73163],[15.56305,41.73206],[15.56179,41.73113],[15.56111,41.73175],[15.5625,41.73311],[15.56146,41.73375],[15.56067,41.73308],[15.55902,41.7336],[15.5581,41.73421],[15.55884,41.73461],[15.55643,41.7357],[15.55564,41.73429],[15.55537,41.73555],[15.556,41.73617],[15.55082,41.73899],[15.54528,41.73318],[15.5416,41.73533],[15.54501,41.73875],[15.54213,41.73978],[15.54119,41.73727],[15.54009,41.73685],[15.53987,41.73781],[15.53843,41.7386],[15.53821,41.74092],[15.53336,41.74346],[15.53231,41.7426],[15.53377,41.74457],[15.53278,41.7455],[15.53094,41.74436],[15.5296,41.74509],[15.53022,41.74569],[15.52844,41.74728],[15.5271,41.74601],[15.52435,41.74531],[15.52011,41.74902],[15.51845,41.74769],[15.51507,41.74902],[15.5132,41.75511],[15.51132,41.75882],[15.50897,41.76118],[15.50948,41.76505],[15.50608,41.76674],[15.50517,41.76785],[15.50757,41.77278],[15.50641,41.77553],[15.50649,41.7784],[15.50866,41.78183],[15.51717,41.78402],[15.51957,41.78315],[15.52131,41.78141],[15.52353,41.78104],[15.52505,41.77939],[15.52714,41.77907],[15.52695,41.7772],[15.52798,41.77419],[15.53508,41.77006],[15.5372,41.76783],[15.54346,41.7649],[15.54578,41.76496],[15.54748,41.76301],[15.55289,41.76146],[15.55718,41.75922],[15.56747,41.75144],[15.57533,41.74766],[15.58041,41.74241],[15.58002,41.74175],[15.58575,41.73554],[15.58597,41.73433],[15.58816,41.7342],[15.58933,41.7333],[15.5915,41.7336],[15.59328,41.73248],[15.59463,41.73316],[15.59606,41.73275],[15.59433,41.73126],[15.5937,41.7274],[15.59603,41.72423],[15.59458,41.72277],[15.59556,41.72187],[15.59439,41.72184],[15.5944,41.72106],[15.59332,41.72112],[15.59239,41.72021],[15.59077,41.71806],[15.5912,41.71673],[15.58975,41.71513],[15.59263,41.71401],[15.59298,41.71183],[15.59073,41.71167],[15.59235,41.70643],[15.59699,41.70479],[15.59915,41.70469],[15.60038,41.70619],[15.60516,41.7069],[15.60625,41.70642],[15.60933,41.70786],[15.60932,41.70638],[15.61212,41.70639],[15.61305,41.7052],[15.61276,41.70453],[15.6138,41.70419],[15.6142,41.7029],[15.61069,41.70218],[15.61128,41.70049],[15.60996,41.69802],[15.60589,41.69702],[15.6047,41.69786],[15.60397,41.69763],[15.60341,41.69578],[15.60221,41.69488],[15.59989,41.69462],[15.59881,41.69302],[15.59729,41.69463],[15.59309,41.69576],[15.59152,41.69426],[15.59001,41.69459],[15.58793,41.69057],[15.58843,41.68874],[15.5877,41.68819],[15.58595,41.68756],[15.58134,41.68822],[15.57939,41.68742],[15.5817,41.6859],[15.58157,41.68342],[15.5793,41.67977],[15.58011,41.6792],[15.57648,41.67775],[15.5762,41.67693],[15.57503,41.67711],[15.57324,41.67615],[15.56995,41.67358],[15.56918,41.67185]]]}},{"type":"Feature","properties":{"nome":"Bosco Quarto - Monte Spigno","tipo":"ZSC","codice":"IT9110030","ettari":7862,"settori":["FG_01","FG_03"]},"geometry":{"type":"Polygon","coordinates":[[[15.81839,41.73982],[15.81795,41.74088],[15.81644,41.74123],[15.81492,41.74386],[15.81122,41.74479],[15.81237,41.74594],[15.81415,41.74577],[15.81525,41.74635],[15.81697,41.75116],[15.81062,41.75454],[15.81379,41.75439],[15.81743,41.75778],[15.81532,41.75858],[15.8104,41.75854],[15.80846,41.7592],[15.80291,41.76311],[15.80518,41.76479],[15.80832,41.76551],[15.80794,41.76711],[15.80994,41.76951],[15.81462,41.76938],[15.80937,41.77156],[15.80972,41.77303],[15.80827,41.7752],[15.81083,41.77589],[15.81307,41.77514],[15.81519,41.77605],[15.81551,41.77559],[15.81741,41.77582],[15.82202,41.77482],[15.82247,41.77528],[15.82383,41.77514],[15.82426,41.77629],[15.82596,41.77574],[15.82641,41.77655],[15.82579,41.77746],[15.82649,41.77835],[15.82894,41.77823],[15.82842,41.77713],[15.83432,41.77609],[15.83437,41.77538],[15.83663,41.77513],[15.84053,41.77997],[15.84369,41.78079],[15.84428,41.7816],[15.84449,41.78479],[15.84195,41.78611],[15.84206,41.78895],[15.83871,41.7914],[15.83964,41.79241],[15.84427,41.79353],[15.84599,41.79309],[15.85044,41.79542],[15.85403,41.79552],[15.85267,41.80058],[15.85647,41.79847],[15.85966,41.79959],[15.86027,41.79782],[15.85992,41.79592],[15.86141,41.79479],[15.86629,41.79802],[15.86593,41.7986],[15.86524,41.79813],[15.86745,41.80173],[15.86788,41.8045],[15.87131,41.80418],[15.87263,41.80534],[15.87446,41.80542],[15.87592,41.80475],[15.87682,41.80279],[15.87966,41.80233],[15.88056,41.80116],[15.88355,41.8024],[15.88736,41.79836],[15.89065,41.79676],[15.89313,41.79438],[15.89022,41.79931],[15.89023,41.80173],[15.894,41.80483],[15.89327,41.80641],[15.89693,41.81017],[15.89759,41.81066],[15.89911,41.80999],[15.90269,41.8113],[15.90407,41.80909],[15.90615,41.80839],[15.90688,41.80611],[15.90868,41.80641],[15.91441,41.80449],[15.91533,41.80294],[15.91462,41.80023],[15.91507,41.79954],[15.91798,41.7982],[15.92098,41.79771],[15.92785,41.78825],[15.92978,41.78876],[15.93159,41.78672],[15.93438,41.78511],[15.93141,41.78315],[15.93236,41.78131],[15.933,41.78212],[15.9354,41.7806],[15.93723,41.78021],[15.93779,41.77794],[15.93679,41.77577],[15.9379,41.77609],[15.93898,41.77526],[15.94114,41.77681],[15.94082,41.77909],[15.94201,41.78019],[15.94241,41.78209],[15.94324,41.78204],[15.94334,41.78045],[15.94438,41.78013],[15.94604,41.77809],[15.94864,41.7772],[15.94949,41.77464],[15.94504,41.77095],[15.94554,41.77003],[15.94386,41.76899],[15.94143,41.76873],[15.93953,41.76973],[15.94085,41.7678],[15.94031,41.76614],[15.94703,41.76249],[15.95018,41.76386],[15.95221,41.76392],[15.95426,41.7619],[15.95878,41.75329],[15.9615,41.75109],[15.96207,41.74957],[15.96433,41.74731],[15.96432,41.7463],[15.95946,41.74474],[15.95476,41.74047],[15.9543,41.74153],[15.95069,41.74089],[15.94905,41.73946],[15.94823,41.74002],[15.94484,41.73915],[15.93747,41.73919],[15.93533,41.73744],[15.93239,41.73698],[15.9308,41.73828],[15.92975,41.73811],[15.93058,41.74115],[15.92583,41.7436],[15.92481,41.74344],[15.92496,41.74393],[15.92355,41.74451],[15.924,41.74511],[15.92233,41.74594],[15.91965,41.74563],[15.91826,41.74647],[15.91768,41.74608],[15.91634,41.74685],[15.91514,41.74649],[15.91296,41.74745],[15.91297,41.74651],[15.90939,41.74795],[15.90694,41.75084],[15.90351,41.75098],[15.9029,41.75169],[15.90383,41.7522],[15.90297,41.75381],[15.90153,41.75371],[15.90038,41.75478],[15.89841,41.75485],[15.89967,41.75591],[15.89666,41.75729],[15.89766,41.75843],[15.89555,41.7606],[15.89613,41.76209],[15.89346,41.76391],[15.89121,41.7651],[15.89057,41.76439],[15.88843,41.76472],[15.88465,41.76722],[15.87869,41.76952],[15.87314,41.76948],[15.86998,41.77081],[15.86842,41.76884],[15.87762,41.7659],[15.87698,41.76394],[15.87874,41.7629],[15.87954,41.76315],[15.88188,41.76227],[15.88304,41.76249],[15.88549,41.76127],[15.88609,41.7618],[15.88731,41.7613],[15.88737,41.7578],[15.88827,41.75839],[15.89099,41.75704],[15.89336,41.75465],[15.89542,41.75587],[15.90041,41.75193],[15.90495,41.74657],[15.9103,41.7423],[15.91074,41.74351],[15.91338,41.73842],[15.91776,41.73587],[15.91905,41.734],[15.92159,41.73287],[15.92235,41.73006],[15.92133,41.7245],[15.91814,41.72433],[15.91719,41.72315],[15.91586,41.72301],[15.91107,41.72384],[15.90982,41.72257],[15.9061,41.72369],[15.90642,41.72489],[15.90498,41.72386],[15.9032,41.72489],[15.90079,41.72527],[15.90128,41.72586],[15.89668,41.72535],[15.89366,41.72605],[15.89162,41.72549],[15.88971,41.72631],[15.88859,41.72541],[15.88721,41.72597],[15.88479,41.72434],[15.88277,41.72532],[15.88106,41.72392],[15.88081,41.72426],[15.87644,41.72285],[15.87345,41.72338],[15.87113,41.72291],[15.87087,41.72224],[15.87005,41.72273],[15.86945,41.72231],[15.86876,41.72336],[15.86748,41.72235],[15.86529,41.7234],[15.86153,41.72259],[15.86077,41.72321],[15.85933,41.72315],[15.85915,41.72235],[15.85704,41.72287],[15.85618,41.72413],[15.85243,41.72374],[15.85162,41.72465],[15.85026,41.72487],[15.84996,41.7257],[15.84743,41.72434],[15.84727,41.72253],[15.8417,41.72312],[15.83943,41.7236],[15.83902,41.7245],[15.83782,41.72378],[15.83854,41.72516],[15.83288,41.72885],[15.82921,41.73304],[15.82643,41.73445],[15.82676,41.73596],[15.82846,41.73741],[15.82365,41.73675],[15.82059,41.73734],[15.81976,41.73697],[15.81759,41.73925],[15.81839,41.73982]]]}},{"type":"Feature","properties":{"nome":"Valle del Cervaro, Bosco dell'Incoronata","tipo":"ZSC","codice":"IT9110032","ettari":5769,"settori":["FG_03","FG_04"]},"geometry":{"type":"Polygon","coordinates":[[[15.65273,41.40096],[15.65236,41.3955],[15.64973,41.38902],[15.65007,41.38744],[15.64849,41.38692],[15.64919,41.38653],[15.64944,41.38394],[15.64866,41.38267],[15.64561,41.38217],[15.64305,41.38376],[15.64357,41.38427],[15.64277,41.38473],[15.63977,41.38284],[15.63872,41.384],[15.6373,41.38333],[15.64026,41.37984],[15.63634,41.37873],[15.62977,41.37852],[15.62918,41.37994],[15.62192,41.38764],[15.6211,41.38613],[15.61838,41.38486],[15.60798,41.38345],[15.61038,41.38109],[15.60673,41.3789],[15.60761,41.37797],[15.60387,41.37575],[15.60589,41.37041],[15.59729,41.36896],[15.56041,41.35209],[15.55965,41.35342],[15.55266,41.34781],[15.5446,41.34583],[15.5426,41.34333],[15.54047,41.34249],[15.54438,41.33949],[15.54193,41.33886],[15.53972,41.33716],[15.53978,41.336],[15.53367,41.33607],[15.5235,41.33389],[15.51958,41.33015],[15.50733,41.32716],[15.48835,41.31988],[15.4873,41.3224],[15.48464,41.32224],[15.47816,41.31897],[15.47551,41.31846],[15.47402,41.31714],[15.47323,41.31911],[15.46859,41.31793],[15.46597,41.31864],[15.46207,41.31864],[15.46197,41.31966],[15.46025,41.31832],[15.46154,41.31703],[15.45927,41.31558],[15.45804,41.31652],[15.45614,41.31663],[15.45233,41.31497],[15.45223,41.31656],[15.44882,41.31699],[15.44332,41.31477],[15.44093,41.31121],[15.43499,41.30833],[15.43421,41.30698],[15.42931,41.30339],[15.4266,41.29621],[15.42153,41.29899],[15.40931,41.30023],[15.40685,41.29895],[15.40632,41.29939],[15.40516,41.29858],[15.4056,41.29765],[15.40496,41.29616],[15.40334,41.29478],[15.40856,41.29187],[15.40172,41.28579],[15.40121,41.28417],[15.40234,41.28206],[15.39532,41.28154],[15.39148,41.27933],[15.38836,41.27837],[15.37723,41.27615],[15.37612,41.27949],[15.37411,41.27809],[15.3734,41.27646],[15.37068,41.27645],[15.36698,41.27405],[15.36535,41.27371],[15.36878,41.27265],[15.37227,41.27332],[15.37434,41.27135],[15.37504,41.27142],[15.37471,41.26914],[15.37255,41.26872],[15.37216,41.26977],[15.36708,41.26885],[15.3652,41.26706],[15.3624,41.26653],[15.36175,41.26719],[15.36344,41.26856],[15.36295,41.27091],[15.36198,41.27156],[15.35798,41.26979],[15.35616,41.27092],[15.35272,41.26862],[15.35074,41.26865],[15.35229,41.26791],[15.3536,41.26563],[15.35235,41.26379],[15.35303,41.26293],[15.35509,41.26261],[15.35737,41.26141],[15.35714,41.26079],[15.36397,41.26249],[15.36472,41.26435],[15.36754,41.2649],[15.3688,41.26419],[15.36785,41.26375],[15.36866,41.26122],[15.36823,41.26076],[15.36394,41.25929],[15.3614,41.25984],[15.35603,41.25912],[15.35288,41.2578],[15.35242,41.2615],[15.35202,41.26118],[15.35071,41.26292],[15.34683,41.26475],[15.34618,41.2646],[15.34659,41.26386],[15.34155,41.26294],[15.34126,41.26367],[15.33763,41.26364],[15.33681,41.26265],[15.33382,41.26257],[15.33147,41.26105],[15.32944,41.2606],[15.32912,41.25998],[15.33028,41.25966],[15.33047,41.25891],[15.33099,41.25938],[15.33232,41.2579],[15.33347,41.25778],[15.33341,41.25825],[15.33461,41.25765],[15.33466,41.2569],[15.33292,41.25643],[15.33403,41.25627],[15.33408,41.25477],[15.33048,41.25527],[15.33016,41.25389],[15.32893,41.2536],[15.32257,41.25463],[15.32359,41.25371],[15.32795,41.25223],[15.3251,41.25198],[15.32296,41.25248],[15.32295,41.25199],[15.32483,41.25102],[15.32529,41.25153],[15.32709,41.25101],[15.32771,41.25012],[15.32979,41.24945],[15.33042,41.24968],[15.3307,41.24787],[15.33322,41.24827],[15.33253,41.24667],[15.33395,41.24603],[15.33484,41.24643],[15.33604,41.24609],[15.33514,41.24416],[15.33688,41.24315],[15.34703,41.24077],[15.34855,41.23897],[15.35315,41.23767],[15.35411,41.23627],[15.35214,41.23524],[15.35215,41.23171],[15.35269,41.23156],[15.35487,41.23318],[15.3564,41.23125],[15.36256,41.23279],[15.36282,41.23371],[15.36974,41.23024],[15.36593,41.22761],[15.36824,41.22681],[15.36772,41.22589],[15.36971,41.22494],[15.36837,41.22475],[15.36885,41.2235],[15.36563,41.22025],[15.36722,41.21868],[15.36786,41.21485],[15.3672,41.21466],[15.36362,41.21635],[15.3597,41.2161],[15.35803,41.21727],[15.35641,41.21562],[15.35349,41.21593],[15.35328,41.21506],[15.35082,41.21582],[15.34972,41.21741],[15.34822,41.21788],[15.3444,41.22121],[15.34205,41.22051],[15.34046,41.22417],[15.33655,41.22528],[15.3333,41.22514],[15.33001,41.22735],[15.33076,41.23255],[15.33156,41.23373],[15.33329,41.23275],[15.33657,41.22898],[15.33769,41.23081],[15.3377,41.23251],[15.33672,41.23476],[15.33256,41.23968],[15.33274,41.24105],[15.33391,41.24231],[15.3319,41.24255],[15.33173,41.24353],[15.33093,41.24385],[15.32854,41.24394],[15.32693,41.24629],[15.3254,41.24616],[15.32579,41.24778],[15.32236,41.24637],[15.32142,41.2467],[15.32089,41.24601],[15.31885,41.24604],[15.31986,41.24558],[15.32032,41.24274],[15.31668,41.24164],[15.31517,41.24232],[15.31309,41.24202],[15.31126,41.24267],[15.31133,41.23947],[15.30355,41.23816],[15.30416,41.23723],[15.30343,41.23708],[15.29947,41.23811],[15.29931,41.23761],[15.29795,41.23763],[15.29843,41.23828],[15.2976,41.23872],[15.29702,41.23737],[15.29423,41.23586],[15.29449,41.23501],[15.29314,41.2348],[15.29289,41.23393],[15.29067,41.23366],[15.28987,41.23436],[15.28875,41.23412],[15.28808,41.23544],[15.28573,41.23398],[15.28612,41.23355],[15.28454,41.23381],[15.28227,41.23564],[15.2812,41.23499],[15.28358,41.23361],[15.28394,41.23266],[15.2823,41.23029],[15.28,41.23212],[15.2798,41.23269],[15.28192,41.23274],[15.28225,41.23349],[15.27928,41.23482],[15.28054,41.23464],[15.28025,41.23565],[15.28094,41.23606],[15.27916,41.23762],[15.27743,41.23659],[15.27777,41.23324],[15.27711,41.2319],[15.27353,41.2318],[15.27422,41.23125],[15.27097,41.22898],[15.26961,41.22951],[15.26858,41.22906],[15.26683,41.23087],[15.26636,41.22815],[15.26305,41.22873],[15.26044,41.23256],[15.25605,41.23697],[15.25519,41.23727],[15.25383,41.23582],[15.25261,41.2371],[15.25085,41.23565],[15.24872,41.23607],[15.25153,41.23798],[15.25436,41.23861],[15.26044,41.23735],[15.26729,41.2373],[15.26819,41.23783],[15.26888,41.2397],[15.27052,41.24016],[15.27316,41.23968],[15.27418,41.24097],[15.27638,41.24131],[15.27562,41.24506],[15.276,41.24747],[15.27459,41.25007],[15.26972,41.25255],[15.2681,41.25442],[15.26535,41.25412],[15.26454,41.25454],[15.26217,41.25919],[15.25337,41.26854],[15.25612,41.27056],[15.25735,41.26799],[15.25831,41.26771],[15.25797,41.26591],[15.2588,41.26474],[15.2594,41.26558],[15.26403,41.2641],[15.26702,41.26388],[15.26592,41.26457],[15.26621,41.26561],[15.26474,41.26741],[15.26435,41.27151],[15.26568,41.27217],[15.2666,41.27146],[15.26814,41.27225],[15.26987,41.26975],[15.27069,41.2695],[15.27149,41.27144],[15.27287,41.27095],[15.27399,41.27244],[15.27466,41.27229],[15.27581,41.27332],[15.27509,41.27662],[15.27759,41.27923],[15.27792,41.27856],[15.27653,41.27668],[15.27761,41.27598],[15.27925,41.27646],[15.28312,41.27118],[15.28403,41.2714],[15.2831,41.27353],[15.28525,41.2741],[15.2865,41.27287],[15.2876,41.27126],[15.28506,41.27009],[15.28654,41.26676],[15.28912,41.26734],[15.28978,41.26732],[15.2895,41.26689],[15.29049,41.26708],[15.29183,41.26742],[15.29169,41.26821],[15.29438,41.26872],[15.29288,41.27161],[15.29184,41.27119],[15.2915,41.27196],[15.29047,41.27163],[15.29082,41.27278],[15.28982,41.2739],[15.29132,41.27453],[15.29005,41.27473],[15.29159,41.27488],[15.2938,41.27249],[15.29442,41.27276],[15.29501,41.27219],[15.29416,41.2717],[15.29534,41.27045],[15.29645,41.27115],[15.2969,41.27049],[15.29792,41.27102],[15.29621,41.27284],[15.29391,41.27744],[15.29141,41.28074],[15.28948,41.2795],[15.28738,41.2798],[15.28676,41.28057],[15.28786,41.28226],[15.28723,41.28256],[15.28841,41.28304],[15.28841,41.28366],[15.28629,41.28612],[15.2858,41.28944],[15.28733,41.28968],[15.28783,41.29005],[15.28735,41.29032],[15.28938,41.29174],[15.29077,41.2909],[15.29238,41.29185],[15.29152,41.29089],[15.29322,41.29091],[15.29545,41.28999],[15.29423,41.29111],[15.29511,41.29082],[15.29674,41.29149],[15.29631,41.29044],[15.29766,41.29071],[15.2961,41.29015],[15.29641,41.28959],[15.29945,41.29011],[15.29918,41.29166],[15.2999,41.29176],[15.3007,41.29072],[15.30165,41.29138],[15.30057,41.29025],[15.30095,41.28969],[15.2997,41.28893],[15.30096,41.28788],[15.30066,41.28865],[15.30245,41.28965],[15.3032,41.28898],[15.30203,41.28919],[15.30213,41.28758],[15.30289,41.28623],[15.30462,41.28511],[15.30288,41.28424],[15.30313,41.28514],[15.30208,41.28567],[15.30241,41.28379],[15.3006,41.28205],[15.30416,41.27837],[15.303,41.27771],[15.30628,41.2733],[15.30778,41.27319],[15.30915,41.27116],[15.31019,41.27132],[15.31127,41.26962],[15.31244,41.26957],[15.31188,41.27038],[15.31287,41.27082],[15.31425,41.27059],[15.31322,41.27173],[15.31346,41.27243],[15.31212,41.27218],[15.31239,41.27363],[15.30951,41.27425],[15.31129,41.27462],[15.31182,41.27569],[15.31342,41.27536],[15.3177,41.27668],[15.31747,41.2775],[15.31833,41.27783],[15.32018,41.27734],[15.32224,41.27904],[15.32688,41.27974],[15.32939,41.28211],[15.33059,41.28172],[15.3309,41.27967],[15.33166,41.28001],[15.33074,41.27946],[15.33102,41.27893],[15.33224,41.27962],[15.33321,41.27905],[15.33587,41.27986],[15.33739,41.27968],[15.33733,41.27849],[15.34096,41.27857],[15.34093,41.27944],[15.34242,41.27834],[15.3437,41.27984],[15.34467,41.27933],[15.34429,41.2783],[15.34773,41.27745],[15.3471,41.27626],[15.34807,41.27636],[15.34729,41.27472],[15.34539,41.27415],[15.34574,41.27127],[15.34425,41.2705],[15.34478,41.27004],[15.34229,41.26871],[15.34251,41.26793],[15.3437,41.26739],[15.34558,41.2679],[15.35203,41.27107],[15.35794,41.27254],[15.37198,41.27977],[15.37625,41.2807],[15.37877,41.28216],[15.38013,41.28139],[15.38208,41.28302],[15.38308,41.28257],[15.38387,41.28359],[15.38498,41.28309],[15.38573,41.28399],[15.38701,41.28347],[15.39094,41.28638],[15.38884,41.28743],[15.39154,41.291],[15.39638,41.28883],[15.39749,41.29272],[15.40028,41.29356],[15.40457,41.29748],[15.39921,41.30042],[15.39791,41.29928],[15.39461,41.30071],[15.3997,41.30439],[15.40255,41.30276],[15.41107,41.30895],[15.41513,41.30678],[15.41824,41.30704],[15.42231,41.31006],[15.41895,41.31318],[15.43355,41.32237],[15.43808,41.31807],[15.43993,41.3184],[15.44096,41.31947],[15.44307,41.31901],[15.44525,41.3205],[15.44697,41.32088],[15.44735,41.31997],[15.44856,41.32048],[15.45462,41.31973],[15.45633,41.32018],[15.45713,41.32118],[15.45837,41.32028],[15.46215,41.3225],[15.46438,41.3225],[15.4658,41.32369],[15.47374,41.32524],[15.47626,41.324],[15.47698,41.32419],[15.48076,41.33108],[15.49184,41.33295],[15.49413,41.32625],[15.49517,41.32639],[15.4988,41.32924],[15.49829,41.33026],[15.50767,41.33213],[15.50881,41.33344],[15.50911,41.333],[15.51043,41.33355],[15.51124,41.33488],[15.50911,41.33723],[15.51185,41.33896],[15.51167,41.34021],[15.51461,41.33995],[15.51809,41.34045],[15.51845,41.34122],[15.52049,41.34125],[15.52095,41.34073],[15.52558,41.34144],[15.52575,41.34098],[15.52716,41.34135],[15.53024,41.34083],[15.52967,41.342],[15.53052,41.34172],[15.53135,41.3422],[15.53283,41.34165],[15.53675,41.34267],[15.5401,41.34463],[15.53757,41.35017],[15.55568,41.35531],[15.55856,41.3543],[15.55941,41.35674],[15.5612,41.35855],[15.56273,41.35857],[15.56842,41.36052],[15.57275,41.36097],[15.56941,41.36336],[15.5761,41.36872],[15.57818,41.36722],[15.58275,41.37004],[15.58434,41.37146],[15.58254,41.37387],[15.59832,41.38608],[15.59858,41.38551],[15.60009,41.38582],[15.60045,41.38484],[15.60567,41.38611],[15.60635,41.38449],[15.60966,41.38703],[15.60925,41.38762],[15.61048,41.3916],[15.61007,41.39288],[15.62226,41.39317],[15.62227,41.39157],[15.62554,41.39137],[15.62565,41.39219],[15.62749,41.39308],[15.63271,41.3933],[15.63378,41.3969],[15.6364,41.39599],[15.63682,41.39647],[15.63565,41.39767],[15.63657,41.39828],[15.63895,41.39765],[15.64334,41.39461],[15.64498,41.3964],[15.64302,41.39708],[15.64344,41.39818],[15.64836,41.399],[15.64728,41.40158],[15.64845,41.40284],[15.65273,41.40096]]]}},{"type":"Feature","properties":{"nome":"Accadia - Deliceto","tipo":"ZSC","codice":"IT9110033","ettari":3523,"settori":["FG_04"]},"geometry":{"type":"Polygon","coordinates":[[[15.38831,41.21134],[15.3811,41.20397],[15.37985,41.20417],[15.37888,41.20569],[15.37719,41.20455],[15.37803,41.20336],[15.37584,41.20329],[15.37361,41.20108],[15.37211,41.20101],[15.37305,41.19952],[15.37203,41.19851],[15.37225,41.19791],[15.37107,41.19767],[15.371,41.19626],[15.3692,41.19516],[15.36992,41.19392],[15.3732,41.19326],[15.37278,41.19239],[15.37395,41.19142],[15.37331,41.19055],[15.37032,41.19078],[15.36995,41.19031],[15.36985,41.18898],[15.37196,41.18874],[15.3721,41.18812],[15.37011,41.1883],[15.3705,41.18699],[15.36806,41.18378],[15.36889,41.18303],[15.37012,41.17718],[15.37081,41.17663],[15.36973,41.16998],[15.37175,41.17028],[15.37172,41.16795],[15.37272,41.1688],[15.37397,41.16787],[15.37329,41.16608],[15.3738,41.16528],[15.37279,41.16542],[15.37323,41.16443],[15.36595,41.1651],[15.36238,41.16499],[15.36036,41.16427],[15.35803,41.1647],[15.35523,41.16415],[15.35428,41.16229],[15.35188,41.16228],[15.34866,41.16063],[15.34764,41.16148],[15.34751,41.16318],[15.34551,41.1628],[15.34601,41.16369],[15.34534,41.16393],[15.34172,41.1644],[15.33755,41.1656],[15.33666,41.16637],[15.33275,41.16576],[15.32914,41.1665],[15.32638,41.16542],[15.32289,41.16226],[15.32223,41.16439],[15.32342,41.16611],[15.32336,41.1676],[15.32224,41.16759],[15.32168,41.16822],[15.32332,41.16796],[15.32222,41.17007],[15.32338,41.17128],[15.32318,41.17273],[15.3204,41.17361],[15.31854,41.17571],[15.31664,41.1761],[15.31717,41.17391],[15.31262,41.16958],[15.31352,41.16604],[15.31536,41.16525],[15.3124,41.16341],[15.313,41.16196],[15.31722,41.16035],[15.31918,41.16068],[15.31706,41.15679],[15.31494,41.15846],[15.3119,41.1571],[15.31196,41.15648],[15.3085,41.15576],[15.30644,41.15458],[15.30554,41.15725],[15.30389,41.1577],[15.30515,41.15807],[15.30488,41.15842],[15.30257,41.15759],[15.30045,41.15788],[15.2974,41.15668],[15.29698,41.15576],[15.29537,41.1569],[15.29349,41.15641],[15.29202,41.15771],[15.29542,41.15999],[15.29569,41.15946],[15.29927,41.1594],[15.3006,41.1602],[15.29991,41.16051],[15.30216,41.16112],[15.30119,41.16322],[15.30254,41.16583],[15.29905,41.16613],[15.29678,41.16543],[15.29499,41.1679],[15.2939,41.16828],[15.29327,41.16711],[15.2906,41.16853],[15.28925,41.16841],[15.29022,41.16673],[15.28954,41.16463],[15.28825,41.16482],[15.28874,41.16589],[15.28641,41.17094],[15.28677,41.17428],[15.28904,41.17817],[15.28769,41.18004],[15.2865,41.17849],[15.28309,41.17783],[15.28252,41.17986],[15.27947,41.18017],[15.27803,41.18669],[15.27713,41.18745],[15.27747,41.19423],[15.28012,41.19899],[15.28145,41.19863],[15.28188,41.19953],[15.28056,41.2022],[15.28169,41.20687],[15.27797,41.21238],[15.2805,41.21658],[15.2787,41.21852],[15.27809,41.21989],[15.27854,41.22063],[15.28181,41.22196],[15.28384,41.22156],[15.28262,41.22048],[15.2856,41.21782],[15.28936,41.2167],[15.29111,41.21393],[15.29456,41.21259],[15.29541,41.21002],[15.29644,41.21046],[15.2953,41.2092],[15.29676,41.20961],[15.29695,41.20808],[15.29943,41.20781],[15.29976,41.20934],[15.30129,41.20909],[15.3015,41.20839],[15.30314,41.20892],[15.30561,41.20777],[15.30621,41.20812],[15.30801,41.20708],[15.30933,41.20768],[15.31345,41.2078],[15.31553,41.20704],[15.31654,41.20578],[15.31641,41.20415],[15.31892,41.20405],[15.31952,41.20322],[15.32041,41.20363],[15.32425,41.20221],[15.33,41.19559],[15.33132,41.19549],[15.33059,41.1913],[15.33299,41.18974],[15.33239,41.18961],[15.33309,41.18805],[15.32814,41.18811],[15.32409,41.18689],[15.32307,41.18195],[15.3242,41.18077],[15.32619,41.18242],[15.32727,41.18202],[15.33004,41.18266],[15.33056,41.18388],[15.33256,41.18415],[15.33822,41.18706],[15.34317,41.18765],[15.34307,41.18717],[15.34845,41.18745],[15.34874,41.18793],[15.3469,41.19028],[15.3414,41.19286],[15.33956,41.19341],[15.33895,41.19279],[15.33863,41.19303],[15.33925,41.19319],[15.33854,41.19387],[15.33822,41.19359],[15.33475,41.19898],[15.33526,41.19957],[15.33253,41.20235],[15.33138,41.20275],[15.33292,41.20328],[15.33317,41.20795],[15.33439,41.20855],[15.33638,41.2086],[15.34103,41.20998],[15.34237,41.20904],[15.34329,41.20802],[15.34029,41.20663],[15.34143,41.20508],[15.3397,41.20431],[15.34071,41.20259],[15.3427,41.20348],[15.35278,41.20366],[15.35779,41.21],[15.35892,41.21074],[15.36262,41.21057],[15.36445,41.20721],[15.36345,41.20606],[15.36586,41.20395],[15.36856,41.20294],[15.36908,41.2032],[15.36859,41.20389],[15.36718,41.20471],[15.36751,41.20652],[15.36898,41.20695],[15.36811,41.20766],[15.36933,41.20821],[15.36664,41.20932],[15.36856,41.20946],[15.37213,41.21128],[15.37783,41.21006],[15.37848,41.20858],[15.38056,41.2073],[15.38622,41.21286],[15.38656,41.21114],[15.38831,41.21134]]]}},{"type":"Feature","properties":{"nome":"Monte Sambuco","tipo":"ZSC","codice":"IT9110035","ettari":7892,"settori":["FG_02","FG_03"]},"geometry":{"type":"Polygon","coordinates":[[[15.01024,41.61363],[15.01375,41.61389],[15.01841,41.61283],[15.02088,41.6132],[15.02176,41.61355],[15.01958,41.61485],[15.0205,41.6145],[15.02178,41.61496],[15.0212,41.6154],[15.02164,41.61569],[15.02219,41.61452],[15.0229,41.61551],[15.02429,41.61581],[15.02499,41.61525],[15.02484,41.61624],[15.02869,41.61877],[15.02722,41.61952],[15.02756,41.62004],[15.03077,41.61931],[15.03325,41.61594],[15.03534,41.61585],[15.03676,41.61688],[15.03543,41.61811],[15.03385,41.61835],[15.03316,41.62019],[15.03093,41.62032],[15.02985,41.62305],[15.0288,41.62334],[15.02656,41.62668],[15.02734,41.62817],[15.03038,41.62671],[15.03152,41.62527],[15.03483,41.62581],[15.03577,41.62451],[15.035,41.62415],[15.03214,41.62452],[15.0312,41.62359],[15.03542,41.62185],[15.03512,41.62131],[15.03586,41.62065],[15.03787,41.62037],[15.03844,41.61983],[15.03673,41.61911],[15.03719,41.61847],[15.04073,41.61871],[15.04293,41.61965],[15.04569,41.61943],[15.04218,41.61834],[15.03914,41.61526],[15.03995,41.61497],[15.03972,41.61447],[15.04102,41.61479],[15.04028,41.61353],[15.04131,41.61259],[15.04369,41.61322],[15.04663,41.61304],[15.04786,41.6135],[15.04817,41.61473],[15.04882,41.61481],[15.0493,41.61378],[15.05016,41.61492],[15.05026,41.61334],[15.04929,41.6131],[15.0513,41.61216],[15.05319,41.6134],[15.05755,41.61433],[15.04843,41.62091],[15.04548,41.62132],[15.0447,41.62279],[15.04543,41.62291],[15.04525,41.62416],[15.04663,41.6235],[15.04608,41.62328],[15.04762,41.62168],[15.04833,41.62297],[15.04943,41.62212],[15.05031,41.62305],[15.04802,41.6247],[15.04964,41.62528],[15.05176,41.62266],[15.05397,41.62209],[15.05328,41.62339],[15.05622,41.62289],[15.05734,41.62325],[15.05839,41.62478],[15.05882,41.6242],[15.05928,41.6256],[15.05931,41.6209],[15.05767,41.61833],[15.05974,41.61765],[15.06296,41.61472],[15.0627,41.61383],[15.06365,41.61378],[15.06272,41.61244],[15.06324,41.61209],[15.06228,41.61145],[15.06358,41.61034],[15.06477,41.61076],[15.0663,41.60983],[15.06628,41.60881],[15.06765,41.60798],[15.06672,41.60698],[15.06581,41.60796],[15.06544,41.60735],[15.06463,41.60773],[15.06334,41.60675],[15.06383,41.6064],[15.06317,41.6064],[15.06454,41.60355],[15.06471,41.60205],[15.06391,41.60154],[15.06505,41.59979],[15.06357,41.6004],[15.06293,41.60271],[15.06164,41.60257],[15.05995,41.60112],[15.06072,41.59985],[15.06179,41.59966],[15.06177,41.5989],[15.06027,41.59943],[15.05907,41.599],[15.05894,41.59825],[15.05767,41.59815],[15.05673,41.59889],[15.05722,41.59834],[15.05482,41.59768],[15.05474,41.59657],[15.05418,41.59651],[15.0554,41.59559],[15.05598,41.5939],[15.06245,41.59556],[15.06091,41.59435],[15.06217,41.59408],[15.0617,41.59361],[15.06588,41.59069],[15.06529,41.59085],[15.0635,41.58953],[15.06269,41.59019],[15.06214,41.58915],[15.0616,41.58944],[15.06027,41.58883],[15.05985,41.58958],[15.05904,41.58852],[15.05697,41.59115],[15.0572,41.59035],[15.05627,41.58936],[15.05477,41.58915],[15.05413,41.58676],[15.05478,41.58603],[15.0538,41.58632],[15.05283,41.58547],[15.05279,41.58369],[15.05126,41.58484],[15.04971,41.58215],[15.0478,41.58196],[15.04744,41.58107],[15.0466,41.58191],[15.04348,41.58086],[15.04186,41.5811],[15.04125,41.57951],[15.03939,41.57831],[15.04049,41.57727],[15.03952,41.57667],[15.04129,41.57597],[15.04223,41.57353],[15.04737,41.57186],[15.04616,41.56859],[15.04967,41.56652],[15.05185,41.56828],[15.05319,41.56804],[15.0555,41.56687],[15.05767,41.56445],[15.05892,41.5666],[15.0618,41.56684],[15.06448,41.56905],[15.06425,41.56728],[15.06502,41.56568],[15.07188,41.56411],[15.07101,41.56537],[15.07165,41.56597],[15.07187,41.56935],[15.07262,41.57147],[15.0739,41.5722],[15.07511,41.5778],[15.07336,41.57971],[15.07479,41.58087],[15.07381,41.58182],[15.07686,41.58308],[15.0784,41.58569],[15.07727,41.5917],[15.07513,41.5926],[15.07297,41.59131],[15.07247,41.59195],[15.07444,41.59341],[15.07203,41.59521],[15.07309,41.59677],[15.07816,41.59888],[15.07777,41.60094],[15.07816,41.60031],[15.079,41.60084],[15.08037,41.59848],[15.0834,41.59698],[15.0831,41.59556],[15.07969,41.59603],[15.07808,41.59258],[15.08026,41.59117],[15.07873,41.59035],[15.07941,41.58949],[15.08243,41.5901],[15.08423,41.58912],[15.08559,41.58659],[15.08714,41.58552],[15.08774,41.58559],[15.08744,41.58727],[15.08861,41.58742],[15.0891,41.58668],[15.09063,41.58811],[15.08988,41.58979],[15.09165,41.59196],[15.09322,41.59181],[15.09382,41.59096],[15.09289,41.59088],[15.09316,41.59045],[15.09457,41.59053],[15.09495,41.58954],[15.09374,41.5891],[15.09385,41.58722],[15.09456,41.58687],[15.09423,41.58569],[15.09795,41.58606],[15.09536,41.58476],[15.09503,41.58384],[15.09569,41.58306],[15.09746,41.58317],[15.0984,41.58481],[15.09895,41.5839],[15.09842,41.5833],[15.09977,41.58156],[15.09922,41.58125],[15.0982,41.58183],[15.09872,41.58028],[15.0979,41.58012],[15.09693,41.58086],[15.09649,41.58004],[15.09853,41.57811],[15.09847,41.577],[15.09778,41.5771],[15.09789,41.57605],[15.09921,41.57519],[15.09893,41.57378],[15.10036,41.57374],[15.1027,41.57197],[15.10425,41.57203],[15.10422,41.57097],[15.1011,41.5692],[15.10172,41.5685],[15.10132,41.56751],[15.1007,41.56786],[15.09892,41.56733],[15.09824,41.56617],[15.09921,41.5653],[15.09936,41.56365],[15.10058,41.56387],[15.09975,41.56288],[15.1003,41.56145],[15.10215,41.56145],[15.10129,41.55913],[15.10327,41.55783],[15.10504,41.55823],[15.10753,41.55744],[15.107,41.55502],[15.10893,41.55434],[15.10809,41.55322],[15.10879,41.5537],[15.10938,41.55325],[15.10871,41.5527],[15.10918,41.55228],[15.11071,41.5538],[15.11253,41.55316],[15.11226,41.55148],[15.11449,41.55096],[15.11286,41.55074],[15.11167,41.55032],[15.11104,41.54979],[15.1117,41.55017],[15.11237,41.54957],[15.11226,41.54717],[15.11043,41.54756],[15.11074,41.54688],[15.11442,41.54541],[15.11397,41.54448],[15.11143,41.54269],[15.11074,41.54052],[15.10931,41.53901],[15.10506,41.53774],[15.10417,41.53648],[15.10514,41.53603],[15.10538,41.53334],[15.10427,41.5275],[15.10209,41.52647],[15.10068,41.52315],[15.10142,41.52209],[15.10241,41.5219],[15.10194,41.52025],[15.09938,41.52063],[15.09712,41.52234],[15.09718,41.52075],[15.09426,41.51712],[15.10672,41.51441],[15.10686,41.51325],[15.10396,41.51087],[15.10377,41.50965],[15.09651,41.51205],[15.09403,41.51373],[15.09384,41.51183],[15.09209,41.50921],[15.09236,41.50772],[15.09178,41.50758],[15.09335,41.50785],[15.09418,41.507],[15.0963,41.50652],[15.09611,41.50417],[15.09677,41.50332],[15.0982,41.50307],[15.10153,41.50404],[15.102,41.50477],[15.10524,41.50278],[15.10502,41.50185],[15.10219,41.50135],[15.10089,41.49842],[15.09811,41.49875],[15.09396,41.50053],[15.09051,41.49959],[15.0896,41.50071],[15.08642,41.50068],[15.08519,41.50026],[15.08519,41.49938],[15.0842,41.499],[15.08446,41.49806],[15.08343,41.49618],[15.0813,41.50449],[15.08131,41.51546],[15.07983,41.51318],[15.07858,41.51422],[15.07535,41.51177],[15.07654,41.51014],[15.07945,41.50848],[15.07739,41.50457],[15.07526,41.50402],[15.07362,41.50206],[15.07438,41.50179],[15.07268,41.50029],[15.07139,41.50285],[15.06821,41.50366],[15.06791,41.50476],[15.06522,41.50606],[15.06516,41.50675],[15.06317,41.50521],[15.06272,41.50742],[15.05894,41.50639],[15.05738,41.51236],[15.05497,41.51204],[15.05412,41.51356],[15.05315,41.5142],[15.05207,41.51384],[15.05109,41.51547],[15.04659,41.51772],[15.0482,41.52228],[15.04753,41.52487],[15.04627,41.52508],[15.04605,41.52419],[15.04406,41.52485],[15.04331,41.52393],[15.04082,41.52441],[15.03916,41.52274],[15.04179,41.52118],[15.04111,41.51934],[15.04325,41.51668],[15.04332,41.51541],[15.04409,41.51519],[15.04396,41.51436],[15.04258,41.51406],[15.04244,41.51177],[15.04127,41.51039],[15.04215,41.50926],[15.04341,41.5094],[15.04374,41.50903],[15.04043,41.50866],[15.03931,41.50707],[15.03734,41.50664],[15.03463,41.50943],[15.03485,41.5123],[15.03096,41.5098],[15.03098,41.50886],[15.02926,41.50832],[15.02865,41.50888],[15.0245,41.509],[15.02361,41.51006],[15.02339,41.50926],[15.02159,41.50956],[15.01936,41.51054],[15.0165,41.51308],[15.01671,41.51455],[15.01514,41.51542],[15.01612,41.51743],[15.01561,41.51813],[15.0196,41.51578],[15.02009,41.51619],[15.01944,41.51853],[15.01789,41.51977],[15.01557,41.51986],[15.01457,41.52104],[15.01363,41.52111],[15.01481,41.52445],[15.01349,41.52453],[15.01029,41.5262],[15.01133,41.52666],[15.01188,41.52909],[15.01459,41.52867],[15.01634,41.53052],[15.01587,41.53122],[15.01715,41.53202],[15.01711,41.53491],[15.0179,41.53577],[15.02106,41.53594],[15.02337,41.53812],[15.02273,41.53897],[15.02372,41.53981],[15.02554,41.53785],[15.02717,41.53726],[15.02928,41.53841],[15.02776,41.53969],[15.02896,41.54098],[15.02346,41.5446],[15.01866,41.54455],[15.01625,41.5457],[15.01649,41.54361],[15.01523,41.54437],[15.01415,41.54356],[15.01428,41.54295],[15.01225,41.5432],[15.0116,41.54488],[15.00936,41.54626],[15.00818,41.54511],[15.01008,41.54356],[15.00821,41.54445],[15.00706,41.54282],[15.00607,41.54323],[15.00572,41.54201],[14.9983,41.54139],[14.99917,41.54013],[15.00264,41.53871],[15.00217,41.53728],[15.00348,41.53459],[15.00533,41.53312],[15.00566,41.53198],[15.00505,41.53164],[15.00179,41.53145],[15.00005,41.53252],[14.99703,41.53205],[14.996,41.53277],[14.99446,41.53181],[14.99451,41.53294],[14.99144,41.53479],[14.98604,41.53441],[14.98235,41.53586],[14.98238,41.5375],[14.97899,41.54179],[14.97927,41.54414],[14.97709,41.54573],[14.98419,41.54985],[14.98709,41.55014],[14.9876,41.55089],[14.98947,41.55132],[14.99102,41.5502],[14.9926,41.55014],[14.99345,41.55123],[14.99716,41.55146],[14.99917,41.55257],[14.99917,41.55325],[15.00505,41.55233],[15.00505,41.55288],[15.00666,41.55346],[15.00719,41.55338],[15.00682,41.55183],[15.00603,41.55109],[15.00889,41.55091],[15.01026,41.55183],[15.01146,41.55012],[15.01475,41.54999],[15.01558,41.55007],[15.01474,41.55049],[15.01521,41.55156],[15.01855,41.55273],[15.02013,41.54978],[15.02236,41.55039],[15.02391,41.5468],[15.02565,41.5479],[15.02723,41.54756],[15.02224,41.55734],[15.01829,41.56178],[15.01924,41.55963],[15.01855,41.55933],[15.01714,41.5605],[15.01661,41.56017],[15.01532,41.56132],[15.0137,41.56588],[15.01148,41.56776],[15.00969,41.56825],[15.01275,41.57085],[15.01189,41.57098],[15.01176,41.57176],[15.01038,41.57111],[15.00907,41.57133],[15.0091,41.57235],[15.00755,41.57301],[15.00788,41.57397],[15.00705,41.57417],[15.00651,41.57546],[15.00773,41.57625],[15.00761,41.57698],[15.00635,41.5779],[15.00597,41.57953],[15.0068,41.57995],[15.00684,41.58196],[15.00793,41.58184],[15.00617,41.5821],[15.00847,41.58236],[15.00906,41.58365],[15.01017,41.58371],[15.00993,41.58572],[15.0108,41.58594],[15.01078,41.58703],[15.00898,41.58838],[15.00801,41.5881],[15.0083,41.58714],[15.00694,41.58555],[15.005,41.58594],[15.00288,41.58778],[15.00493,41.58969],[15.00444,41.59123],[15.0053,41.59286],[15.00404,41.59276],[15.00448,41.59326],[15.00383,41.59384],[15.00474,41.59415],[15.00324,41.59504],[15.00541,41.59482],[15.00398,41.59571],[15.00395,41.59701],[15.00118,41.59781],[15.00202,41.59871],[14.9993,41.59945],[14.99966,41.60036],[15.00107,41.60067],[15.00614,41.59981],[15.00577,41.60211],[15.00423,41.6038],[15.00638,41.60307],[15.0061,41.60413],[15.00857,41.60589],[15.00756,41.60655],[15.00835,41.60829],[15.00673,41.60931],[15.00777,41.60941],[15.0091,41.60802],[15.01076,41.60795],[15.01236,41.61097],[15.01356,41.61185],[15.01202,41.61335],[15.01024,41.61363]]]}},{"type":"Feature","properties":{"nome":"Grotte di Castellana","tipo":"ZSC","codice":"IT9120001","ettari":61,"settori":["BA_01"]},"geometry":{"type":"Polygon","coordinates":[[[17.16038,40.86945],[17.15822,40.86929],[17.15819,40.86733],[17.15664,40.86568],[17.15524,40.86619],[17.15398,40.86845],[17.14667,40.87339],[17.14726,40.87469],[17.14479,40.8764],[17.14404,40.876],[17.14391,40.87704],[17.14465,40.87767],[17.14582,40.87701],[17.14726,40.8784],[17.15127,40.87543],[17.15028,40.87481],[17.15254,40.87308],[17.15607,40.87189],[17.15694,40.8727],[17.15906,40.87075],[17.15973,40.87088],[17.16038,40.86945]]]}},{"type":"Feature","properties":{"nome":"Murgia dei Trulli","tipo":"ZSC","codice":"IT9120002","ettari":5457,"settori":["BA_01","BR_01"]},"geometry":{"type":"Polygon","coordinates":[[[17.33622,40.83219],[17.33586,40.83062],[17.33476,40.83019],[17.33115,40.8321],[17.32771,40.83447],[17.32822,40.83521],[17.3263,40.83614],[17.3259,40.83723],[17.32651,40.8387],[17.32425,40.83982],[17.32362,40.83914],[17.31947,40.84176],[17.31755,40.84057],[17.31196,40.84131],[17.31027,40.8407],[17.3083,40.83899],[17.30953,40.83443],[17.3088,40.83308],[17.30663,40.83181],[17.30547,40.83223],[17.30212,40.83043],[17.30409,40.82796],[17.30673,40.82796],[17.3074,40.82673],[17.31002,40.82606],[17.31026,40.82522],[17.31217,40.82452],[17.31254,40.82491],[17.31373,40.82398],[17.31644,40.82513],[17.31839,40.822],[17.3193,40.82194],[17.31854,40.82111],[17.31901,40.8209],[17.3219,40.821],[17.3238,40.82001],[17.32534,40.82096],[17.32649,40.82009],[17.32657,40.81874],[17.32479,40.81709],[17.32415,40.81769],[17.32391,40.81733],[17.31826,40.81928],[17.31731,40.81906],[17.31522,40.82012],[17.31289,40.82018],[17.30866,40.82183],[17.30795,40.82141],[17.30385,40.82219],[17.30313,40.82067],[17.30075,40.82151],[17.29974,40.8196],[17.30211,40.81884],[17.29727,40.81364],[17.30132,40.81249],[17.30563,40.8093],[17.31004,40.80757],[17.31251,40.80585],[17.31505,40.80172],[17.31852,40.79964],[17.31959,40.79825],[17.31714,40.79632],[17.31064,40.79854],[17.30895,40.80422],[17.30342,40.8085],[17.29911,40.80653],[17.29852,40.80812],[17.29714,40.80825],[17.29493,40.80691],[17.28995,40.80711],[17.289,40.80551],[17.28835,40.80551],[17.28447,40.80756],[17.28607,40.81111],[17.27862,40.8121],[17.27618,40.81314],[17.27622,40.81364],[17.27471,40.81369],[17.27454,40.81229],[17.26883,40.81115],[17.26857,40.81282],[17.26725,40.81426],[17.25757,40.81092],[17.2562,40.81311],[17.25551,40.81656],[17.25199,40.81638],[17.25036,40.81949],[17.24831,40.81957],[17.24951,40.82735],[17.24647,40.8272],[17.23838,40.82946],[17.23821,40.82889],[17.23499,40.82948],[17.2305,40.83133],[17.23012,40.83077],[17.22774,40.83157],[17.22692,40.82916],[17.22161,40.83024],[17.21859,40.83018],[17.21387,40.83206],[17.21492,40.83324],[17.2076,40.837],[17.20868,40.83852],[17.21058,40.8377],[17.21264,40.84022],[17.20933,40.84211],[17.2073,40.84442],[17.20235,40.84621],[17.20362,40.84719],[17.20269,40.8478],[17.20867,40.853],[17.20959,40.85285],[17.21325,40.85676],[17.21031,40.85824],[17.20667,40.86117],[17.21007,40.86455],[17.21239,40.86639],[17.21641,40.86629],[17.22044,40.86216],[17.2234,40.86438],[17.22217,40.8658],[17.22352,40.86756],[17.22376,40.8705],[17.22556,40.87418],[17.22811,40.87349],[17.22794,40.87405],[17.23063,40.87365],[17.23038,40.87275],[17.23133,40.87209],[17.23262,40.87285],[17.23379,40.87192],[17.23274,40.87058],[17.23475,40.86917],[17.23608,40.86918],[17.23776,40.86767],[17.23661,40.86693],[17.23839,40.86504],[17.24909,40.87264],[17.25164,40.87594],[17.26099,40.86878],[17.26071,40.86475],[17.2574,40.86045],[17.25714,40.85805],[17.26223,40.85789],[17.27013,40.85866],[17.27126,40.84809],[17.27379,40.84718],[17.27555,40.84422],[17.27746,40.84495],[17.27963,40.8446],[17.27965,40.84545],[17.28833,40.84062],[17.28876,40.84126],[17.29388,40.8402],[17.29465,40.84051],[17.29461,40.84155],[17.29788,40.84119],[17.29973,40.84164],[17.30233,40.84066],[17.30467,40.84176],[17.30151,40.84623],[17.29919,40.84811],[17.29625,40.85422],[17.29032,40.85253],[17.28969,40.85595],[17.2875,40.8583],[17.28723,40.8625],[17.2874,40.86421],[17.29043,40.86467],[17.29099,40.86521],[17.29094,40.8683],[17.28879,40.87139],[17.28686,40.87062],[17.28554,40.87179],[17.28685,40.87322],[17.28561,40.87385],[17.28579,40.87594],[17.28374,40.87653],[17.28152,40.87623],[17.27697,40.8774],[17.27422,40.87903],[17.271,40.87687],[17.26896,40.87872],[17.26836,40.88145],[17.26726,40.88222],[17.26695,40.88639],[17.26777,40.88767],[17.26516,40.88819],[17.26233,40.88651],[17.26071,40.8869],[17.26203,40.88789],[17.26091,40.8894],[17.26171,40.89143],[17.25977,40.89236],[17.26024,40.8933],[17.25952,40.89429],[17.25855,40.89542],[17.25257,40.89804],[17.24816,40.90142],[17.24813,40.90314],[17.24679,40.90338],[17.24701,40.90438],[17.24537,40.90574],[17.24438,40.90401],[17.24324,40.90387],[17.23805,40.90469],[17.23383,40.90443],[17.23381,40.90525],[17.23207,40.90682],[17.23243,40.90771],[17.22993,40.90945],[17.23494,40.91368],[17.23587,40.91301],[17.23697,40.91544],[17.23755,40.9158],[17.24006,40.91461],[17.24138,40.91737],[17.24832,40.91814],[17.2493,40.9171],[17.24865,40.91629],[17.25265,40.91382],[17.25563,40.91387],[17.25505,40.91285],[17.25616,40.91209],[17.25271,40.90992],[17.256,40.90752],[17.25466,40.90619],[17.2528,40.90553],[17.25622,40.90218],[17.2593,40.9002],[17.26031,40.90008],[17.26006,40.90075],[17.26179,40.90181],[17.26815,40.89853],[17.26845,40.89996],[17.2701,40.90123],[17.27486,40.89928],[17.27538,40.89977],[17.27716,40.89902],[17.28112,40.89965],[17.28485,40.89846],[17.2875,40.89996],[17.29019,40.89955],[17.29121,40.89835],[17.29044,40.89548],[17.28939,40.89475],[17.28962,40.89217],[17.28759,40.89053],[17.28858,40.88719],[17.29271,40.88536],[17.29408,40.88257],[17.29684,40.8811],[17.29769,40.88176],[17.30015,40.87818],[17.30069,40.87583],[17.30634,40.87086],[17.30781,40.87091],[17.30377,40.86915],[17.30543,40.86607],[17.30498,40.86522],[17.30636,40.86382],[17.30396,40.863],[17.30415,40.862],[17.30588,40.86086],[17.30857,40.86058],[17.3113,40.86041],[17.31351,40.86161],[17.3148,40.86088],[17.31657,40.86118],[17.31802,40.86073],[17.32095,40.85643],[17.32621,40.85226],[17.32854,40.84934],[17.32972,40.84927],[17.33085,40.84823],[17.32923,40.84697],[17.33036,40.84645],[17.32928,40.84531],[17.33302,40.8444],[17.33073,40.84304],[17.33086,40.84214],[17.335,40.83796],[17.33424,40.83679],[17.33487,40.83634],[17.33264,40.83583],[17.33088,40.83619],[17.33212,40.83465],[17.33622,40.83219]]]}},{"type":"Feature","properties":{"nome":"Bosco di Mesola","tipo":"ZSC","codice":"IT9120003","ettari":3029,"settori":["BA_02"]},"geometry":{"type":"Polygon","coordinates":[[[16.74863,40.84331],[16.75078,40.84624],[16.75352,40.853],[16.75909,40.86083],[16.75926,40.86893],[16.76163,40.87538],[16.76414,40.87793],[16.76564,40.87789],[16.76656,40.8835],[16.76922,40.88342],[16.77389,40.8815],[16.77526,40.88314],[16.78163,40.878],[16.7856,40.88194],[16.78953,40.88175],[16.7987,40.87918],[16.79937,40.88051],[16.802,40.8796],[16.80227,40.88162],[16.80362,40.88179],[16.80834,40.88046],[16.81099,40.88037],[16.80977,40.87786],[16.81308,40.87703],[16.81329,40.87772],[16.81412,40.8776],[16.81623,40.87901],[16.82153,40.87488],[16.82287,40.87457],[16.82388,40.87542],[16.8271,40.87457],[16.82702,40.87347],[16.82862,40.87069],[16.82754,40.86683],[16.82449,40.86317],[16.81939,40.86512],[16.82074,40.86844],[16.81961,40.8687],[16.82022,40.87007],[16.81313,40.87174],[16.80891,40.8714],[16.80998,40.87359],[16.80719,40.87343],[16.80465,40.87082],[16.80775,40.86915],[16.80864,40.86559],[16.8079,40.86472],[16.80895,40.86432],[16.80233,40.85449],[16.80705,40.85267],[16.80801,40.85342],[16.80897,40.85297],[16.80732,40.84959],[16.81097,40.84989],[16.81109,40.84791],[16.81328,40.84437],[16.81229,40.84283],[16.81094,40.84426],[16.81108,40.84522],[16.8069,40.84455],[16.80643,40.84706],[16.80354,40.84784],[16.80415,40.84901],[16.79302,40.8538],[16.79235,40.85202],[16.78965,40.8497],[16.78962,40.8454],[16.78851,40.8438],[16.78786,40.83868],[16.79019,40.83716],[16.78988,40.83576],[16.79068,40.83459],[16.78991,40.83303],[16.78912,40.8333],[16.7874,40.82998],[16.78688,40.82717],[16.79205,40.82738],[16.79298,40.8282],[16.79721,40.82897],[16.79958,40.82832],[16.79993,40.82664],[16.80296,40.82538],[16.79888,40.82212],[16.79639,40.8187],[16.79325,40.81757],[16.79997,40.81725],[16.79681,40.8129],[16.79805,40.81156],[16.79325,40.80969],[16.78569,40.80862],[16.78522,40.80962],[16.78411,40.80945],[16.78179,40.81227],[16.78355,40.81265],[16.78185,40.8147],[16.77835,40.81567],[16.77746,40.81708],[16.77656,40.81704],[16.77394,40.81515],[16.77062,40.81582],[16.77033,40.81352],[16.76848,40.81144],[16.76427,40.80875],[16.76301,40.80875],[16.76248,40.81062],[16.76338,40.81472],[16.7605,40.81436],[16.76011,40.81564],[16.75648,40.81529],[16.75514,40.81429],[16.75252,40.81987],[16.75234,40.82733],[16.74785,40.83761],[16.74863,40.84331]]]}},{"type":"Feature","properties":{"nome":"Laghi di Conversano","tipo":"ZSC","codice":"IT9120006","ettari":218,"settori":["BA_01"]},"geometry":{"type":"MultiPolygon","coordinates":[[[[17.15412,40.9534],[17.15263,40.9522],[17.15136,40.95339],[17.15014,40.95344],[17.14998,40.95267],[17.14905,40.95283],[17.14881,40.95397],[17.14699,40.95334],[17.14502,40.95356],[17.14599,40.95483],[17.14636,40.95441],[17.1482,40.95489],[17.14946,40.95631],[17.15302,40.95547],[17.15409,40.95445],[17.15343,40.95383],[17.15412,40.9534]]],[[[17.07797,40.96985],[17.07271,40.96869],[17.07191,40.97159],[17.07788,40.97168],[17.07797,40.96985]]],[[[17.13574,40.97947],[17.13455,40.97889],[17.13557,40.97813],[17.13479,40.97697],[17.1319,40.97784],[17.13247,40.97887],[17.1308,40.97929],[17.13161,40.98017],[17.13139,40.98141],[17.13228,40.98175],[17.13177,40.98247],[17.13242,40.98273],[17.1333,40.98169],[17.13505,40.9811],[17.1346,40.98039],[17.13574,40.97947]]],[[[17.16751,40.93799],[17.16641,40.93634],[17.16506,40.93655],[17.16458,40.93432],[17.16134,40.93603],[17.16202,40.93839],[17.16751,40.93799]]],[[[17.1323,40.92109],[17.12946,40.91985],[17.13031,40.91831],[17.12728,40.91661],[17.12782,40.91592],[17.12694,40.91519],[17.12477,40.91532],[17.12136,40.91755],[17.12039,40.91958],[17.12027,40.92388],[17.12101,40.92551],[17.12222,40.92608],[17.12338,40.92904],[17.12686,40.92777],[17.13115,40.9282],[17.13152,40.92648],[17.13055,40.92658],[17.12957,40.92416],[17.13151,40.92305],[17.1323,40.92109]]],[[[17.1093,40.98578],[17.1086,40.98455],[17.10641,40.98458],[17.10327,40.9864],[17.10356,40.98738],[17.10401,40.98797],[17.1054,40.98774],[17.1064,40.98829],[17.10628,40.9871],[17.1093,40.98578]]],[[[17.08311,40.93466],[17.0822,40.93049],[17.08136,40.93051],[17.08109,40.93144],[17.07988,40.93159],[17.07958,40.93556],[17.07891,40.93569],[17.07966,40.9371],[17.08232,40.93698],[17.08222,40.93483],[17.08311,40.93466]]],[[[17.10629,41.00243],[17.1059,41.00091],[17.10449,41.00118],[17.10389,41.00264],[17.10629,41.00243]]],[[[17.1733,40.93166],[17.17251,40.92945],[17.16971,40.9304],[17.17167,40.93195],[17.1733,40.93166]]],[[[17.13353,40.99378],[17.13137,40.9898],[17.12912,40.99033],[17.12988,40.99229],[17.1285,40.99277],[17.12881,40.99344],[17.13047,40.99306],[17.13069,40.99376],[17.13159,40.99351],[17.13216,40.99435],[17.13353,40.99378]]],[[[17.09971,40.96772],[17.0978,40.96729],[17.09592,40.96763],[17.09585,40.96828],[17.09431,40.9677],[17.094,40.96858],[17.09497,40.96869],[17.09539,40.96965],[17.09593,40.96944],[17.09671,40.97087],[17.09854,40.97077],[17.09971,40.96772]]]]}},{"type":"Feature","properties":{"nome":"Murgia Alta","tipo":"ZSC e ZPS","codice":"IT9120007","ettari":125882,"settori":["BAT","BA_02","BA_03","TA_01"]},"geometry":{"type":"Polygon","coordinates":[[[16.74863,40.84331],[16.74608,40.84413],[16.74562,40.84267],[16.74284,40.84061],[16.73741,40.84048],[16.73693,40.83929],[16.73787,40.83836],[16.73712,40.83675],[16.73636,40.83705],[16.73637,40.83813],[16.73387,40.83875],[16.73357,40.83835],[16.7375,40.83632],[16.73786,40.83534],[16.74021,40.83393],[16.74526,40.83149],[16.74837,40.83017],[16.75086,40.83034],[16.75234,40.82733],[16.75252,40.81987],[16.75697,40.81043],[16.75911,40.80879],[16.76578,40.80063],[16.76737,40.79944],[16.7743,40.79786],[16.77736,40.79779],[16.78346,40.79939],[16.78302,40.7981],[16.78404,40.79646],[16.78244,40.79296],[16.78515,40.79225],[16.79688,40.79268],[16.80715,40.79153],[16.81029,40.79169],[16.83319,40.79766],[16.8421,40.79814],[16.83858,40.79035],[16.83671,40.78891],[16.83601,40.78706],[16.84022,40.78643],[16.84444,40.78767],[16.8516,40.78768],[16.85879,40.78982],[16.86146,40.7893],[16.86615,40.78985],[16.86954,40.7896],[16.87754,40.79103],[16.87876,40.78812],[16.87541,40.78771],[16.87726,40.78111],[16.87815,40.78006],[16.87926,40.7801],[16.88576,40.78438],[16.89563,40.78777],[16.8973,40.79017],[16.89901,40.79083],[16.89987,40.79503],[16.90486,40.79877],[16.91646,40.79901],[16.91637,40.80165],[16.91828,40.80148],[16.91868,40.80308],[16.92323,40.80341],[16.92531,40.80518],[16.92927,40.79806],[16.92517,40.79257],[16.92559,40.7899],[16.93769,40.77738],[16.93187,40.77672],[16.92609,40.77335],[16.92242,40.77251],[16.92348,40.7716],[16.918,40.77315],[16.92292,40.75931],[16.92932,40.75855],[16.92914,40.75548],[16.93147,40.74953],[16.9348,40.74997],[16.94122,40.74895],[16.94258,40.74969],[16.94252,40.75456],[16.94364,40.75442],[16.94374,40.75581],[16.9495,40.7544],[16.94789,40.75334],[16.95103,40.75086],[16.96117,40.75439],[16.97243,40.74291],[16.97321,40.74088],[16.97255,40.73733],[16.96906,40.7374],[16.96976,40.73875],[16.95918,40.73855],[16.95491,40.73946],[16.95496,40.74035],[16.94923,40.74068],[16.94853,40.74146],[16.94785,40.74097],[16.94274,40.74035],[16.9425,40.74082],[16.94082,40.74071],[16.93945,40.74014],[16.93717,40.73875],[16.93783,40.73788],[16.93369,40.73423],[16.93294,40.73134],[16.93796,40.72633],[16.93794,40.72276],[16.93726,40.72215],[16.93865,40.71547],[16.93286,40.71339],[16.93188,40.71228],[16.93046,40.71231],[16.93031,40.71077],[16.92916,40.71071],[16.92792,40.71111],[16.92628,40.71418],[16.92321,40.71458],[16.92228,40.72035],[16.92007,40.72064],[16.92132,40.7177],[16.9227,40.71023],[16.91181,40.70706],[16.91225,40.70503],[16.91024,40.7023],[16.90811,40.70147],[16.90623,40.70478],[16.90085,40.7063],[16.89649,40.70625],[16.89107,40.70464],[16.8903,40.70635],[16.88275,40.70625],[16.8788,40.70715],[16.8788,40.70848],[16.87502,40.70859],[16.87494,40.70932],[16.87307,40.70926],[16.87277,40.70997],[16.86889,40.70886],[16.86903,40.70798],[16.86768,40.70774],[16.8685,40.70636],[16.86675,40.70356],[16.86617,40.70474],[16.86325,40.70447],[16.85788,40.70181],[16.85445,40.70156],[16.85247,40.69921],[16.84736,40.69866],[16.84037,40.69503],[16.8396,40.69614],[16.83588,40.69393],[16.83189,40.69085],[16.83153,40.68377],[16.83072,40.68215],[16.82652,40.68328],[16.82023,40.68343],[16.80709,40.6855],[16.79912,40.68948],[16.79436,40.69063],[16.79418,40.69338],[16.79288,40.69347],[16.79312,40.69509],[16.79177,40.69521],[16.79197,40.69661],[16.78765,40.69728],[16.78716,40.69908],[16.78411,40.7026],[16.78374,40.70438],[16.78193,40.70609],[16.78184,40.70734],[16.77948,40.70881],[16.77903,40.7108],[16.78149,40.7184],[16.77952,40.72057],[16.77479,40.72366],[16.77409,40.72519],[16.77613,40.72585],[16.77914,40.72815],[16.77905,40.7317],[16.77584,40.7304],[16.77503,40.73218],[16.77329,40.73234],[16.7732,40.73333],[16.77166,40.73284],[16.76774,40.73309],[16.7664,40.73444],[16.76607,40.73676],[16.76511,40.73726],[16.76286,40.73704],[16.76232,40.7377],[16.75962,40.73834],[16.75609,40.73857],[16.75268,40.73792],[16.73586,40.74203],[16.73624,40.74397],[16.7319,40.74698],[16.73143,40.73943],[16.72551,40.73929],[16.71909,40.73739],[16.70957,40.73845],[16.70212,40.74088],[16.70133,40.7452],[16.69357,40.75039],[16.69441,40.75047],[16.69334,40.754],[16.69705,40.75621],[16.6948,40.75906],[16.69561,40.75931],[16.69421,40.76232],[16.692,40.76154],[16.69034,40.76369],[16.68678,40.76221],[16.68719,40.76369],[16.69013,40.765],[16.68697,40.76744],[16.69049,40.77162],[16.68984,40.77481],[16.69095,40.77674],[16.68935,40.77886],[16.68696,40.77863],[16.68673,40.77905],[16.68755,40.78241],[16.68588,40.78447],[16.68657,40.78616],[16.6886,40.78816],[16.68677,40.79012],[16.68417,40.79541],[16.6767,40.79058],[16.6741,40.79653],[16.63845,40.79922],[16.63219,40.80143],[16.63131,40.7981],[16.60872,40.79817],[16.59739,40.79927],[16.60963,40.79193],[16.63352,40.77457],[16.64225,40.77031],[16.63979,40.76614],[16.64138,40.76455],[16.64509,40.76888],[16.65225,40.76312],[16.65363,40.76122],[16.65547,40.76042],[16.65595,40.75653],[16.65796,40.75279],[16.65672,40.75234],[16.65673,40.74974],[16.65436,40.74835],[16.64843,40.74827],[16.64502,40.74901],[16.62547,40.75643],[16.62066,40.75925],[16.61102,40.76822],[16.60693,40.7731],[16.6051,40.77668],[16.6012,40.78041],[16.59907,40.78489],[16.5957,40.78845],[16.59292,40.79321],[16.58965,40.79566],[16.58302,40.79838],[16.57641,40.79711],[16.56662,40.79684],[16.55904,40.79767],[16.5494,40.79704],[16.5258,40.80311],[16.51442,40.80196],[16.50315,40.80351],[16.50071,40.80622],[16.49329,40.80759],[16.47655,40.80874],[16.46716,40.80996],[16.46266,40.81736],[16.45974,40.82042],[16.46067,40.82087],[16.45942,40.82085],[16.45889,40.82153],[16.45479,40.82068],[16.4495,40.82086],[16.44993,40.82844],[16.44367,40.82867],[16.44802,40.83224],[16.43948,40.83743],[16.44217,40.83902],[16.44064,40.83978],[16.44148,40.84258],[16.44245,40.84339],[16.43972,40.84375],[16.43685,40.8421],[16.43744,40.8478],[16.44091,40.85908],[16.42177,40.86898],[16.40506,40.875],[16.39681,40.8803],[16.39586,40.87911],[16.3965,40.87516],[16.38713,40.87361],[16.38463,40.8685],[16.38522,40.86314],[16.38832,40.85623],[16.38793,40.85505],[16.38917,40.85322],[16.39193,40.85123],[16.39158,40.85034],[16.39419,40.84239],[16.39468,40.83799],[16.39787,40.83318],[16.39819,40.83288],[16.4019,40.83489],[16.40341,40.83512],[16.40546,40.8346],[16.41528,40.82947],[16.41682,40.82952],[16.41374,40.83442],[16.41653,40.83528],[16.41701,40.83174],[16.42074,40.83101],[16.42564,40.82876],[16.42883,40.82546],[16.43467,40.82211],[16.43483,40.82051],[16.43618,40.81967],[16.44045,40.81757],[16.44572,40.8161],[16.4516,40.81358],[16.44725,40.80863],[16.43934,40.80406],[16.43608,40.80334],[16.43284,40.80351],[16.42619,40.8054],[16.41685,40.80526],[16.4103,40.80725],[16.40917,40.808],[16.40999,40.81068],[16.40712,40.81258],[16.40788,40.81592],[16.40972,40.81643],[16.40931,40.82121],[16.40826,40.82227],[16.40447,40.82396],[16.40331,40.8261],[16.40306,40.82885],[16.40119,40.82964],[16.39826,40.83246],[16.39751,40.83246],[16.39793,40.83268],[16.39453,40.83792],[16.39408,40.84222],[16.39143,40.85046],[16.3918,40.85117],[16.39004,40.85227],[16.38826,40.85399],[16.38761,40.85545],[16.38795,40.8559],[16.38519,40.85933],[16.38392,40.86664],[16.38303,40.8681],[16.37569,40.87359],[16.36628,40.87781],[16.3577,40.88762],[16.31758,40.91539],[16.29886,40.92144],[16.29188,40.92535],[16.29412,40.93073],[16.28625,40.93508],[16.28293,40.93918],[16.27182,40.94266],[16.27271,40.94632],[16.27084,40.94575],[16.26912,40.94639],[16.26844,40.94728],[16.26867,40.95],[16.26602,40.94754],[16.26222,40.94652],[16.26111,40.94697],[16.25762,40.95073],[16.24964,40.94354],[16.20628,40.9673],[16.19931,40.96749],[16.18886,40.96942],[16.1865,40.97074],[16.17716,40.97283],[16.17423,40.98127],[16.16507,40.98324],[16.15013,40.98405],[16.14516,40.9877],[16.1416,40.99185],[16.13111,40.99853],[16.1307,41.00107],[16.12882,41.00319],[16.11993,41.00623],[16.11682,41.00374],[16.11354,41.0033],[16.11295,41.00377],[16.1084,41.00084],[16.10432,41.00243],[16.1054,40.99808],[16.10792,40.99378],[16.1075,40.99331],[16.11827,40.9911],[16.11796,40.99316],[16.11882,40.99348],[16.12062,40.99233],[16.12046,40.99042],[16.12626,40.98692],[16.12394,40.98662],[16.12164,40.98524],[16.12182,40.98617],[16.11901,40.98492],[16.1194,40.98345],[16.11876,40.98295],[16.1175,40.97561],[16.1184,40.9734],[16.11334,40.97691],[16.11127,40.98065],[16.10939,40.98218],[16.10388,40.98395],[16.09757,40.99023],[16.09838,40.99092],[16.09978,40.99071],[16.10097,40.99192],[16.10132,40.99398],[16.10067,40.99472],[16.10124,40.99537],[16.09974,40.99627],[16.10096,40.99664],[16.10122,40.99739],[16.09685,41.00079],[16.09972,41.00535],[16.10426,41.00665],[16.10495,41.0058],[16.10852,41.00888],[16.10834,41.0104],[16.10938,41.01071],[16.10931,41.01176],[16.1118,41.01304],[16.10736,41.01641],[16.08136,41.02875],[16.07265,41.06932],[16.07943,41.08024],[16.07947,41.08288],[16.07735,41.08573],[16.07675,41.09122],[16.07469,41.09268],[16.07398,41.09517],[16.07233,41.09655],[16.07085,41.09925],[16.07708,41.13687],[16.09337,41.1681],[16.0975,41.17035],[16.1214,41.16844],[16.11908,41.16609],[16.12354,41.16096],[16.12741,41.15874],[16.13771,41.16932],[16.13868,41.16856],[16.13976,41.16857],[16.14139,41.17176],[16.15036,41.17182],[16.15392,41.17092],[16.14471,41.16301],[16.143,41.1646],[16.14188,41.16335],[16.15751,41.15491],[16.16234,41.16042],[16.16605,41.15851],[16.16803,41.15864],[16.17461,41.16132],[16.17665,41.16338],[16.17976,41.1648],[16.18235,41.16702],[16.18478,41.16508],[16.18476,41.16236],[16.19774,41.15181],[16.20377,41.1497],[16.2057,41.1505],[16.20869,41.15302],[16.21311,41.15056],[16.21618,41.14673],[16.22144,41.14432],[16.23241,41.13591],[16.24128,41.13335],[16.24434,41.13162],[16.24603,41.12971],[16.25282,41.12688],[16.25883,41.12264],[16.26957,41.11811],[16.2791,41.11825],[16.28327,41.1174],[16.28117,41.11313],[16.27956,41.10272],[16.28268,41.10067],[16.28286,41.09898],[16.28511,41.10002],[16.28885,41.09906],[16.28922,41.10001],[16.29464,41.0974],[16.29553,41.09875],[16.30033,41.09647],[16.30092,41.09725],[16.30335,41.09549],[16.30536,41.09678],[16.3085,41.09535],[16.30963,41.09588],[16.31478,41.09265],[16.31283,41.08964],[16.31343,41.08893],[16.31932,41.08961],[16.3217,41.08755],[16.32674,41.08769],[16.32905,41.08384],[16.33197,41.08138],[16.35154,41.07484],[16.36206,41.07065],[16.37466,41.06455],[16.38325,41.06467],[16.3897,41.06111],[16.39018,41.06238],[16.38923,41.06531],[16.39483,41.06666],[16.39848,41.06504],[16.39736,41.0603],[16.40383,41.06364],[16.40611,41.06108],[16.41839,41.05237],[16.42092,41.05448],[16.43564,41.04603],[16.43621,41.04513],[16.43658,41.04549],[16.43755,41.04484],[16.4368,41.04434],[16.4399,41.04081],[16.44191,41.04085],[16.44242,41.04138],[16.4436,41.04097],[16.44398,41.04161],[16.45072,41.04046],[16.44965,41.03684],[16.45317,41.03698],[16.45951,41.03555],[16.46587,41.03901],[16.46721,41.03922],[16.47487,41.03626],[16.48019,41.03671],[16.48004,41.03063],[16.48135,41.02918],[16.48129,41.02765],[16.47517,41.02209],[16.48136,41.02051],[16.48123,41.01916],[16.48247,41.01685],[16.4844,41.01715],[16.48768,41.01561],[16.48904,41.01775],[16.4916,41.01586],[16.49297,41.01607],[16.4933,41.01513],[16.49182,41.01198],[16.4951,41.01109],[16.49772,41.00862],[16.49926,41.00825],[16.49751,41.00474],[16.49364,41.0057],[16.49345,41.00499],[16.5033,40.99541],[16.50459,40.99556],[16.50504,40.99144],[16.50823,40.98778],[16.50983,40.9871],[16.51267,40.9874],[16.51542,40.9863],[16.52021,40.98569],[16.52167,40.98615],[16.52248,40.98309],[16.52396,40.98203],[16.52781,40.98817],[16.5383,40.98422],[16.53968,40.98532],[16.54411,40.97976],[16.54342,40.97771],[16.54526,40.97717],[16.55057,40.97126],[16.5518,40.97086],[16.55398,40.97117],[16.55791,40.96931],[16.56046,40.96908],[16.56602,40.9664],[16.57401,40.9649],[16.57357,40.9628],[16.57502,40.96245],[16.57437,40.96028],[16.57679,40.96034],[16.57807,40.96275],[16.5797,40.96203],[16.58384,40.96194],[16.58786,40.96063],[16.5891,40.9615],[16.59159,40.95902],[16.59395,40.96033],[16.59684,40.96099],[16.59986,40.96019],[16.60077,40.9608],[16.60168,40.9603],[16.60176,40.9591],[16.60261,40.95896],[16.60378,40.96006],[16.60705,40.95722],[16.60781,40.9553],[16.60992,40.95306],[16.6094,40.9529],[16.61302,40.95102],[16.61245,40.94998],[16.61418,40.94569],[16.61356,40.94381],[16.61572,40.94305],[16.61382,40.94008],[16.61722,40.93686],[16.61828,40.93937],[16.62154,40.93735],[16.62087,40.93645],[16.62561,40.93478],[16.6242,40.93127],[16.6328,40.93117],[16.63575,40.93192],[16.63409,40.92772],[16.63505,40.92759],[16.63629,40.92585],[16.64323,40.92507],[16.6443,40.92434],[16.64644,40.92577],[16.64898,40.92399],[16.64939,40.92523],[16.65289,40.92683],[16.65381,40.92365],[16.65176,40.92268],[16.65043,40.92277],[16.65756,40.91733],[16.67818,40.91317],[16.68115,40.91416],[16.68181,40.91263],[16.69603,40.91031],[16.69572,40.90898],[16.69815,40.90863],[16.69697,40.90747],[16.69906,40.90643],[16.70339,40.90601],[16.70423,40.90769],[16.70725,40.9058],[16.7097,40.90779],[16.71161,40.90689],[16.71376,40.90932],[16.71528,40.90858],[16.71435,40.90761],[16.71613,40.90649],[16.71471,40.90488],[16.71624,40.90482],[16.71661,40.9058],[16.71851,40.90493],[16.71743,40.90296],[16.71921,40.90214],[16.71772,40.90039],[16.71561,40.90231],[16.71382,40.90242],[16.71216,40.90357],[16.70929,40.90441],[16.70824,40.90339],[16.70676,40.8986],[16.7032,40.89973],[16.69477,40.90108],[16.69292,40.90266],[16.68959,40.90117],[16.68642,40.9019],[16.6829,40.90001],[16.68107,40.9001],[16.68095,40.89901],[16.68316,40.8988],[16.68362,40.89627],[16.68923,40.8971],[16.68961,40.89634],[16.69246,40.89666],[16.69515,40.89605],[16.6951,40.895],[16.69575,40.89535],[16.69665,40.89489],[16.69803,40.89527],[16.69857,40.89719],[16.69938,40.89761],[16.69933,40.89901],[16.703,40.89936],[16.70225,40.89714],[16.70361,40.89442],[16.70636,40.89454],[16.71077,40.89186],[16.712,40.89061],[16.71192,40.88707],[16.71478,40.88799],[16.71742,40.89287],[16.71927,40.89221],[16.7208,40.8945],[16.72047,40.89508],[16.72667,40.89459],[16.72656,40.89647],[16.7369,40.89576],[16.74499,40.8944],[16.74508,40.89283],[16.7433,40.89174],[16.74356,40.89003],[16.74426,40.89098],[16.74882,40.89012],[16.75162,40.88898],[16.75152,40.88766],[16.75249,40.88751],[16.75238,40.8869],[16.75459,40.88699],[16.75559,40.88539],[16.75248,40.88587],[16.75189,40.88198],[16.75494,40.88128],[16.75904,40.87859],[16.7515,40.87658],[16.74853,40.87516],[16.74052,40.86964],[16.74133,40.86735],[16.74025,40.86626],[16.74068,40.86581],[16.74233,40.86544],[16.74288,40.86474],[16.74548,40.86607],[16.7477,40.86535],[16.74845,40.86362],[16.75103,40.86372],[16.74813,40.86128],[16.74645,40.8584],[16.74741,40.85738],[16.7486,40.8577],[16.74992,40.85553],[16.75165,40.85617],[16.75209,40.85745],[16.75278,40.85692],[16.75332,40.85937],[16.75219,40.86011],[16.75309,40.86285],[16.75263,40.86417],[16.75654,40.86719],[16.75505,40.86694],[16.75191,40.86984],[16.75249,40.87293],[16.76008,40.87193],[16.75762,40.868],[16.75947,40.86538],[16.75909,40.86083],[16.75352,40.853],[16.75078,40.84624],[16.74863,40.84331]]]}},{"type":"Feature","properties":{"nome":"Bosco Difesa Grande","tipo":"ZSC","codice":"IT9120008","ettari":5268,"settori":["BA_03"]},"geometry":{"type":"Polygon","coordinates":[[[16.46834,40.72778],[16.46385,40.72428],[16.45923,40.72304],[16.45688,40.7238],[16.45362,40.72103],[16.44756,40.72066],[16.44194,40.72283],[16.44326,40.71796],[16.44224,40.71776],[16.44267,40.71629],[16.43933,40.71955],[16.43612,40.71928],[16.43285,40.72048],[16.42465,40.72005],[16.42398,40.7186],[16.42685,40.71684],[16.42801,40.7131],[16.42807,40.70659],[16.42587,40.70343],[16.42836,40.7018],[16.42685,40.70095],[16.42478,40.70086],[16.4193,40.70216],[16.4136,40.70177],[16.40787,40.70305],[16.40573,40.70372],[16.40001,40.70721],[16.39645,40.71294],[16.39484,40.71223],[16.39478,40.71292],[16.39594,40.71363],[16.39598,40.71579],[16.39417,40.71789],[16.39271,40.71813],[16.39128,40.72257],[16.3902,40.72349],[16.38942,40.72329],[16.38946,40.72685],[16.38796,40.7277],[16.38537,40.73287],[16.38382,40.73251],[16.38423,40.73344],[16.37746,40.73754],[16.37614,40.73715],[16.37641,40.73793],[16.36876,40.7418],[16.37115,40.74194],[16.36884,40.74513],[16.36292,40.74677],[16.36082,40.74658],[16.35747,40.74836],[16.35915,40.74945],[16.35941,40.75116],[16.36108,40.7498],[16.36005,40.749],[16.36003,40.74783],[16.36142,40.74719],[16.36541,40.74709],[16.36621,40.74785],[16.3671,40.7465],[16.36846,40.74596],[16.37039,40.7474],[16.36661,40.7507],[16.35945,40.75416],[16.35888,40.75509],[16.36061,40.7579],[16.36022,40.76106],[16.36181,40.76347],[16.3615,40.76437],[16.36238,40.76373],[16.36339,40.76412],[16.36408,40.76508],[16.37151,40.76938],[16.37256,40.76828],[16.37556,40.76979],[16.37242,40.77589],[16.36886,40.78044],[16.36244,40.78541],[16.36404,40.7859],[16.36365,40.7867],[16.36608,40.78774],[16.36736,40.78941],[16.36815,40.78906],[16.36905,40.79022],[16.36967,40.78983],[16.37137,40.79062],[16.37015,40.79146],[16.3724,40.79081],[16.36925,40.79232],[16.36958,40.79272],[16.37162,40.79153],[16.37434,40.79296],[16.37567,40.79169],[16.37668,40.79198],[16.37781,40.78935],[16.37929,40.7881],[16.38096,40.78895],[16.38052,40.78927],[16.382,40.78966],[16.38122,40.79043],[16.38247,40.79084],[16.38407,40.7884],[16.38935,40.78492],[16.39305,40.78566],[16.39348,40.7853],[16.40361,40.78652],[16.40537,40.786],[16.40913,40.78671],[16.41346,40.7855],[16.41448,40.78585],[16.41568,40.78488],[16.41783,40.78466],[16.41968,40.78324],[16.41814,40.79086],[16.41919,40.79135],[16.41998,40.78764],[16.4244,40.7819],[16.43082,40.77916],[16.4312,40.77807],[16.43295,40.77747],[16.43439,40.77607],[16.43378,40.77472],[16.43481,40.77309],[16.43612,40.77269],[16.4359,40.77175],[16.43765,40.76982],[16.43721,40.76834],[16.43811,40.76602],[16.44092,40.76295],[16.44307,40.7591],[16.44688,40.75707],[16.44946,40.75485],[16.4498,40.75379],[16.45107,40.75283],[16.45233,40.75285],[16.45364,40.75107],[16.45726,40.74901],[16.46076,40.74246],[16.46239,40.73487],[16.4639,40.73413],[16.46478,40.73111],[16.46737,40.7294],[16.46834,40.72778]]]}},{"type":"Feature","properties":{"nome":"Pozzo Cucù","tipo":"ZSC","codice":"IT9120010","ettari":59,"settori":["BA_01"]},"geometry":{"type":"Polygon","coordinates":[[[17.17658,40.89984],[17.17635,40.89845],[17.17442,40.89821],[17.17398,40.89901],[17.16878,40.90172],[17.16647,40.90136],[17.1623,40.90577],[17.16069,40.90515],[17.15874,40.90539],[17.16368,40.90965],[17.16577,40.90867],[17.1658,40.90713],[17.17066,40.90478],[17.17035,40.90381],[17.17114,40.90323],[17.17646,40.90116],[17.17587,40.90049],[17.17658,40.89984]]]}},{"type":"Feature","properties":{"nome":"Valle Ofanto - Lago di Capaciotti","tipo":"ZSC","codice":"IT9120011","ettari":7572,"settori":["BAT","FG_04"]},"geometry":{"type":"Polygon","coordinates":[[[16.20947,41.33662],[16.20922,41.33496],[16.20728,41.33314],[16.2073,41.33205],[16.20633,41.33268],[16.20327,41.33129],[16.19787,41.33123],[16.19536,41.32989],[16.19419,41.32806],[16.19095,41.32555],[16.18173,41.32576],[16.17917,41.32874],[16.17774,41.32889],[16.17561,41.32793],[16.17486,41.32665],[16.17475,41.32321],[16.17305,41.3225],[16.17002,41.32288],[16.16869,41.32148],[16.16993,41.32007],[16.17521,41.32035],[16.17728,41.31883],[16.17827,41.31568],[16.17665,41.31518],[16.17525,41.31097],[16.16457,41.30818],[16.16203,41.31189],[16.16095,41.31183],[16.15123,41.3083],[16.14667,41.30579],[16.14172,41.30565],[16.13938,41.30312],[16.13854,41.30031],[16.13444,41.29851],[16.13394,41.29772],[16.13468,41.29326],[16.13698,41.29034],[16.12669,41.28584],[16.12342,41.28795],[16.12285,41.29131],[16.12083,41.29139],[16.11997,41.29124],[16.11993,41.28976],[16.11853,41.28755],[16.11646,41.28627],[16.11395,41.28527],[16.10892,41.28638],[16.10645,41.28377],[16.10259,41.28242],[16.10081,41.28294],[16.09831,41.28694],[16.09794,41.28416],[16.09553,41.2832],[16.09347,41.28355],[16.09269,41.28155],[16.08968,41.28076],[16.08614,41.28046],[16.08288,41.28306],[16.08055,41.28318],[16.0808,41.28134],[16.08452,41.27427],[16.076,41.2712],[16.06943,41.27389],[16.06475,41.27098],[16.06583,41.27027],[16.06357,41.26809],[16.0614,41.26917],[16.06026,41.26807],[16.05916,41.26802],[16.05747,41.26424],[16.06063,41.26257],[16.06002,41.26201],[16.06353,41.25846],[16.06337,41.25394],[16.05885,41.25019],[16.05547,41.24608],[16.05389,41.24721],[16.05111,41.24558],[16.04432,41.24429],[16.03807,41.23893],[16.02645,41.23564],[16.02359,41.23389],[16.02196,41.23065],[16.0234,41.22933],[16.02341,41.22783],[16.02083,41.22438],[16.02289,41.22337],[16.02518,41.22106],[16.02117,41.21761],[16.02087,41.2127],[16.01812,41.21078],[16.01986,41.20993],[16.01225,41.20489],[16.00553,41.20767],[15.99841,41.20454],[15.99727,41.20224],[15.99785,41.1985],[15.99647,41.1974],[15.99352,41.19652],[15.99658,41.19404],[15.99359,41.19187],[15.99564,41.18995],[15.9842,41.18425],[15.97864,41.18318],[15.97787,41.18459],[15.97857,41.18853],[15.97586,41.18875],[15.97551,41.18831],[15.97118,41.18795],[15.96631,41.18951],[15.96411,41.18949],[15.96183,41.18669],[15.95513,41.18564],[15.95249,41.18447],[15.95226,41.18232],[15.9489,41.18127],[15.95136,41.17783],[15.9476,41.17649],[15.94481,41.17351],[15.94473,41.17804],[15.93357,41.1775],[15.93346,41.17676],[15.93145,41.17707],[15.93104,41.17596],[15.92971,41.17552],[15.9252,41.17638],[15.91087,41.16684],[15.91312,41.16248],[15.91179,41.16212],[15.91258,41.15912],[15.91018,41.15615],[15.90771,41.15478],[15.90725,41.15362],[15.90777,41.15147],[15.89811,41.14652],[15.8952,41.15],[15.89486,41.14947],[15.89004,41.15039],[15.89026,41.14991],[15.88762,41.14792],[15.89248,41.14399],[15.88753,41.1408],[15.88207,41.13863],[15.87976,41.13844],[15.87866,41.14044],[15.87817,41.13874],[15.87184,41.14182],[15.8721,41.13882],[15.87031,41.1399],[15.86962,41.13675],[15.86655,41.13229],[15.86423,41.13078],[15.86045,41.13168],[15.85765,41.13113],[15.85371,41.13352],[15.84997,41.1341],[15.84765,41.13268],[15.8462,41.12496],[15.84263,41.12375],[15.84023,41.12388],[15.83917,41.1245],[15.83957,41.12963],[15.83789,41.13036],[15.83366,41.13003],[15.83171,41.12902],[15.82994,41.12705],[15.83016,41.11985],[15.82953,41.11815],[15.82577,41.11738],[15.82511,41.1179],[15.82493,41.12012],[15.82245,41.12038],[15.81987,41.11794],[15.81594,41.11812],[15.81253,41.11683],[15.80548,41.11089],[15.79986,41.1118],[15.79885,41.11132],[15.79858,41.10936],[15.79982,41.10822],[15.80016,41.10468],[15.80297,41.1041],[15.80358,41.10305],[15.80146,41.10041],[15.802,41.09639],[15.79921,41.09494],[15.79906,41.09252],[15.79781,41.09093],[15.7939,41.08969],[15.79065,41.08782],[15.7885,41.08789],[15.7888,41.0897],[15.78822,41.0906],[15.78676,41.09069],[15.78445,41.08968],[15.78213,41.08977],[15.78077,41.08925],[15.7796,41.0875],[15.77813,41.0867],[15.77463,41.0867],[15.7714,41.08438],[15.76834,41.08319],[15.76446,41.08705],[15.75932,41.08711],[15.75908,41.08803],[15.76018,41.08994],[15.75897,41.09233],[15.75768,41.09246],[15.75551,41.09155],[15.75365,41.09225],[15.7527,41.09735],[15.74393,41.09919],[15.73789,41.09957],[15.73042,41.09891],[15.72984,41.09671],[15.72593,41.09542],[15.72615,41.09332],[15.72708,41.09242],[15.72595,41.0909],[15.72278,41.09091],[15.71791,41.08943],[15.7153,41.09044],[15.70981,41.08988],[15.70881,41.08928],[15.70897,41.08772],[15.70816,41.08667],[15.70298,41.08792],[15.70071,41.08928],[15.69592,41.08804],[15.69215,41.08622],[15.68852,41.0885],[15.6871,41.08843],[15.68465,41.08684],[15.68201,41.08615],[15.67951,41.08677],[15.67531,41.08981],[15.6742,41.08977],[15.66985,41.08601],[15.66561,41.08892],[15.66647,41.09191],[15.66578,41.09252],[15.66248,41.09167],[15.65922,41.09277],[15.65301,41.09297],[15.65083,41.09415],[15.64395,41.09271],[15.63707,41.09259],[15.63546,41.09346],[15.63328,41.09601],[15.62608,41.09654],[15.62207,41.09858],[15.61784,41.09943],[15.61594,41.09942],[15.60706,41.09639],[15.60327,41.09688],[15.59983,41.09841],[15.5977,41.09822],[15.59585,41.09673],[15.59363,41.09617],[15.59099,41.09756],[15.58602,41.09824],[15.58255,41.09691],[15.57852,41.0969],[15.57612,41.09502],[15.57374,41.09446],[15.56536,41.08923],[15.56362,41.08949],[15.55961,41.0887],[15.55865,41.08769],[15.55853,41.0856],[15.55635,41.08428],[15.55572,41.08319],[15.55522,41.08018],[15.55027,41.07496],[15.54893,41.07387],[15.54482,41.07394],[15.54127,41.0729],[15.54006,41.07146],[15.53993,41.06969],[15.54146,41.06756],[15.54415,41.06694],[15.54377,41.06495],[15.541,41.06373],[15.54033,41.06277],[15.54379,41.06018],[15.54291,41.05583],[15.54076,41.05649],[15.54138,41.05798],[15.54029,41.05849],[15.53577,41.05883],[15.53088,41.06142],[15.53244,41.06343],[15.52964,41.06482],[15.52698,41.06535],[15.52636,41.06642],[15.52799,41.06788],[15.51474,41.07361],[15.5137,41.07274],[15.51062,41.07398],[15.51326,41.07736],[15.51255,41.08029],[15.51213,41.07958],[15.51098,41.07963],[15.50989,41.08081],[15.50843,41.08118],[15.5085,41.0828],[15.51191,41.08448],[15.51323,41.08616],[15.51183,41.08791],[15.51012,41.08847],[15.51086,41.09068],[15.50929,41.09076],[15.50952,41.09286],[15.51141,41.09427],[15.51116,41.09518],[15.51428,41.09429],[15.51806,41.09476],[15.52037,41.09589],[15.5207,41.09759],[15.52206,41.09774],[15.52237,41.09845],[15.52404,41.09679],[15.53008,41.09609],[15.5337,41.09675],[15.5358,41.09185],[15.53988,41.08573],[15.54478,41.08869],[15.54631,41.08822],[15.54581,41.08928],[15.54405,41.08992],[15.5454,41.09107],[15.55122,41.08701],[15.55178,41.08747],[15.54955,41.08942],[15.5508,41.09037],[15.55712,41.09146],[15.55591,41.09598],[15.56148,41.0974],[15.55994,41.1006],[15.56195,41.10094],[15.56548,41.10378],[15.57273,41.0957],[15.57441,41.09655],[15.58028,41.10973],[15.58254,41.11016],[15.58815,41.11301],[15.59415,41.10524],[15.5966,41.10701],[15.59783,41.10909],[15.59913,41.10814],[15.61137,41.10397],[15.61299,41.10811],[15.62714,41.11171],[15.638,41.10405],[15.66218,41.10214],[15.67938,41.10175],[15.68448,41.10025],[15.68727,41.10014],[15.68939,41.10089],[15.69625,41.10095],[15.7213,41.10015],[15.73093,41.10186],[15.74395,41.10228],[15.75542,41.10387],[15.75579,41.10262],[15.76114,41.10105],[15.7643,41.09734],[15.76599,41.09688],[15.76651,41.09454],[15.78201,41.09459],[15.78866,41.09828],[15.78987,41.0986],[15.7908,41.09741],[15.79519,41.09998],[15.78974,41.10521],[15.79535,41.10875],[15.79758,41.11456],[15.80337,41.11756],[15.80523,41.12242],[15.81073,41.12497],[15.81496,41.12523],[15.83456,41.13436],[15.8371,41.13112],[15.85444,41.13872],[15.85749,41.13468],[15.85994,41.13583],[15.86498,41.13662],[15.86627,41.13717],[15.86586,41.14093],[15.87015,41.14707],[15.87014,41.14661],[15.87211,41.14682],[15.87211,41.14731],[15.87657,41.14977],[15.87991,41.15303],[15.87839,41.15495],[15.88952,41.15799],[15.8873,41.16098],[15.8849,41.16177],[15.87064,41.16095],[15.86049,41.15895],[15.85837,41.16035],[15.85521,41.15914],[15.85406,41.15737],[15.84173,41.15473],[15.84142,41.15541],[15.82759,41.15625],[15.82422,41.15727],[15.82187,41.15553],[15.81957,41.15546],[15.81836,41.15443],[15.81663,41.15528],[15.81542,41.15521],[15.81553,41.15186],[15.80501,41.14741],[15.80355,41.14871],[15.80099,41.14851],[15.80114,41.14987],[15.79974,41.15027],[15.79979,41.1529],[15.79527,41.15412],[15.79089,41.15441],[15.79322,41.15511],[15.79312,41.15571],[15.8006,41.15616],[15.80518,41.15722],[15.80617,41.15813],[15.80589,41.15916],[15.80089,41.16063],[15.79956,41.15989],[15.79874,41.16133],[15.797,41.16176],[15.79581,41.16123],[15.7954,41.16223],[15.79413,41.16267],[15.79157,41.16238],[15.79198,41.16311],[15.79122,41.16367],[15.78766,41.164],[15.78496,41.16296],[15.78305,41.16317],[15.78216,41.1622],[15.77946,41.16158],[15.77335,41.16562],[15.77122,41.16443],[15.76651,41.16516],[15.76449,41.15894],[15.76554,41.15568],[15.76103,41.1537],[15.75719,41.15765],[15.75243,41.15739],[15.74764,41.15869],[15.74922,41.16116],[15.75321,41.16051],[15.75568,41.16543],[15.7575,41.16536],[15.75853,41.16772],[15.76293,41.16659],[15.76405,41.16736],[15.76744,41.17057],[15.76732,41.17136],[15.76582,41.17239],[15.76844,41.17144],[15.77085,41.17225],[15.77452,41.17244],[15.77545,41.17311],[15.77724,41.17176],[15.77877,41.17125],[15.77983,41.17165],[15.78069,41.1711],[15.78135,41.17279],[15.78266,41.17258],[15.78334,41.17375],[15.78399,41.17293],[15.78576,41.173],[15.78547,41.16992],[15.78642,41.17031],[15.78765,41.16907],[15.79059,41.16799],[15.80211,41.16518],[15.8026,41.16575],[15.80014,41.1678],[15.80372,41.167],[15.80491,41.16909],[15.80627,41.16796],[15.80566,41.16561],[15.80871,41.16475],[15.81156,41.16719],[15.81187,41.16936],[15.81675,41.16699],[15.82502,41.16441],[15.82698,41.16286],[15.82814,41.16267],[15.82974,41.1615],[15.82969,41.15845],[15.8313,41.15712],[15.84068,41.15703],[15.84202,41.15566],[15.84948,41.15803],[15.85278,41.15814],[15.85837,41.16079],[15.8627,41.16172],[15.87685,41.16247],[15.87968,41.16366],[15.88262,41.16324],[15.88527,41.16196],[15.88887,41.16316],[15.8915,41.16425],[15.88657,41.17166],[15.88888,41.17153],[15.89035,41.17027],[15.89244,41.17171],[15.89097,41.17246],[15.89136,41.17409],[15.8939,41.17713],[15.90813,41.17463],[15.9185,41.18025],[15.92387,41.18806],[15.93179,41.18785],[15.93341,41.18869],[15.93289,41.18545],[15.93391,41.18633],[15.93791,41.18717],[15.94266,41.1847],[15.94416,41.18456],[15.94753,41.18679],[15.96084,41.18793],[15.9624,41.19014],[15.96564,41.19193],[15.96472,41.1927],[15.96551,41.19323],[15.96636,41.19261],[15.96718,41.19305],[15.96767,41.19271],[15.97059,41.19401],[15.97155,41.19305],[15.97344,41.19409],[15.97499,41.19271],[15.97705,41.19397],[15.97513,41.19581],[15.97713,41.19796],[15.9802,41.19797],[15.98441,41.20016],[15.98674,41.20062],[15.9926,41.2054],[15.99287,41.2071],[15.9953,41.20771],[15.99468,41.21051],[15.99874,41.21096],[16.00626,41.21056],[16.00638,41.21298],[16.00403,41.21419],[16.00403,41.2152],[16.00615,41.21432],[16.00971,41.21455],[16.01098,41.21402],[16.01207,41.21547],[16.01559,41.2161],[16.01452,41.21869],[16.02016,41.22129],[16.02044,41.22209],[16.02002,41.22329],[16.01756,41.22484],[16.01939,41.22955],[16.01725,41.2302],[16.01917,41.23102],[16.02131,41.23714],[16.0257,41.24208],[16.02882,41.24051],[16.03029,41.24244],[16.03278,41.24063],[16.03531,41.24006],[16.03521,41.24069],[16.04218,41.24729],[16.04543,41.24826],[16.04715,41.24799],[16.05227,41.25167],[16.05316,41.25402],[16.05448,41.25496],[16.05407,41.26105],[16.05083,41.26483],[16.0519,41.26552],[16.05004,41.26724],[16.05415,41.26909],[16.04957,41.27208],[16.05193,41.27369],[16.06009,41.27578],[16.06189,41.27673],[16.06308,41.2738],[16.06621,41.27521],[16.06668,41.2749],[16.06923,41.27686],[16.06837,41.27699],[16.07135,41.27726],[16.07274,41.27687],[16.07359,41.2756],[16.07604,41.27524],[16.07808,41.27572],[16.08063,41.27818],[16.07942,41.27955],[16.07742,41.28048],[16.07852,41.28382],[16.08133,41.28502],[16.08527,41.28361],[16.08695,41.28219],[16.09039,41.28235],[16.09083,41.28468],[16.09516,41.28547],[16.09614,41.28809],[16.09747,41.28878],[16.09897,41.28869],[16.09995,41.28794],[16.10223,41.28443],[16.10465,41.28464],[16.10562,41.28654],[16.10809,41.28852],[16.11149,41.28807],[16.11509,41.2893],[16.11702,41.29085],[16.11868,41.29343],[16.11944,41.2935],[16.12305,41.29856],[16.13024,41.29263],[16.12723,41.29063],[16.12861,41.28905],[16.13187,41.28996],[16.13254,41.2937],[16.13163,41.29783],[16.13183,41.30259],[16.1344,41.30284],[16.1343,41.30373],[16.13753,41.30586],[16.14682,41.31044],[16.15387,41.31236],[16.16551,41.31693],[16.16692,41.31824],[16.16723,41.31962],[16.16545,41.3223],[16.16592,41.32393],[16.17588,41.33044],[16.17935,41.33106],[16.18979,41.32785],[16.1919,41.32862],[16.1958,41.3328],[16.20076,41.33267],[16.20071,41.33357],[16.20201,41.33267],[16.2058,41.33422],[16.20684,41.33556],[16.2064,41.33733],[16.20165,41.34284],[16.20223,41.34857],[16.18442,41.35695],[16.18707,41.35939],[16.18959,41.3602],[16.19028,41.35983],[16.19309,41.36182],[16.20007,41.36001],[16.20522,41.35938],[16.20579,41.36003],[16.20814,41.35417],[16.20482,41.34384],[16.20534,41.34229],[16.2081,41.34],[16.20947,41.33662]]]}},{"type":"Feature","properties":{"nome":"Torre Colimena","tipo":"ZSC","codice":"IT9130001","ettari":2678,"settori":["LE_01","TA_03"]},"geometry":{"type":"MultiPolygon","coordinates":[[[[17.74603,40.30519],[17.74455,40.30372],[17.74363,40.30379],[17.7433,40.30069],[17.74188,40.30078],[17.74108,40.29865],[17.7395,40.29875],[17.73887,40.29711],[17.73967,40.29669],[17.73866,40.29663],[17.73739,40.29775],[17.73657,40.29753],[17.73513,40.29924],[17.73167,40.30012],[17.72175,40.30084],[17.71903,40.30057],[17.71421,40.30139],[17.71367,40.30102],[17.69896,40.30353],[17.67939,40.30461],[17.67026,40.30454],[17.66985,40.30698],[17.67231,40.30696],[17.67296,40.30516],[17.68048,40.30509],[17.68139,40.306],[17.68132,40.30807],[17.68236,40.308],[17.68313,40.30969],[17.6832,40.30806],[17.68589,40.30626],[17.68514,40.30455],[17.70108,40.30387],[17.7101,40.30249],[17.7102,40.30299],[17.71256,40.30258],[17.71245,40.30213],[17.7191,40.30125],[17.72393,40.30153],[17.72835,40.30415],[17.73054,40.3047],[17.74259,40.30387],[17.74303,40.30647],[17.74482,40.3063],[17.74493,40.30814],[17.74529,40.30525],[17.74603,40.30519]]],[[[17.75328,40.32224],[17.7487,40.3207],[17.74605,40.32302],[17.74451,40.32147],[17.74284,40.32102],[17.73007,40.32086],[17.7304,40.31892],[17.72765,40.31911],[17.72368,40.32064],[17.72334,40.31884],[17.7221,40.32001],[17.72193,40.32156],[17.72049,40.32151],[17.72036,40.32349],[17.7174,40.32324],[17.71711,40.32385],[17.71609,40.32378],[17.71572,40.32282],[17.71494,40.32304],[17.71555,40.32484],[17.72049,40.32381],[17.7205,40.32473],[17.72514,40.32483],[17.72556,40.32604],[17.72467,40.32644],[17.72026,40.32641],[17.72157,40.33107],[17.7244,40.33127],[17.72534,40.3334],[17.72423,40.33354],[17.72446,40.33411],[17.72674,40.33389],[17.72832,40.33253],[17.73101,40.33258],[17.73611,40.33084],[17.73598,40.33003],[17.73715,40.32931],[17.73323,40.33155],[17.73069,40.33056],[17.72483,40.3307],[17.72412,40.3287],[17.72723,40.32801],[17.72698,40.32689],[17.73235,40.32565],[17.7327,40.32713],[17.73472,40.32667],[17.73476,40.32507],[17.73577,40.32507],[17.7359,40.32392],[17.74213,40.32359],[17.74236,40.32584],[17.74419,40.32584],[17.74294,40.32781],[17.74608,40.33345],[17.74699,40.3337],[17.75207,40.32786],[17.75081,40.32734],[17.74981,40.32546],[17.75328,40.32224]]],[[[17.81482,40.29256],[17.81408,40.29096],[17.81289,40.29102],[17.81366,40.28941],[17.80644,40.28996],[17.80556,40.2891],[17.80519,40.2919],[17.80207,40.29235],[17.80277,40.29384],[17.80092,40.294],[17.80142,40.29206],[17.80049,40.29043],[17.80146,40.29073],[17.80186,40.28959],[17.80043,40.2901],[17.79865,40.28953],[17.79826,40.29014],[17.79738,40.28932],[17.79575,40.28981],[17.79483,40.2895],[17.7945,40.28996],[17.79613,40.29274],[17.79677,40.29253],[17.79719,40.2935],[17.79317,40.29469],[17.79183,40.29625],[17.79098,40.29501],[17.7881,40.29534],[17.7872,40.29667],[17.78873,40.29697],[17.77174,40.30026],[17.76687,40.29601],[17.76419,40.29553],[17.76419,40.29444],[17.76553,40.2944],[17.76452,40.29224],[17.76626,40.29258],[17.76754,40.29515],[17.7728,40.2954],[17.77288,40.29588],[17.78626,40.29483],[17.78618,40.2943],[17.78758,40.29401],[17.79278,40.29354],[17.79309,40.29208],[17.79082,40.29302],[17.7885,40.2933],[17.78696,40.29267],[17.78534,40.2935],[17.77123,40.29488],[17.76716,40.29415],[17.76644,40.29157],[17.76365,40.29151],[17.76265,40.29175],[17.7624,40.29329],[17.76401,40.29397],[17.76391,40.29496],[17.76308,40.29516],[17.76361,40.29566],[17.76082,40.29746],[17.75981,40.29682],[17.75917,40.29763],[17.75705,40.29753],[17.75605,40.29482],[17.75522,40.29444],[17.7545,40.29536],[17.75317,40.29552],[17.74933,40.29563],[17.748,40.29499],[17.7492,40.2973],[17.74844,40.29808],[17.74652,40.29795],[17.74487,40.30364],[17.7552,40.30237],[17.75563,40.30397],[17.76108,40.30326],[17.76115,40.30515],[17.76039,40.3053],[17.76122,40.30616],[17.75827,40.30776],[17.75997,40.30885],[17.76044,40.31101],[17.75793,40.31313],[17.75764,40.31637],[17.76451,40.31383],[17.76775,40.31155],[17.77373,40.31197],[17.78141,40.311],[17.77671,40.30963],[17.77971,40.30714],[17.78323,40.30613],[17.78459,40.30629],[17.78398,40.30478],[17.78555,40.30286],[17.78725,40.30318],[17.78752,40.30235],[17.79126,40.30128],[17.79214,40.30028],[17.79383,40.30052],[17.79642,40.29901],[17.79663,40.29961],[17.79888,40.30049],[17.79947,40.29959],[17.8004,40.29959],[17.80232,40.30324],[17.80489,40.30247],[17.80472,40.3021],[17.80721,40.30144],[17.80562,40.29808],[17.80898,40.29704],[17.80864,40.29635],[17.80482,40.29763],[17.80326,40.29462],[17.81482,40.29256]]],[[[17.66748,40.29773],[17.67387,40.29758],[17.69217,40.29507],[17.70796,40.29557],[17.72912,40.2917],[17.74198,40.2901],[17.74097,40.26165],[17.72627,40.2633],[17.71698,40.26537],[17.69144,40.2737],[17.67564,40.28004],[17.6674,40.28143],[17.66748,40.29773]]]]}},{"type":"Feature","properties":{"nome":"Masseria Torre Bianca","tipo":"ZSC","codice":"IT9130002","ettari":583,"settori":["TA_03"]},"geometry":{"type":"Polygon","coordinates":[[[17.3471,40.50145],[17.34633,40.50149],[17.34527,40.49901],[17.34186,40.49768],[17.33908,40.49782],[17.33838,40.49627],[17.32314,40.50098],[17.32272,40.50135],[17.32557,40.50482],[17.33077,40.50254],[17.33301,40.50961],[17.33312,40.51186],[17.33139,40.51457],[17.32753,40.51486],[17.3271,40.51602],[17.31891,40.51804],[17.30626,40.51674],[17.30643,40.51711],[17.29965,40.51911],[17.29219,40.51857],[17.29094,40.52112],[17.29278,40.52403],[17.29189,40.52483],[17.29154,40.52811],[17.29026,40.53014],[17.29075,40.53425],[17.29012,40.536],[17.2916,40.53799],[17.28997,40.53974],[17.29233,40.54],[17.29669,40.53908],[17.29744,40.53832],[17.29981,40.53813],[17.30008,40.53724],[17.30281,40.53702],[17.30335,40.53626],[17.30233,40.53405],[17.30116,40.52622],[17.30168,40.52306],[17.32871,40.52388],[17.33038,40.52081],[17.32779,40.5191],[17.33088,40.51927],[17.33093,40.51756],[17.33387,40.51785],[17.33515,40.51669],[17.33706,40.51483],[17.34047,40.50699],[17.34243,40.50636],[17.34542,40.50398],[17.3471,40.50145]]]}},{"type":"Feature","properties":{"nome":"Duna di Campomarino","tipo":"ZSC","codice":"IT9130003","ettari":1846,"settori":["TA_03"]},"geometry":{"type":"MultiPolygon","coordinates":[[[[17.65336,40.30376],[17.64932,40.30302],[17.64849,40.30299],[17.6489,40.304],[17.65169,40.30471],[17.65281,40.30463],[17.65336,40.30376]]],[[[17.64555,40.30273],[17.64215,40.30314],[17.63977,40.30276],[17.63941,40.30221],[17.63711,40.30315],[17.63254,40.30304],[17.63098,40.30222],[17.60241,40.30011],[17.58962,40.29839],[17.58371,40.29841],[17.58072,40.29932],[17.57311,40.2991],[17.57004,40.29849],[17.56955,40.2998],[17.57211,40.2995],[17.57475,40.30013],[17.57846,40.3001],[17.57904,40.30172],[17.5803,40.30148],[17.58052,40.30196],[17.58129,40.30129],[17.59102,40.30111],[17.59143,40.30008],[17.59911,40.30099],[17.59954,40.30158],[17.60167,40.30105],[17.60394,40.30163],[17.60451,40.30084],[17.62565,40.3025],[17.6322,40.30384],[17.63141,40.30563],[17.63183,40.30602],[17.62997,40.30776],[17.63072,40.30811],[17.63334,40.30779],[17.63496,40.30447],[17.63885,40.30344],[17.64548,40.3036],[17.64555,40.30273]]],[[[17.55284,40.29714],[17.54086,40.29678],[17.52997,40.29474],[17.52668,40.2951],[17.51045,40.29452],[17.50777,40.29493],[17.5069,40.29575],[17.5138,40.29509],[17.53144,40.29578],[17.53829,40.29746],[17.53821,40.29851],[17.54107,40.29874],[17.541,40.29793],[17.542,40.29815],[17.54583,40.30002],[17.55282,40.29946],[17.55284,40.29714]]],[[[17.66748,40.29773],[17.6674,40.28143],[17.65251,40.28023],[17.62477,40.28075],[17.61565,40.27987],[17.59585,40.28217],[17.58971,40.28133],[17.58795,40.27974],[17.57842,40.2756],[17.57413,40.27505],[17.56651,40.2725],[17.56245,40.27031],[17.5556,40.26937],[17.55053,40.27046],[17.54807,40.27312],[17.54822,40.27714],[17.5444,40.27733],[17.5422,40.27934],[17.542,40.28162],[17.54549,40.28383],[17.54917,40.28734],[17.56216,40.29207],[17.57988,40.29103],[17.61956,40.2922],[17.63971,40.29608],[17.64899,40.29717],[17.66748,40.29773]]]]}},{"type":"Feature","properties":{"nome":"Mar Piccolo","tipo":"ZSC","codice":"IT9130004","ettari":1374,"settori":["TA_03"]},"geometry":{"type":"MultiPolygon","coordinates":[[[[17.33612,40.48421],[17.33412,40.48194],[17.32985,40.48189],[17.32404,40.47278],[17.32002,40.4714],[17.31965,40.46842],[17.31682,40.46859],[17.31352,40.46777],[17.31374,40.46714],[17.31259,40.46753],[17.31129,40.46728],[17.3115,40.46669],[17.30466,40.46611],[17.30445,40.46679],[17.306,40.46756],[17.31054,40.46793],[17.3075,40.47127],[17.30826,40.47174],[17.30756,40.47186],[17.30955,40.47222],[17.3108,40.47423],[17.31027,40.47487],[17.31078,40.47427],[17.31148,40.47472],[17.3112,40.47544],[17.3117,40.47508],[17.31325,40.47596],[17.31596,40.47433],[17.31658,40.47568],[17.32182,40.47823],[17.32144,40.4837],[17.32267,40.48532],[17.32507,40.48633],[17.32679,40.49007],[17.32545,40.49368],[17.32318,40.49428],[17.32406,40.49444],[17.32411,40.49519],[17.3217,40.49734],[17.31638,40.49971],[17.31196,40.50051],[17.31025,40.49996],[17.31031,40.5006],[17.30962,40.50028],[17.30931,40.50084],[17.30885,40.50035],[17.30845,40.5009],[17.30228,40.50084],[17.29473,40.49967],[17.2843,40.49491],[17.2804,40.49146],[17.28147,40.49257],[17.28049,40.49301],[17.27716,40.49036],[17.27606,40.48948],[17.27544,40.4877],[17.27662,40.4837],[17.27452,40.48307],[17.26973,40.47962],[17.2688,40.48065],[17.26549,40.49137],[17.26764,40.49806],[17.26299,40.50012],[17.263,40.50109],[17.26232,40.50113],[17.2619,40.50013],[17.25518,40.50099],[17.25015,40.49977],[17.25011,40.50165],[17.25067,40.50297],[17.25279,40.5026],[17.26202,40.505],[17.2656,40.50345],[17.26784,40.5003],[17.26859,40.49798],[17.2673,40.48959],[17.26816,40.48469],[17.27036,40.48453],[17.27082,40.48303],[17.27263,40.48272],[17.27283,40.4821],[17.27475,40.48427],[17.27379,40.48553],[17.27306,40.4903],[17.27403,40.49454],[17.27535,40.49555],[17.27546,40.49449],[17.2789,40.49522],[17.27869,40.4966],[17.28095,40.49675],[17.28084,40.49759],[17.28307,40.49842],[17.28314,40.4979],[17.28586,40.49862],[17.28624,40.49775],[17.28963,40.49901],[17.28779,40.49901],[17.28625,40.50033],[17.28438,40.50013],[17.28084,40.50586],[17.28622,40.50995],[17.2962,40.50527],[17.29548,40.50475],[17.2962,40.50094],[17.30124,40.50222],[17.30079,40.5039],[17.30174,40.50394],[17.30513,40.50145],[17.31849,40.50016],[17.31816,40.49926],[17.32093,40.49797],[17.32182,40.49852],[17.32114,40.49784],[17.32484,40.49533],[17.32549,40.49426],[17.32742,40.49356],[17.32778,40.48842],[17.32607,40.4869],[17.32697,40.48592],[17.32926,40.48555],[17.33095,40.48448],[17.33203,40.48479],[17.33349,40.48411],[17.33612,40.48421]]],[[[17.33603,40.44709],[17.33613,40.44237],[17.33406,40.43933],[17.33307,40.43938],[17.33213,40.43854],[17.32949,40.43466],[17.32826,40.4312],[17.32933,40.42915],[17.32293,40.42741],[17.31992,40.42537],[17.31695,40.42447],[17.30912,40.4235],[17.30693,40.42168],[17.30256,40.42121],[17.30076,40.42184],[17.299,40.42165],[17.29837,40.4223],[17.28881,40.42191],[17.28514,40.42017],[17.28529,40.41936],[17.28443,40.41858],[17.27859,40.41796],[17.27346,40.41534],[17.27301,40.41586],[17.27005,40.42132],[17.27155,40.42097],[17.27332,40.42238],[17.27866,40.42408],[17.28205,40.42614],[17.2826,40.42754],[17.2833,40.42731],[17.28806,40.43144],[17.29185,40.43327],[17.29568,40.43401],[17.29674,40.43502],[17.29742,40.43853],[17.30502,40.44219],[17.31108,40.44731],[17.31352,40.44806],[17.32029,40.4483],[17.32589,40.44568],[17.33108,40.445],[17.33464,40.44721],[17.33476,40.44782],[17.33603,40.44709]]]]}},{"type":"Feature","properties":{"nome":"Murgia di Sud - Est","tipo":"ZSC","codice":"IT9130005","ettari":47601,"settori":["BA_02","BR_01","TA_01","TA_02","TA_03"]},"geometry":{"type":"Polygon","coordinates":[[[16.91268,40.70733],[16.9227,40.71023],[16.92132,40.7177],[16.92007,40.72064],[16.92228,40.72035],[16.92321,40.71458],[16.92628,40.71418],[16.92792,40.71111],[16.92916,40.71071],[16.93031,40.71077],[16.93046,40.71231],[16.93188,40.71228],[16.93286,40.71339],[16.93865,40.71547],[16.93726,40.72215],[16.93794,40.72276],[16.93796,40.72633],[16.93294,40.73134],[16.93369,40.73423],[16.93783,40.73788],[16.93717,40.73875],[16.93945,40.74014],[16.94082,40.74071],[16.9425,40.74082],[16.94274,40.74035],[16.94785,40.74097],[16.94853,40.74146],[16.94923,40.74068],[16.95496,40.74035],[16.95491,40.73946],[16.95918,40.73855],[16.96976,40.73875],[16.96906,40.7374],[16.97255,40.73733],[16.97316,40.7413],[16.9716,40.74374],[16.97538,40.74471],[16.97706,40.74595],[16.98128,40.74625],[16.98074,40.74743],[16.978,40.74955],[16.9726,40.75207],[16.96287,40.7595],[16.96015,40.76247],[16.96171,40.76384],[16.96385,40.76462],[16.96208,40.76711],[16.96078,40.76766],[16.96027,40.769],[16.95904,40.76922],[16.95796,40.77147],[16.9564,40.77206],[16.9622,40.77392],[16.9665,40.77186],[16.96832,40.77008],[16.97373,40.7711],[16.9817,40.76665],[16.98338,40.7726],[16.98683,40.77327],[16.98831,40.7912],[16.99046,40.79132],[16.99285,40.79027],[16.99623,40.7936],[16.99452,40.79366],[16.99441,40.79473],[17.00066,40.7955],[17.00081,40.79694],[16.99964,40.79702],[16.99951,40.79768],[17.00133,40.79779],[17.00102,40.79838],[17.00163,40.79855],[17.00209,40.79667],[17.0032,40.79638],[17.00267,40.79534],[17.00478,40.79559],[17.00452,40.79348],[17.01389,40.79331],[17.01422,40.79168],[17.01631,40.79169],[17.01695,40.78838],[17.01946,40.78921],[17.01948,40.79321],[17.02245,40.79335],[17.02866,40.79477],[17.03194,40.79473],[17.03689,40.7975],[17.0529,40.79563],[17.05309,40.79387],[17.05694,40.7936],[17.05693,40.79298],[17.05845,40.79266],[17.05806,40.79353],[17.06099,40.79379],[17.06133,40.79507],[17.06463,40.79595],[17.07627,40.79534],[17.07773,40.79564],[17.07722,40.79748],[17.07982,40.79755],[17.08044,40.79626],[17.07847,40.79551],[17.07919,40.79439],[17.08078,40.79405],[17.07923,40.79079],[17.07982,40.79035],[17.07861,40.78909],[17.07918,40.7887],[17.07789,40.78737],[17.08157,40.78612],[17.08308,40.78618],[17.08576,40.78365],[17.08626,40.78411],[17.08956,40.7837],[17.08899,40.7831],[17.09077,40.78154],[17.08803,40.78125],[17.09034,40.77636],[17.08889,40.77521],[17.09266,40.77163],[17.10719,40.77294],[17.10859,40.77263],[17.11123,40.7759],[17.11251,40.77887],[17.11458,40.77851],[17.1173,40.77608],[17.1163,40.77551],[17.12122,40.7751],[17.12174,40.77401],[17.12002,40.77123],[17.12131,40.7709],[17.12266,40.76933],[17.12617,40.77028],[17.12685,40.76923],[17.12926,40.76953],[17.12894,40.77144],[17.13076,40.77239],[17.13186,40.77161],[17.1336,40.77215],[17.1349,40.76884],[17.13978,40.76795],[17.1411,40.76855],[17.14085,40.76892],[17.14507,40.77049],[17.14464,40.77088],[17.14537,40.77228],[17.14408,40.77266],[17.14356,40.77387],[17.14477,40.7753],[17.14686,40.77478],[17.152,40.7715],[17.1539,40.77105],[17.15825,40.77211],[17.158,40.77395],[17.15976,40.77489],[17.16234,40.77324],[17.16161,40.76972],[17.16444,40.76872],[17.16893,40.76852],[17.17306,40.76678],[17.17639,40.76631],[17.173,40.7608],[17.17452,40.76028],[17.17343,40.75925],[17.1735,40.7565],[17.17564,40.75347],[17.17627,40.75477],[17.18047,40.75291],[17.19081,40.7574],[17.18925,40.75843],[17.19054,40.75911],[17.18946,40.76091],[17.18973,40.76218],[17.19385,40.76291],[17.19441,40.76098],[17.19813,40.76157],[17.19859,40.76077],[17.20334,40.76065],[17.20357,40.75906],[17.20698,40.76012],[17.21448,40.76419],[17.21633,40.76307],[17.21581,40.75763],[17.21699,40.75493],[17.21543,40.75024],[17.21776,40.75015],[17.21749,40.74951],[17.22311,40.74781],[17.2244,40.74992],[17.22657,40.74946],[17.22921,40.75008],[17.23011,40.7497],[17.23004,40.74594],[17.23138,40.74616],[17.2326,40.74729],[17.23411,40.74672],[17.23534,40.74743],[17.2369,40.74536],[17.24225,40.74422],[17.24105,40.74809],[17.24169,40.74825],[17.24148,40.74901],[17.24333,40.74965],[17.24714,40.74781],[17.24778,40.7485],[17.2434,40.75305],[17.24329,40.75454],[17.24842,40.75489],[17.25022,40.7559],[17.25184,40.75299],[17.25436,40.75396],[17.25554,40.7526],[17.26039,40.75499],[17.26013,40.75544],[17.2617,40.75599],[17.26149,40.7572],[17.26331,40.75804],[17.27099,40.75915],[17.27291,40.75557],[17.27536,40.7545],[17.27843,40.75454],[17.27499,40.75175],[17.27224,40.75205],[17.26977,40.75152],[17.26668,40.74967],[17.27257,40.74239],[17.2736,40.74259],[17.2744,40.74168],[17.27748,40.74256],[17.27686,40.74041],[17.27721,40.73801],[17.27956,40.73713],[17.27888,40.73589],[17.28073,40.73569],[17.28496,40.73268],[17.28559,40.73316],[17.29107,40.73056],[17.29471,40.72836],[17.29444,40.72753],[17.29536,40.72815],[17.29878,40.7275],[17.29843,40.72546],[17.30897,40.72599],[17.31651,40.72417],[17.31551,40.72276],[17.31562,40.72016],[17.31462,40.71665],[17.31276,40.71474],[17.31374,40.71382],[17.31048,40.7136],[17.30624,40.71425],[17.30357,40.71282],[17.3028,40.71403],[17.30055,40.71305],[17.30149,40.71287],[17.30066,40.71105],[17.30574,40.70962],[17.30541,40.70827],[17.30419,40.70839],[17.30339,40.70753],[17.30265,40.70485],[17.30059,40.70536],[17.30105,40.70598],[17.29946,40.70614],[17.29948,40.70412],[17.30711,40.70305],[17.30742,40.70181],[17.30635,40.70146],[17.30696,40.69992],[17.30845,40.69962],[17.30768,40.69846],[17.31062,40.69901],[17.31075,40.69818],[17.31166,40.6979],[17.31132,40.69551],[17.31207,40.69229],[17.31299,40.6925],[17.31268,40.69089],[17.31331,40.69003],[17.31116,40.68972],[17.31012,40.68827],[17.30854,40.68747],[17.30829,40.68643],[17.30959,40.68739],[17.31011,40.68632],[17.31445,40.68677],[17.31427,40.68628],[17.31697,40.68541],[17.31861,40.68419],[17.31922,40.6847],[17.32053,40.68455],[17.32043,40.68403],[17.32669,40.68535],[17.32657,40.68483],[17.32736,40.68468],[17.32691,40.68291],[17.3256,40.68322],[17.32506,40.68185],[17.32405,40.68197],[17.32365,40.68111],[17.32395,40.68047],[17.32492,40.68035],[17.32448,40.67891],[17.32808,40.67833],[17.32968,40.68249],[17.33405,40.68947],[17.33613,40.68978],[17.33949,40.69225],[17.3407,40.69407],[17.34253,40.69319],[17.34331,40.69543],[17.34589,40.6949],[17.34863,40.69797],[17.34792,40.6984],[17.34838,40.69934],[17.35225,40.69782],[17.35399,40.69558],[17.3586,40.69442],[17.35965,40.69358],[17.36064,40.69484],[17.3631,40.69572],[17.36203,40.69731],[17.3628,40.697],[17.36721,40.69417],[17.36506,40.69288],[17.36631,40.6918],[17.36723,40.69113],[17.36861,40.6924],[17.36732,40.69332],[17.36788,40.69377],[17.37533,40.68914],[17.37607,40.68738],[17.3782,40.68728],[17.37839,40.68768],[17.38089,40.68721],[17.38128,40.68825],[17.38977,40.6861],[17.39086,40.68709],[17.38897,40.6875],[17.39007,40.6896],[17.39242,40.69014],[17.4019,40.68923],[17.40544,40.68771],[17.40482,40.6849],[17.40529,40.68395],[17.4064,40.68451],[17.4074,40.68425],[17.40971,40.68592],[17.41513,40.68369],[17.41179,40.6904],[17.41174,40.69128],[17.41417,40.69136],[17.4152,40.69116],[17.4154,40.68992],[17.4169,40.69022],[17.41777,40.68846],[17.42025,40.68706],[17.42024,40.68567],[17.42134,40.68489],[17.42589,40.68329],[17.42658,40.68436],[17.43102,40.68587],[17.43047,40.6875],[17.42725,40.69069],[17.42805,40.69307],[17.42886,40.69396],[17.43161,40.6933],[17.43182,40.69417],[17.43247,40.69413],[17.43416,40.68635],[17.43242,40.68603],[17.43225,40.68448],[17.43264,40.68386],[17.43429,40.6836],[17.43375,40.68186],[17.43485,40.6813],[17.43389,40.67958],[17.43975,40.67738],[17.43755,40.67498],[17.43663,40.67526],[17.43372,40.67433],[17.43242,40.67445],[17.43218,40.67728],[17.42916,40.67697],[17.42531,40.67752],[17.425,40.67469],[17.42368,40.67466],[17.4243,40.67304],[17.42646,40.67175],[17.42392,40.67025],[17.42488,40.6695],[17.42437,40.66821],[17.42285,40.66743],[17.42274,40.66814],[17.42168,40.66766],[17.42143,40.66843],[17.42023,40.66714],[17.42005,40.66752],[17.41675,40.66688],[17.41858,40.66478],[17.41835,40.66251],[17.41985,40.66177],[17.42018,40.65781],[17.41744,40.65754],[17.41543,40.65576],[17.41688,40.65532],[17.41664,40.65241],[17.42287,40.65271],[17.42451,40.64827],[17.43029,40.6494],[17.43109,40.64719],[17.43297,40.64502],[17.43317,40.64061],[17.43495,40.63954],[17.43655,40.63606],[17.43598,40.63218],[17.43639,40.62834],[17.44345,40.62966],[17.44808,40.62897],[17.45314,40.62971],[17.45071,40.6256],[17.45074,40.62447],[17.44908,40.62419],[17.44648,40.62507],[17.44426,40.62413],[17.4417,40.62421],[17.44146,40.62338],[17.43611,40.62555],[17.43586,40.62395],[17.43353,40.6225],[17.43363,40.62138],[17.43165,40.62106],[17.43135,40.6171],[17.43076,40.61718],[17.43234,40.615],[17.43336,40.61051],[17.43677,40.60217],[17.43718,40.59568],[17.43668,40.59389],[17.4344,40.59245],[17.42554,40.59299],[17.42509,40.59161],[17.43096,40.58992],[17.42887,40.58673],[17.42468,40.58789],[17.42364,40.58602],[17.4193,40.58585],[17.41599,40.58337],[17.40313,40.59045],[17.40558,40.59436],[17.40702,40.59488],[17.40794,40.59667],[17.40962,40.59747],[17.40951,40.59901],[17.40438,40.59598],[17.39975,40.59458],[17.40006,40.59383],[17.39646,40.59661],[17.40343,40.60219],[17.40273,40.60477],[17.39725,40.60348],[17.39687,40.60548],[17.39042,40.60555],[17.39202,40.6087],[17.38537,40.60829],[17.38489,40.60324],[17.38096,40.60367],[17.37892,40.60762],[17.37941,40.60793],[17.37057,40.61232],[17.36605,40.61103],[17.36554,40.61149],[17.36456,40.61111],[17.36327,40.60949],[17.36301,40.61031],[17.36119,40.6101],[17.35922,40.61105],[17.35735,40.61057],[17.35953,40.60594],[17.35243,40.60453],[17.35068,40.60446],[17.34952,40.60762],[17.34867,40.60811],[17.34237,40.60806],[17.34226,40.60676],[17.34096,40.60683],[17.34033,40.60899],[17.33697,40.60933],[17.33681,40.61015],[17.3344,40.61071],[17.33385,40.6089],[17.33325,40.60906],[17.33394,40.60374],[17.32933,40.60536],[17.32714,40.60692],[17.30936,40.60841],[17.30915,40.6108],[17.30712,40.6116],[17.30422,40.60912],[17.29972,40.61154],[17.30071,40.61066],[17.2937,40.60747],[17.2937,40.61134],[17.28936,40.60983],[17.28652,40.61043],[17.28838,40.61283],[17.28509,40.61325],[17.28605,40.61558],[17.28351,40.61649],[17.27906,40.61627],[17.27924,40.61414],[17.27239,40.6168],[17.26992,40.61808],[17.27023,40.61931],[17.26916,40.61957],[17.2699,40.62236],[17.26849,40.62232],[17.2678,40.62307],[17.26732,40.62062],[17.26463,40.62045],[17.26539,40.6239],[17.26407,40.62304],[17.26081,40.62407],[17.26062,40.62322],[17.25864,40.62349],[17.25905,40.62251],[17.26049,40.62242],[17.26041,40.62024],[17.25687,40.62016],[17.25711,40.61645],[17.25347,40.6151],[17.25119,40.61601],[17.24931,40.62027],[17.23886,40.61999],[17.23348,40.62061],[17.23465,40.62436],[17.2323,40.62478],[17.2328,40.6261],[17.23206,40.62643],[17.23348,40.62945],[17.22851,40.63122],[17.22593,40.63076],[17.22173,40.6331],[17.22063,40.63272],[17.21999,40.63053],[17.21998,40.62844],[17.22082,40.6277],[17.22,40.62445],[17.2181,40.62443],[17.21544,40.62113],[17.21462,40.61816],[17.21379,40.61829],[17.21385,40.6194],[17.21253,40.61934],[17.212,40.62007],[17.21117,40.61945],[17.20891,40.62013],[17.20766,40.62065],[17.20793,40.62163],[17.20672,40.62184],[17.20593,40.62015],[17.20833,40.61962],[17.20845,40.61886],[17.205,40.6188],[17.19346,40.6206],[17.1936,40.62124],[17.19112,40.62198],[17.19198,40.62378],[17.1897,40.62479],[17.18874,40.62336],[17.18696,40.62379],[17.18556,40.62236],[17.18657,40.62155],[17.1794,40.62244],[17.18041,40.62288],[17.1808,40.62506],[17.18313,40.62559],[17.18352,40.62654],[17.18525,40.62738],[17.18556,40.62807],[17.18431,40.629],[17.18711,40.63189],[17.18852,40.63223],[17.19003,40.63353],[17.19505,40.63492],[17.19762,40.63493],[17.19593,40.63574],[17.19444,40.63539],[17.19355,40.63677],[17.18318,40.63821],[17.17697,40.6402],[17.17565,40.63931],[17.17439,40.64025],[17.17544,40.64101],[17.17541,40.64259],[17.17416,40.64385],[17.16895,40.64369],[17.16662,40.64563],[17.16597,40.64877],[17.164,40.64901],[17.1635,40.65178],[17.15849,40.65119],[17.15541,40.65218],[17.14519,40.65306],[17.1421,40.65269],[17.14165,40.65437],[17.13584,40.65623],[17.13439,40.65591],[17.13395,40.65735],[17.13715,40.66078],[17.14183,40.65758],[17.14303,40.65866],[17.14696,40.65652],[17.15494,40.66163],[17.15697,40.66528],[17.15654,40.66617],[17.15568,40.66697],[17.15217,40.66787],[17.15156,40.66734],[17.14877,40.66897],[17.1491,40.66942],[17.14679,40.67022],[17.14859,40.67093],[17.14937,40.67244],[17.15685,40.67634],[17.15756,40.67802],[17.15638,40.68141],[17.15481,40.68324],[17.15161,40.68219],[17.14525,40.68158],[17.14635,40.68348],[17.15094,40.68651],[17.14998,40.68716],[17.15036,40.68909],[17.15402,40.68841],[17.1542,40.69116],[17.15347,40.69115],[17.1493,40.69504],[17.14948,40.69636],[17.14558,40.69574],[17.14509,40.69424],[17.14231,40.69452],[17.1409,40.69361],[17.13608,40.69448],[17.13682,40.6951],[17.13597,40.69619],[17.13741,40.69716],[17.13686,40.69928],[17.13556,40.69865],[17.1369,40.7005],[17.13445,40.70079],[17.13395,40.69962],[17.1329,40.69957],[17.13348,40.70337],[17.13108,40.70444],[17.12721,40.7051],[17.12325,40.70753],[17.11994,40.70721],[17.11629,40.70794],[17.11175,40.70724],[17.10188,40.70731],[17.096,40.7089],[17.09624,40.70701],[17.09338,40.70644],[17.0941,40.70511],[17.09456,40.69637],[17.08983,40.69668],[17.08893,40.69826],[17.08551,40.6983],[17.0853,40.69789],[17.08252,40.6994],[17.07782,40.69722],[17.07692,40.69816],[17.07629,40.69497],[17.07779,40.69352],[17.07432,40.69262],[17.07092,40.69375],[17.06986,40.68723],[17.07498,40.68591],[17.07122,40.67869],[17.07135,40.67812],[17.07306,40.67786],[17.07119,40.67683],[17.06864,40.67663],[17.06853,40.67562],[17.04377,40.67471],[17.04343,40.67267],[17.03469,40.67236],[17.03508,40.66438],[17.03289,40.66433],[17.03332,40.66256],[17.03229,40.66066],[17.02873,40.66134],[17.02625,40.66356],[17.02771,40.6655],[17.02189,40.6672],[17.02011,40.66617],[17.01957,40.66651],[17.01988,40.66875],[17.01521,40.67094],[17.01411,40.66983],[17.01266,40.66973],[17.01209,40.6691],[17.01043,40.66935],[17.01012,40.67005],[17.00842,40.6698],[17.00542,40.6663],[16.98404,40.68247],[16.97479,40.68845],[16.97327,40.68782],[16.97241,40.68876],[16.95219,40.68048],[16.95233,40.68216],[16.94937,40.68244],[16.94315,40.68096],[16.94178,40.6836],[16.94045,40.68365],[16.93907,40.68195],[16.93834,40.68488],[16.93366,40.68787],[16.93116,40.69084],[16.92839,40.69267],[16.92603,40.69278],[16.92515,40.70353],[16.92477,40.70092],[16.92122,40.70076],[16.92143,40.70021],[16.9183,40.69964],[16.91663,40.70188],[16.91452,40.70251],[16.91309,40.7023],[16.91234,40.7056],[16.91268,40.70733]]]}},{"type":"Feature","properties":{"nome":"Pinete dell'Arco Ionico","tipo":"ZSC","codice":"IT9130006","ettari":3686,"settori":["TA_01"]},"geometry":{"type":"Polygon","coordinates":[[[17.14012,40.5146],[17.13942,40.51318],[17.12921,40.51722],[17.11359,40.51966],[17.1035,40.52013],[17.10317,40.51925],[17.10216,40.52031],[17.08587,40.5198],[17.06945,40.5178],[17.04494,40.5123],[17.03186,40.50883],[17.01672,40.50363],[17.01606,40.50318],[17.01641,40.50238],[17.01522,40.50295],[16.98819,40.49145],[16.95821,40.47509],[16.93988,40.46365],[16.92227,40.45135],[16.90171,40.43543],[16.88459,40.41828],[16.87088,40.40343],[16.8675,40.39852],[16.86452,40.39802],[16.85801,40.40098],[16.85783,40.40242],[16.85899,40.40432],[16.86735,40.4112],[16.87459,40.41675],[16.87503,40.41637],[16.87622,40.41709],[16.87744,40.41614],[16.88206,40.42089],[16.8829,40.42017],[16.88463,40.42186],[16.88518,40.42264],[16.88402,40.4235],[16.88459,40.42433],[16.88209,40.42632],[16.88458,40.42821],[16.88637,40.42567],[16.88808,40.42693],[16.88962,40.42605],[16.89403,40.42937],[16.89203,40.42988],[16.89435,40.43172],[16.89314,40.43272],[16.89052,40.43079],[16.889,40.43212],[16.88855,40.43184],[16.87999,40.44072],[16.90024,40.45667],[16.89866,40.46022],[16.93897,40.48702],[16.94322,40.48876],[16.94904,40.49247],[16.95212,40.49018],[16.96256,40.49561],[16.96149,40.4964],[16.96402,40.4977],[16.9664,40.49712],[16.96729,40.49767],[16.96783,40.4997],[16.96964,40.499],[16.97215,40.50067],[16.97438,40.50355],[16.97374,40.50464],[16.99891,40.51258],[16.99959,40.50963],[17.01075,40.51162],[17.00996,40.51385],[17.01256,40.51441],[17.01298,40.51365],[17.01769,40.51577],[17.0188,40.5181],[17.01829,40.51958],[17.02003,40.52005],[17.02109,40.51717],[17.02305,40.51786],[17.02463,40.51755],[17.02604,40.51794],[17.02595,40.5186],[17.0402,40.52152],[17.05303,40.52323],[17.06261,40.52556],[17.06313,40.52457],[17.06623,40.52556],[17.06647,40.52793],[17.07393,40.52647],[17.07546,40.52636],[17.07716,40.52774],[17.08191,40.52764],[17.08478,40.52707],[17.08491,40.52643],[17.09148,40.52609],[17.09824,40.52718],[17.10062,40.52848],[17.10221,40.52835],[17.10441,40.52793],[17.10485,40.52649],[17.10377,40.5249],[17.10537,40.52447],[17.10581,40.52377],[17.10694,40.52389],[17.10949,40.52626],[17.10997,40.52528],[17.11095,40.52498],[17.11259,40.52479],[17.1129,40.52561],[17.11436,40.52542],[17.11449,40.52487],[17.11941,40.52388],[17.12557,40.52347],[17.13015,40.52228],[17.12957,40.52112],[17.13808,40.51769],[17.13774,40.51697],[17.13926,40.516],[17.13868,40.51517],[17.14012,40.5146]]]}},{"type":"Feature","properties":{"nome":"Area delle Gravine","tipo":"ZSC e ZPS","codice":"IT9130007","ettari":26740,"settori":["TA_01","TA_02","TA_03"]},"geometry":{"type":"MultiPolygon","coordinates":[[[[17.06853,40.67562],[17.06994,40.67552],[17.07479,40.67824],[17.07715,40.67539],[17.07906,40.67482],[17.08114,40.67457],[17.0842,40.6754],[17.08899,40.67557],[17.09263,40.67733],[17.09282,40.67803],[17.09957,40.67954],[17.10203,40.6818],[17.10589,40.68317],[17.10548,40.6837],[17.10682,40.68445],[17.1073,40.68405],[17.10767,40.68448],[17.10662,40.68634],[17.10477,40.68802],[17.1007,40.68937],[17.10106,40.69067],[17.09944,40.69566],[17.09993,40.69829],[17.09724,40.70463],[17.1014,40.70706],[17.10184,40.70626],[17.10272,40.70628],[17.10269,40.70728],[17.10792,40.7071],[17.10845,40.70453],[17.10898,40.70519],[17.1103,40.70506],[17.11318,40.70609],[17.11175,40.70724],[17.11564,40.70787],[17.11931,40.70735],[17.11914,40.70596],[17.12117,40.70458],[17.12232,40.70492],[17.12299,40.70612],[17.12475,40.70659],[17.12676,40.70532],[17.12275,40.70259],[17.12378,40.70168],[17.12859,40.70475],[17.13108,40.70444],[17.12862,40.69922],[17.12496,40.69954],[17.12379,40.69687],[17.12117,40.69705],[17.12236,40.70122],[17.11534,40.69995],[17.11239,40.69718],[17.11533,40.69441],[17.11605,40.69541],[17.11772,40.69445],[17.11861,40.69236],[17.11724,40.69231],[17.11492,40.69093],[17.11624,40.68984],[17.11668,40.68637],[17.12024,40.68713],[17.12285,40.68421],[17.12206,40.6828],[17.1219,40.67772],[17.12646,40.67761],[17.12687,40.67934],[17.12887,40.67921],[17.12937,40.67829],[17.13108,40.67861],[17.13392,40.67819],[17.13599,40.67964],[17.1392,40.68065],[17.15161,40.68219],[17.15481,40.68324],[17.15638,40.68141],[17.15756,40.67802],[17.15685,40.67634],[17.14937,40.67244],[17.14859,40.67093],[17.14679,40.67022],[17.14485,40.67136],[17.14157,40.66833],[17.1397,40.66944],[17.13669,40.66633],[17.13561,40.66692],[17.13408,40.66533],[17.13661,40.66378],[17.13504,40.66227],[17.13738,40.66102],[17.13395,40.65735],[17.13439,40.65591],[17.13584,40.65623],[17.14165,40.65437],[17.1421,40.65269],[17.14519,40.65306],[17.15541,40.65218],[17.15849,40.65119],[17.1635,40.65178],[17.164,40.64901],[17.16597,40.64877],[17.16662,40.64563],[17.16895,40.64369],[17.17416,40.64385],[17.17541,40.64259],[17.17544,40.64101],[17.17439,40.64025],[17.17565,40.63931],[17.16641,40.63247],[17.16597,40.63297],[17.16417,40.63282],[17.16061,40.63147],[17.15995,40.63397],[17.16081,40.63496],[17.16064,40.63625],[17.15887,40.63635],[17.15887,40.63887],[17.15484,40.63838],[17.15484,40.63577],[17.15364,40.63576],[17.15299,40.63344],[17.15176,40.63366],[17.15172,40.62889],[17.1498,40.62821],[17.15073,40.62514],[17.15006,40.62155],[17.1531,40.61508],[17.15629,40.6135],[17.1629,40.61275],[17.16702,40.61358],[17.16977,40.6125],[17.17335,40.61269],[17.17651,40.61211],[17.17569,40.60943],[17.17723,40.60609],[17.17638,40.60444],[17.17725,40.6029],[17.17803,40.59541],[17.17851,40.59458],[17.17958,40.59432],[17.18011,40.59222],[17.17925,40.59073],[17.18072,40.5908],[17.18089,40.58947],[17.1824,40.58956],[17.18269,40.58683],[17.1852,40.58694],[17.18486,40.58788],[17.18537,40.58787],[17.19937,40.58368],[17.19351,40.59434],[17.19116,40.60117],[17.19104,40.60604],[17.18922,40.61078],[17.19076,40.60999],[17.19735,40.61001],[17.19718,40.59814],[17.19874,40.59217],[17.20139,40.59298],[17.20047,40.59635],[17.20734,40.59758],[17.20693,40.59917],[17.20884,40.6003],[17.20988,40.60024],[17.20939,40.59576],[17.21118,40.59565],[17.21192,40.59331],[17.21595,40.59365],[17.21619,40.59547],[17.21711,40.59592],[17.21798,40.59891],[17.21858,40.59885],[17.21843,40.59581],[17.21801,40.59515],[17.21681,40.59506],[17.21725,40.59384],[17.21633,40.59264],[17.21706,40.59228],[17.21496,40.59032],[17.2159,40.58905],[17.21648,40.58955],[17.21738,40.58791],[17.22446,40.58702],[17.2241,40.58454],[17.20587,40.578],[17.19996,40.5744],[17.19688,40.57509],[17.19513,40.57247],[17.19294,40.57228],[17.193,40.57072],[17.19446,40.57041],[17.19158,40.56932],[17.19209,40.56839],[17.1915,40.5678],[17.19281,40.56738],[17.19163,40.56471],[17.19304,40.56267],[17.19179,40.56233],[17.19167,40.55807],[17.19695,40.55318],[17.19687,40.55183],[17.19303,40.55182],[17.19276,40.54901],[17.1937,40.54856],[17.19431,40.54622],[17.1916,40.54326],[17.19165,40.54125],[17.19078,40.54082],[17.19089,40.53817],[17.18917,40.5372],[17.18843,40.53437],[17.18168,40.52949],[17.17446,40.52727],[17.17404,40.52833],[17.17259,40.52809],[17.17144,40.527],[17.17098,40.52741],[17.17386,40.52928],[17.17633,40.52919],[17.17779,40.53145],[17.17623,40.53179],[17.17768,40.53243],[17.18157,40.53185],[17.1844,40.53375],[17.18187,40.53579],[17.18246,40.53673],[17.18615,40.53522],[17.18723,40.53606],[17.18749,40.53689],[17.18695,40.5371],[17.18939,40.53956],[17.18828,40.54003],[17.18853,40.54095],[17.18709,40.54148],[17.18819,40.54297],[17.18484,40.54597],[17.17877,40.54291],[17.17928,40.54077],[17.17383,40.54057],[17.17466,40.54415],[17.17345,40.5471],[17.17143,40.54735],[17.17037,40.54612],[17.16861,40.54639],[17.16162,40.54955],[17.15893,40.55162],[17.15704,40.55201],[17.15503,40.54835],[17.15716,40.54601],[17.15541,40.5446],[17.15564,40.5433],[17.15486,40.54313],[17.1508,40.54781],[17.1501,40.54728],[17.15028,40.54789],[17.14893,40.54839],[17.14825,40.54961],[17.14216,40.55478],[17.13878,40.55724],[17.13796,40.55705],[17.13574,40.55973],[17.13381,40.56079],[17.1339,40.5615],[17.13213,40.5625],[17.13174,40.56407],[17.13042,40.5638],[17.12674,40.56748],[17.1296,40.56963],[17.12734,40.57168],[17.12778,40.57203],[17.12663,40.57284],[17.12712,40.57303],[17.12625,40.57402],[17.12469,40.57298],[17.12393,40.57337],[17.12302,40.57415],[17.12381,40.57565],[17.12137,40.57713],[17.11967,40.57645],[17.12064,40.57757],[17.11614,40.58094],[17.11815,40.58159],[17.11727,40.5822],[17.11787,40.58335],[17.12328,40.58145],[17.1229,40.58037],[17.12637,40.57969],[17.12777,40.58261],[17.12629,40.58304],[17.12683,40.58424],[17.12538,40.58464],[17.12588,40.58564],[17.12804,40.58601],[17.12848,40.58818],[17.12739,40.58829],[17.12806,40.59274],[17.12629,40.59375],[17.12615,40.59534],[17.12408,40.59478],[17.11883,40.59534],[17.11992,40.59809],[17.11623,40.59875],[17.11579,40.59935],[17.11533,40.59863],[17.11179,40.59711],[17.11099,40.59738],[17.1089,40.59572],[17.10874,40.5951],[17.10951,40.59487],[17.10999,40.59538],[17.11118,40.59551],[17.1094,40.59439],[17.10682,40.58778],[17.10014,40.59173],[17.09606,40.59334],[17.09364,40.59689],[17.0928,40.59441],[17.0908,40.59473],[17.08941,40.59582],[17.08751,40.59593],[17.08647,40.59733],[17.08323,40.599],[17.08203,40.599],[17.08142,40.5979],[17.08025,40.59832],[17.07972,40.60113],[17.08075,40.602],[17.08064,40.60566],[17.07682,40.60643],[17.07506,40.60044],[17.07413,40.60217],[17.07106,40.60123],[17.06639,40.60319],[17.06556,40.60715],[17.06395,40.60812],[17.06483,40.60844],[17.06359,40.61108],[17.0615,40.62394],[17.06058,40.62428],[17.06151,40.62508],[17.05878,40.62812],[17.05436,40.62987],[17.05267,40.63325],[17.05039,40.63434],[17.05466,40.63396],[17.06042,40.63457],[17.06587,40.63618],[17.0684,40.63559],[17.06964,40.63814],[17.07212,40.63903],[17.06895,40.64232],[17.0677,40.6464],[17.07083,40.64745],[17.06896,40.65173],[17.06567,40.65495],[17.06579,40.65419],[17.06454,40.65288],[17.06299,40.65287],[17.06123,40.65406],[17.05923,40.65422],[17.06087,40.65812],[17.06079,40.65997],[17.06191,40.65993],[17.06315,40.66139],[17.06114,40.66231],[17.06479,40.66742],[17.06789,40.66738],[17.06664,40.6687],[17.06806,40.67176],[17.06853,40.67562]]],[[[17.002,40.61852],[17.00051,40.6185],[17.00131,40.6121],[16.99976,40.60805],[16.99336,40.60861],[16.99343,40.61213],[16.99472,40.61495],[16.9928,40.61758],[16.98843,40.61608],[16.98483,40.61786],[16.98171,40.61683],[16.98076,40.61958],[16.97578,40.61971],[16.97513,40.61726],[16.97373,40.61701],[16.97328,40.61015],[16.97165,40.60767],[16.97323,40.60635],[16.9744,40.60239],[16.97541,40.60118],[16.97663,40.60163],[16.9775,40.59718],[16.97382,40.59527],[16.97283,40.59364],[16.96646,40.595],[16.96559,40.59461],[16.96626,40.59072],[16.95809,40.5909],[16.95769,40.58934],[16.95554,40.58968],[16.95518,40.58844],[16.95407,40.58819],[16.95672,40.58153],[16.95445,40.58108],[16.94193,40.58607],[16.94124,40.58891],[16.93435,40.59255],[16.93268,40.59449],[16.92625,40.5938],[16.926,40.59591],[16.92166,40.59932],[16.91777,40.59777],[16.91073,40.59371],[16.88794,40.59348],[16.87831,40.58415],[16.85947,40.57442],[16.86019,40.57292],[16.86377,40.57329],[16.86449,40.57266],[16.86322,40.57132],[16.86049,40.56553],[16.86091,40.56275],[16.86256,40.56253],[16.86409,40.56102],[16.86801,40.55996],[16.86742,40.55675],[16.86299,40.55665],[16.86143,40.55395],[16.85723,40.55382],[16.86041,40.55197],[16.85833,40.55016],[16.85659,40.55042],[16.85792,40.55217],[16.85525,40.55253],[16.85623,40.55494],[16.85479,40.55604],[16.85245,40.55484],[16.85052,40.55473],[16.83654,40.5555],[16.83527,40.55563],[16.83548,40.55609],[16.83334,40.55737],[16.83207,40.55643],[16.83008,40.55602],[16.8283,40.55781],[16.83167,40.55776],[16.83259,40.55803],[16.83263,40.55869],[16.82958,40.55974],[16.82925,40.56057],[16.8136,40.57274],[16.81382,40.57309],[16.81047,40.57223],[16.80788,40.57233],[16.8061,40.57073],[16.80232,40.57036],[16.80034,40.56886],[16.78643,40.56932],[16.77739,40.56722],[16.77324,40.56774],[16.77057,40.56907],[16.76825,40.57376],[16.76713,40.57346],[16.76436,40.57425],[16.76395,40.57363],[16.76019,40.57399],[16.76057,40.57533],[16.7596,40.57623],[16.76158,40.57945],[16.76062,40.58209],[16.75619,40.58022],[16.75597,40.58108],[16.74929,40.58428],[16.74992,40.58131],[16.7442,40.58357],[16.74048,40.58633],[16.73598,40.58528],[16.73069,40.58983],[16.72666,40.59433],[16.72776,40.59532],[16.72301,40.59861],[16.72752,40.60106],[16.72418,40.60477],[16.72181,40.60629],[16.7205,40.60894],[16.71768,40.61073],[16.71649,40.61372],[16.71223,40.61772],[16.71298,40.62239],[16.71257,40.62564],[16.7101,40.62975],[16.70991,40.63349],[16.71625,40.64853],[16.71794,40.6559],[16.72086,40.66231],[16.7383,40.65997],[16.73582,40.65492],[16.73466,40.64701],[16.73599,40.63804],[16.73137,40.63323],[16.73068,40.6307],[16.73233,40.62933],[16.74202,40.63117],[16.7479,40.62997],[16.7443,40.62147],[16.74929,40.61309],[16.74852,40.61045],[16.74851,40.60821],[16.74904,40.60805],[16.76236,40.61278],[16.7672,40.61344],[16.77383,40.61535],[16.77678,40.61574],[16.78224,40.61488],[16.78455,40.6158],[16.78656,40.61826],[16.79009,40.62073],[16.79198,40.62049],[16.79485,40.62126],[16.7966,40.62094],[16.79704,40.62011],[16.79804,40.62067],[16.79951,40.62036],[16.8013,40.62185],[16.8003,40.62336],[16.80071,40.62436],[16.8041,40.62722],[16.80294,40.62867],[16.80358,40.62914],[16.8018,40.62965],[16.80233,40.63126],[16.80359,40.63131],[16.80482,40.63059],[16.80855,40.63172],[16.80683,40.63584],[16.81252,40.63648],[16.82314,40.64819],[16.86813,40.64996],[16.91659,40.64937],[16.92847,40.66252],[16.92799,40.6657],[16.93012,40.66571],[16.93136,40.66672],[16.93202,40.66559],[16.93555,40.66568],[16.93586,40.66025],[16.94285,40.66129],[16.94489,40.65419],[16.9658,40.65715],[16.96555,40.65221],[16.96982,40.6519],[16.97365,40.65056],[16.97692,40.65057],[16.98009,40.64806],[16.97794,40.64557],[16.97869,40.64447],[16.97694,40.64261],[16.9771,40.6404],[16.97604,40.64042],[16.97528,40.63382],[16.9796,40.62635],[16.98101,40.62562],[16.98747,40.6256],[16.98781,40.62654],[16.99073,40.62848],[16.99411,40.62937],[17.00101,40.62925],[17.002,40.61852]]]]}},{"type":"Feature","properties":{"nome":"Bosco Tramazzone","tipo":"ZSC","codice":"IT9140001","ettari":4406,"settori":["BR_02"]},"geometry":{"type":"MultiPolygon","coordinates":[[[[18.04545,40.55584],[18.04426,40.55557],[18.04526,40.55408],[18.04486,40.55374],[18.04267,40.55565],[18.04124,40.55467],[18.0413,40.55387],[18.03992,40.55413],[18.03962,40.5529],[18.03848,40.55235],[18.03898,40.55173],[18.03815,40.55162],[18.03848,40.55086],[18.03701,40.55072],[18.03962,40.54917],[18.03791,40.54948],[18.0385,40.54829],[18.03792,40.54801],[18.03732,40.54921],[18.03559,40.54951],[18.03559,40.54723],[18.03491,40.5471],[18.03438,40.54563],[18.03148,40.54513],[18.03148,40.54444],[18.03042,40.54434],[18.03003,40.54369],[18.02856,40.54303],[18.02819,40.54187],[18.02699,40.5413],[18.0265,40.54157],[18.02375,40.54063],[18.02545,40.54152],[18.02769,40.54192],[18.02835,40.54312],[18.02976,40.54385],[18.03093,40.54608],[18.03224,40.54705],[18.0324,40.54918],[18.03182,40.54929],[18.03176,40.54823],[18.03041,40.54679],[18.02871,40.547],[18.02669,40.54535],[18.0263,40.54574],[18.02569,40.54543],[18.02615,40.54428],[18.02522,40.54395],[18.02548,40.54561],[18.0236,40.54516],[18.02449,40.54628],[18.02381,40.54652],[18.02171,40.54533],[18.01944,40.5456],[18.01837,40.54475],[18.01851,40.54176],[18.01797,40.54213],[18.01864,40.54094],[18.01746,40.54006],[18.01818,40.53902],[18.01798,40.53884],[18.01754,40.53938],[18.01711,40.53906],[18.01688,40.54011],[18.01765,40.5418],[18.01671,40.54202],[18.01715,40.54376],[18.01631,40.54391],[18.01553,40.54539],[18.0148,40.54562],[18.01269,40.54463],[18.01114,40.54487],[18.01103,40.54385],[18.01005,40.54355],[18.00971,40.54504],[18.0126,40.54538],[18.01418,40.54628],[18.0095,40.54791],[18.00812,40.5472],[18.00443,40.54704],[18.00431,40.54639],[18.00372,40.547],[18.0031,40.54636],[18.00179,40.54626],[18.00109,40.54727],[17.99924,40.54679],[18.00111,40.54746],[18.00194,40.54667],[18.003,40.54686],[18.00248,40.5485],[18.00302,40.5477],[18.00619,40.54839],[18.00634,40.54782],[18.00839,40.54782],[18.00949,40.54912],[18.01346,40.54754],[18.01342,40.54807],[18.01444,40.54818],[18.01787,40.54796],[18.01804,40.54862],[18.01882,40.5476],[18.02121,40.54733],[18.02222,40.54902],[18.02257,40.54831],[18.02422,40.54816],[18.02491,40.54902],[18.02599,40.54846],[18.02688,40.54886],[18.02629,40.54819],[18.02327,40.54776],[18.02342,40.5473],[18.02824,40.5478],[18.03146,40.55003],[18.03504,40.55157],[18.03513,40.55399],[18.03799,40.55636],[18.03876,40.55859],[18.04173,40.5595],[18.04497,40.55726],[18.04438,40.557],[18.04545,40.55584]]],[[[18.06486,40.60026],[18.08153,40.60911],[18.09903,40.61962],[18.11691,40.60647],[18.13135,40.59116],[18.14205,40.57482],[18.14564,40.56219],[18.13878,40.56575],[18.0924,40.54561],[18.07085,40.55242],[18.05347,40.5602],[18.04268,40.56668],[18.03962,40.57239],[18.04537,40.57703],[18.0525,40.58753],[18.06486,40.60026]]]]}},{"type":"Feature","properties":{"nome":"Litorale Brindisino","tipo":"ZSC","codice":"IT9140002","ettari":7256,"settori":["BR_01"]},"geometry":{"type":"MultiPolygon","coordinates":[[[[17.55633,40.79822],[17.55548,40.79773],[17.55415,40.79925],[17.55158,40.79947],[17.55073,40.80033],[17.55021,40.79965],[17.54941,40.80153],[17.54805,40.79976],[17.54748,40.8],[17.54813,40.80177],[17.54373,40.80338],[17.54228,40.80356],[17.54217,40.80287],[17.54124,40.8029],[17.54148,40.80413],[17.53931,40.8045],[17.53872,40.80402],[17.53721,40.80673],[17.53635,40.80689],[17.53612,40.80641],[17.53416,40.80735],[17.53302,40.80717],[17.52958,40.80885],[17.52913,40.80808],[17.52703,40.80784],[17.52801,40.80718],[17.52709,40.80561],[17.52512,40.80656],[17.52341,40.80389],[17.52206,40.80176],[17.52003,40.79392],[17.5184,40.79286],[17.51732,40.79344],[17.51422,40.79208],[17.51518,40.79503],[17.50961,40.79716],[17.51161,40.79979],[17.51626,40.8022],[17.5173,40.80378],[17.50239,40.80773],[17.50145,40.80675],[17.50142,40.80479],[17.49931,40.80553],[17.49848,40.80527],[17.49207,40.80781],[17.49515,40.81104],[17.49716,40.81022],[17.49974,40.81291],[17.50458,40.81138],[17.50823,40.81289],[17.5098,40.8142],[17.48973,40.82186],[17.48131,40.82561],[17.47655,40.82844],[17.47808,40.82982],[17.48183,40.82862],[17.49324,40.82359],[17.49482,40.82224],[17.51022,40.81668],[17.5154,40.81418],[17.53463,40.80766],[17.53679,40.80714],[17.53764,40.80774],[17.53772,40.80615],[17.53945,40.80599],[17.54023,40.80683],[17.54019,40.80602],[17.54102,40.80631],[17.54274,40.80505],[17.54296,40.80414],[17.54456,40.80477],[17.54493,40.80409],[17.55037,40.80292],[17.55164,40.80209],[17.55047,40.80149],[17.55095,40.80079],[17.55553,40.79981],[17.55633,40.79822]]],[[[17.39763,40.89439],[17.43176,40.91112],[17.43914,40.90169],[17.45634,40.89056],[17.49523,40.88081],[17.53136,40.86],[17.56139,40.84095],[17.57603,40.8305],[17.59071,40.82436],[17.58006,40.79842],[17.54842,40.80811],[17.51789,40.81869],[17.4997,40.82533],[17.4768,40.8353],[17.47551,40.83878],[17.47626,40.84372],[17.47513,40.84709],[17.44159,40.86159],[17.43046,40.86786],[17.42356,40.87317],[17.41329,40.87985],[17.40446,40.88693],[17.39763,40.89439]]]]}},{"type":"Feature","properties":{"nome":"Stagni e Saline di Punta della Contessa","tipo":"ZSC e ZPS","codice":"IT9140003","ettari":2858,"settori":["BR_02"]},"geometry":{"type":"MultiPolygon","coordinates":[[[[18.04553,40.59707],[18.04253,40.59355],[18.0417,40.59081],[18.03339,40.59507],[18.03295,40.59586],[18.03806,40.59886],[18.03173,40.60395],[18.02599,40.60213],[18.02677,40.60385],[18.02875,40.60478],[18.0243,40.60897],[18.02475,40.6092],[18.02373,40.61039],[18.02325,40.61019],[18.02209,40.61137],[18.01998,40.61098],[18.01848,40.61228],[18.01933,40.61291],[18.01742,40.61496],[18.01608,40.61474],[18.01703,40.61761],[18.01434,40.61798],[18.01412,40.61711],[18.00947,40.6179],[18.01016,40.62047],[18.01276,40.62004],[18.01291,40.62061],[18.01421,40.62053],[18.01396,40.62239],[18.016,40.62236],[18.01735,40.62333],[18.02191,40.61773],[18.02492,40.61556],[18.02525,40.61378],[18.0312,40.60907],[18.03205,40.6074],[18.04254,40.60014],[18.04553,40.59707]]],[[[18.06486,40.60026],[18.04344,40.61716],[18.0369,40.62775],[18.03598,40.64016],[18.03446,40.64736],[18.02546,40.65295],[18.03016,40.65874],[18.04212,40.66124],[18.04983,40.65991],[18.06437,40.66234],[18.07139,40.66215],[18.0813,40.65231],[18.09619,40.63024],[18.09903,40.61962],[18.08153,40.60911],[18.06486,40.60026]]]]}},{"type":"Feature","properties":{"nome":"Bosco I Lucci","tipo":"ZSC","codice":"IT9140004","ettari":26,"settori":["BR_02"]},"geometry":{"type":"MultiPolygon","coordinates":[[[[17.86529,40.57409],[17.86141,40.57323],[17.85902,40.57628],[17.8621,40.57707],[17.86406,40.57385],[17.86529,40.57409]]],[[[17.88774,40.56744],[17.88721,40.56355],[17.88598,40.56451],[17.88239,40.56397],[17.88235,40.56574],[17.884,40.56771],[17.88502,40.56783],[17.8852,40.56721],[17.88774,40.56744]]]]}},{"type":"Feature","properties":{"nome":"Bosco di Santa Teresa","tipo":"ZSC","codice":"IT9140006","ettari":39,"settori":["BR_02"]},"geometry":{"type":"MultiPolygon","coordinates":[[[[17.92315,40.53956],[17.9176,40.53836],[17.91784,40.54229],[17.92175,40.54317],[17.92315,40.53956]]],[[[17.92829,40.54964],[17.9266,40.54572],[17.92651,40.54641],[17.92405,40.54594],[17.92439,40.54758],[17.92509,40.54774],[17.92492,40.54969],[17.92776,40.55014],[17.92829,40.54964]]],[[[17.93989,40.53661],[17.93794,40.53362],[17.93793,40.53147],[17.93552,40.53138],[17.93605,40.53347],[17.9356,40.53527],[17.93989,40.53661]]]]}},{"type":"Feature","properties":{"nome":"Bosco Curtipetrizzi","tipo":"ZSC","codice":"IT9140007","ettari":57,"settori":["BR_02"]},"geometry":{"type":"Polygon","coordinates":[[[17.92814,40.47906],[17.92693,40.47839],[17.92792,40.47455],[17.9216,40.47667],[17.91959,40.47486],[17.91689,40.47577],[17.91939,40.47819],[17.92172,40.47849],[17.92099,40.48631],[17.92424,40.48544],[17.92814,40.47906]]]}},{"type":"Feature","properties":{"nome":"Foce Canale Giancola","tipo":"ZSC","codice":"IT9140009","ettari":54,"settori":["BR_02"]},"geometry":{"type":"Polygon","coordinates":[[[17.87187,40.66925],[17.87011,40.66857],[17.86619,40.6686],[17.87002,40.66945],[17.87017,40.67004],[17.8694,40.67268],[17.86808,40.67323],[17.86856,40.67481],[17.86662,40.67687],[17.86708,40.67936],[17.86803,40.67937],[17.86793,40.68091],[17.86645,40.68148],[17.86678,40.68243],[17.86476,40.68249],[17.86611,40.68325],[17.86536,40.68524],[17.86306,40.68495],[17.86462,40.68702],[17.86813,40.68691],[17.86931,40.68887],[17.87006,40.68865],[17.87021,40.68671],[17.86956,40.68516],[17.87001,40.68309],[17.86921,40.68327],[17.87051,40.68132],[17.86988,40.68002],[17.87016,40.67832],[17.86903,40.67706],[17.87132,40.67321],[17.8713,40.6699],[17.87187,40.66925]]]}},{"type":"Feature","properties":{"nome":"Bosco Guarini","tipo":"ZSC","codice":"IT9150001","ettari":20,"settori":["LE_03"]},"geometry":{"type":"MultiPolygon","coordinates":[[[[18.39344,39.93392],[18.39339,39.93308],[18.39099,39.93259],[18.39065,39.93385],[18.38844,39.93346],[18.38795,39.93473],[18.39005,39.93543],[18.39004,39.93476],[18.39162,39.93523],[18.39344,39.93392]]],[[[18.39698,39.93691],[18.39618,39.93584],[18.39448,39.93626],[18.39472,39.93591],[18.39366,39.93557],[18.39252,39.9372],[18.39375,39.9379],[18.39174,39.93897],[18.39201,39.94023],[18.39296,39.94091],[18.39353,39.9403],[18.3944,39.94071],[18.39491,39.94032],[18.39438,39.93938],[18.39536,39.93878],[18.39521,39.93712],[18.39698,39.93691]]]]}},{"type":"Feature","properties":{"nome":"Aquatina di Frigole","tipo":"ZSC","codice":"IT9150003","ettari":3163,"settori":["LE_01"]},"geometry":{"type":"MultiPolygon","coordinates":[[[[18.22563,40.47382],[18.26225,40.50897],[18.29043,40.48614],[18.29881,40.47103],[18.30157,40.46013],[18.30345,40.44599],[18.27559,40.43211],[18.26774,40.44069],[18.25222,40.45549],[18.2344,40.46837],[18.22563,40.47382]]],[[[18.25198,40.43382],[18.25077,40.43376],[18.25066,40.43208],[18.24935,40.43147],[18.24843,40.43231],[18.24676,40.43131],[18.24508,40.43288],[18.24189,40.43167],[18.23738,40.43941],[18.23562,40.4398],[18.2317,40.44341],[18.23029,40.44618],[18.22697,40.44871],[18.2261,40.45126],[18.2341,40.44925],[18.23638,40.44692],[18.24672,40.4401],[18.2476,40.43849],[18.25036,40.43743],[18.24935,40.43641],[18.25034,40.43483],[18.25198,40.43382]]]]}},{"type":"Feature","properties":{"nome":"Torre dell'Orso","tipo":"ZSC","codice":"IT9150004","ettari":60,"settori":["LE_01"]},"geometry":{"type":"Polygon","coordinates":[[[18.44082,40.26952],[18.44132,40.26806],[18.43754,40.26684],[18.4372,40.26726],[18.43521,40.26621],[18.4335,40.26718],[18.43178,40.26655],[18.43165,40.2679],[18.43044,40.26923],[18.42786,40.26944],[18.42976,40.26804],[18.4286,40.26798],[18.42967,40.26606],[18.42857,40.2658],[18.42797,40.26339],[18.43111,40.26086],[18.42792,40.25973],[18.42711,40.26143],[18.42897,40.262],[18.42752,40.26341],[18.42627,40.26303],[18.42566,40.2645],[18.42699,40.26484],[18.42681,40.26527],[18.42774,40.26552],[18.42737,40.26596],[18.4246,40.26664],[18.42285,40.26499],[18.42197,40.26535],[18.4231,40.26706],[18.42193,40.2678],[18.42219,40.26849],[18.42337,40.2688],[18.42307,40.26798],[18.42495,40.26712],[18.4263,40.26895],[18.42609,40.2705],[18.42733,40.26968],[18.42835,40.27017],[18.43036,40.26954],[18.42902,40.27363],[18.42962,40.27419],[18.43094,40.2719],[18.43518,40.26903],[18.43698,40.26904],[18.43757,40.26944],[18.43672,40.26987],[18.44082,40.26952]]]}},{"type":"Feature","properties":{"nome":"Boschetto di Tricase","tipo":"ZSC","codice":"IT9150005","ettari":4,"settori":["LE_03"]},"geometry":{"type":"Polygon","coordinates":[[[18.38104,39.92396],[18.38049,39.92369],[18.37952,39.92512],[18.37779,39.92492],[18.37693,39.92593],[18.37855,39.92669],[18.38042,39.92537],[18.38104,39.92396]]]}},{"type":"Feature","properties":{"nome":"Torre Uluzzo","tipo":"ZSC","codice":"IT9150007","ettari":351,"settori":["LE_01"]},"geometry":{"type":"Polygon","coordinates":[[[17.94912,40.16954],[17.95158,40.17095],[17.95334,40.17006],[17.95512,40.17281],[17.9567,40.1733],[17.95705,40.17202],[17.9585,40.17238],[17.95871,40.17195],[17.95383,40.16999],[17.95756,40.16672],[17.95872,40.16714],[17.95672,40.16966],[17.95939,40.17049],[17.95912,40.17101],[17.96007,40.17135],[17.96312,40.17013],[17.96444,40.16812],[17.9655,40.16847],[17.97116,40.16247],[17.97029,40.16187],[17.9679,40.16424],[17.96499,40.16296],[17.9673,40.15986],[17.97544,40.15226],[17.97691,40.15245],[17.97644,40.15373],[17.97902,40.15208],[17.97996,40.15232],[17.97953,40.14752],[17.97883,40.14738],[17.98031,40.14559],[17.98071,40.14416],[17.97962,40.14219],[17.98047,40.14153],[17.9795,40.14129],[17.97935,40.14201],[17.97824,40.14084],[17.97682,40.14078],[17.9757,40.14532],[17.97499,40.14577],[17.97452,40.14526],[17.97307,40.14561],[17.97443,40.14796],[17.97164,40.14672],[17.9709,40.14703],[17.97085,40.14815],[17.97008,40.14834],[17.96781,40.14709],[17.96672,40.14776],[17.96558,40.14707],[17.96353,40.14728],[17.96318,40.14847],[17.96219,40.14901],[17.96226,40.15122],[17.95984,40.15392],[17.95966,40.15505],[17.9607,40.156],[17.95972,40.1565],[17.95978,40.15753],[17.95891,40.15864],[17.95678,40.15766],[17.9551,40.15833],[17.95405,40.15986],[17.9527,40.16006],[17.95175,40.16301],[17.95128,40.16272],[17.95086,40.16347],[17.95125,40.16442],[17.95232,40.16472],[17.95169,40.16716],[17.94912,40.16954]]]}},{"type":"Feature","properties":{"nome":"Montagna Spaccata e Rupi di San Mauro","tipo":"ZSC","codice":"IT9150008","ettari":1361,"settori":["LE_01","LE_02"]},"geometry":{"type":"MultiPolygon","coordinates":[[[[17.98185,40.07309],[17.98586,40.08009],[17.97834,40.0881],[17.97787,40.09841],[17.98393,40.10998],[17.98271,40.11367],[17.97815,40.11521],[17.97573,40.11942],[17.98867,40.12032],[17.99783,40.11692],[18.00087,40.11286],[18.00601,40.10905],[18.00744,40.10651],[18.00809,40.09388],[18.00698,40.08826],[18.00146,40.07565],[18.00062,40.07212],[17.99682,40.06736],[17.98185,40.07309]]],[[[18.03156,40.09169],[18.02495,40.09527],[18.02527,40.09609],[18.02453,40.09653],[18.02395,40.0959],[18.02044,40.09762],[18.01913,40.10046],[18.02072,40.10079],[18.02071,40.10125],[18.01997,40.1012],[18.01995,40.10224],[18.0211,40.10254],[18.02095,40.10307],[18.01974,40.10288],[18.0178,40.10657],[18.01151,40.11],[18.01195,40.11023],[18.01069,40.11153],[18.01036,40.11324],[18.00774,40.11453],[18.00492,40.11372],[18.0029,40.11436],[18.00212,40.11505],[18.00301,40.11577],[18.00167,40.11574],[18.00228,40.11695],[18.0012,40.11667],[18.00165,40.1178],[18.0007,40.11809],[18.00139,40.1188],[17.99934,40.11982],[17.99869,40.11945],[17.99934,40.12032],[17.99851,40.12034],[17.99833,40.12143],[18.00135,40.12133],[18.00252,40.12251],[18.00385,40.12195],[18.00506,40.12243],[18.00688,40.1221],[18.01031,40.12357],[18.01123,40.12315],[18.01459,40.12348],[18.01358,40.12241],[18.01316,40.11976],[18.01604,40.11908],[18.01765,40.1178],[18.0201,40.11773],[18.02044,40.11516],[18.02212,40.11181],[18.01838,40.11076],[18.01938,40.11034],[18.02352,40.10502],[18.02585,40.09802],[18.02943,40.09901],[18.0296,40.09648],[18.03156,40.09169]]]]}},{"type":"Feature","properties":{"nome":"Litorale di Ugento","tipo":"ZSC","codice":"IT9150009","ettari":7245,"settori":["LE_02"]},"geometry":{"type":"MultiPolygon","coordinates":[[[[18.20405,39.85938],[18.20233,39.85813],[18.19152,39.85368],[18.18982,39.85508],[18.18838,39.85435],[18.18916,39.85364],[18.1882,39.85319],[18.17489,39.86067],[18.17832,39.86391],[18.17186,39.86591],[18.16668,39.86306],[18.17879,39.85298],[18.17688,39.85156],[18.1754,39.85141],[18.17553,39.85076],[18.17263,39.85076],[18.17118,39.84964],[18.17032,39.85055],[18.17094,39.85139],[18.1704,39.85218],[18.16862,39.85331],[18.16868,39.85456],[18.16645,39.85654],[18.16548,39.85671],[18.16656,39.85738],[18.16438,39.86013],[18.16493,39.86114],[18.16416,39.86184],[18.16108,39.86277],[18.16015,39.8593],[18.1491,39.86196],[18.14051,39.8697],[18.1228,39.88244],[18.11974,39.88584],[18.11582,39.88588],[18.1151,39.88749],[18.11774,39.88782],[18.11798,39.88854],[18.11588,39.8903],[18.1181,39.89122],[18.11857,39.89065],[18.1196,39.89118],[18.11967,39.89009],[18.12021,39.89032],[18.12223,39.88854],[18.11882,39.88783],[18.11923,39.88661],[18.12078,39.88578],[18.12335,39.8866],[18.12241,39.88716],[18.13019,39.89027],[18.14539,39.87931],[18.14138,39.8765],[18.14036,39.87751],[18.13733,39.87572],[18.13805,39.87438],[18.14036,39.87585],[18.14101,39.8752],[18.14208,39.8759],[18.14388,39.87413],[18.1426,39.87329],[18.14806,39.86602],[18.1492,39.86577],[18.15086,39.87012],[18.14708,39.87435],[18.15008,39.87617],[18.14919,39.87672],[18.15013,39.8775],[18.14938,39.87807],[18.1504,39.87894],[18.14706,39.88121],[18.14781,39.88194],[18.14629,39.88421],[18.14264,39.88693],[18.14065,39.89116],[18.14538,39.89254],[18.14597,39.89214],[18.14557,39.89177],[18.14927,39.88949],[18.1508,39.88738],[18.15172,39.88792],[18.1522,39.88759],[18.15356,39.88863],[18.15463,39.88768],[18.15495,39.88716],[18.15343,39.88603],[18.15419,39.88496],[18.15251,39.88407],[18.15367,39.88204],[18.15921,39.87951],[18.16071,39.87797],[18.16442,39.87797],[18.16425,39.87742],[18.16682,39.87629],[18.17073,39.87241],[18.17185,39.87323],[18.17264,39.87272],[18.17563,39.8751],[18.17623,39.87482],[18.17529,39.87395],[18.17891,39.87293],[18.18033,39.87351],[18.18346,39.87132],[18.1837,39.86898],[18.1921,39.87426],[18.19679,39.87178],[18.20102,39.87056],[18.20422,39.86867],[18.20238,39.86806],[18.20323,39.86712],[18.20172,39.86537],[18.20023,39.86534],[18.19892,39.86356],[18.19986,39.8633],[18.19949,39.86297],[18.20142,39.8614],[18.19934,39.86046],[18.20075,39.8599],[18.20301,39.86022],[18.20405,39.85938]]],[[[18.0811,39.87659],[18.1034,39.88893],[18.10633,39.86919],[18.11089,39.85582],[18.12502,39.84484],[18.14712,39.83894],[18.17965,39.8354],[18.20434,39.83009],[18.23689,39.82719],[18.22701,39.81819],[18.21207,39.81132],[18.20072,39.80766],[18.16678,39.79865],[18.14338,39.79465],[18.12278,39.79521],[18.10685,39.80425],[18.09441,39.81452],[18.07747,39.82027],[18.07529,39.83661],[18.07579,39.84789],[18.0811,39.87659]]]]}},{"type":"Feature","properties":{"nome":"Bosco Macchia di Ponente","tipo":"ZSC","codice":"IT9150010","ettari":13,"settori":["LE_03"]},"geometry":{"type":"Polygon","coordinates":[[[18.33819,39.96734],[18.33661,39.96701],[18.33462,39.96779],[18.33269,39.96992],[18.3364,39.97161],[18.33819,39.96734]]]}},{"type":"Feature","properties":{"nome":"Alimini","tipo":"ZSC","codice":"IT9150011","ettari":3716,"settori":["LE_03"]},"geometry":{"type":"MultiPolygon","coordinates":[[[[18.47336,40.18521],[18.47291,40.18446],[18.47221,40.18583],[18.46889,40.18495],[18.4682,40.18712],[18.46546,40.18676],[18.46403,40.1898],[18.45911,40.18867],[18.45749,40.19177],[18.45478,40.19128],[18.45326,40.19291],[18.44897,40.19366],[18.44822,40.19061],[18.4492,40.19002],[18.45267,40.1818],[18.45595,40.1778],[18.45794,40.1706],[18.45749,40.16806],[18.45382,40.16428],[18.45364,40.16319],[18.45179,40.16342],[18.45118,40.16228],[18.45014,40.16213],[18.44812,40.16455],[18.44736,40.16458],[18.44698,40.16722],[18.44553,40.17015],[18.43992,40.16776],[18.4362,40.16458],[18.4326,40.16273],[18.42329,40.15959],[18.42277,40.16008],[18.43612,40.16572],[18.4371,40.16743],[18.43661,40.16846],[18.4379,40.17065],[18.43617,40.17217],[18.43769,40.1734],[18.43112,40.17635],[18.42927,40.18066],[18.43056,40.18117],[18.43103,40.17977],[18.43974,40.18307],[18.43922,40.18431],[18.44055,40.18547],[18.43919,40.18675],[18.4451,40.19075],[18.44083,40.19273],[18.43996,40.1955],[18.44045,40.19643],[18.43443,40.20915],[18.43687,40.21059],[18.4391,40.21084],[18.43402,40.22479],[18.4384,40.22479],[18.44187,40.22209],[18.4429,40.22005],[18.45864,40.22625],[18.45256,40.2375],[18.44407,40.23571],[18.44429,40.23778],[18.44378,40.23885],[18.4431,40.23846],[18.44208,40.24056],[18.44512,40.24137],[18.446,40.24048],[18.44653,40.24311],[18.44833,40.24394],[18.44812,40.24516],[18.4476,40.24635],[18.44445,40.24534],[18.44283,40.24686],[18.44222,40.2449],[18.43983,40.24418],[18.43812,40.24778],[18.43777,40.25179],[18.44152,40.25262],[18.44295,40.25413],[18.44359,40.25319],[18.44305,40.2527],[18.44654,40.2536],[18.44808,40.25138],[18.44793,40.25063],[18.44715,40.25055],[18.44739,40.24971],[18.44815,40.24982],[18.44875,40.24913],[18.44911,40.24952],[18.44882,40.24884],[18.44816,40.24852],[18.44856,40.24724],[18.44958,40.24707],[18.44907,40.24682],[18.45001,40.24541],[18.45681,40.24124],[18.45781,40.23909],[18.45774,40.23739],[18.46055,40.23465],[18.46161,40.23263],[18.46477,40.22476],[18.4648,40.22191],[18.45847,40.21111],[18.45812,40.20759],[18.45874,40.20379],[18.46112,40.19862],[18.46368,40.19573],[18.46311,40.19501],[18.46431,40.19247],[18.46506,40.19185],[18.46579,40.19214],[18.46674,40.19076],[18.46888,40.19026],[18.46997,40.19058],[18.47256,40.18824],[18.47336,40.18521]]],[[[18.51436,40.1415],[18.51224,40.1402],[18.5109,40.1403],[18.50608,40.14694],[18.50382,40.14789],[18.49476,40.14975],[18.49349,40.14909],[18.49563,40.14738],[18.49452,40.14672],[18.4895,40.14845],[18.48873,40.14955],[18.49394,40.153],[18.49458,40.15587],[18.49161,40.15921],[18.49064,40.16178],[18.48574,40.16702],[18.48509,40.17242],[18.47364,40.19039],[18.46689,40.19554],[18.46618,40.19967],[18.46409,40.20213],[18.46246,40.2101],[18.46758,40.21985],[18.46753,40.22616],[18.45988,40.2428],[18.45393,40.2458],[18.45186,40.24855],[18.44874,40.25996],[18.45097,40.26168],[18.45629,40.25911],[18.46043,40.25291],[18.46593,40.24682],[18.47339,40.24141],[18.49408,40.23723],[18.50474,40.21477],[18.50519,40.20838],[18.502,40.19695],[18.49392,40.18954],[18.49246,40.18736],[18.48857,40.18596],[18.48763,40.1843],[18.49091,40.17482],[18.493,40.1727],[18.49902,40.15995],[18.50475,40.15422],[18.50966,40.15054],[18.51273,40.14697],[18.51436,40.1415]]]]}},{"type":"Feature","properties":{"nome":"Bosco di Cardigliano","tipo":"ZSC","codice":"IT9150012","ettari":54,"settori":["LE_03"]},"geometry":{"type":"Polygon","coordinates":[[[18.26982,39.94144],[18.26877,39.94104],[18.26803,39.94252],[18.26546,39.94306],[18.26081,39.94194],[18.26034,39.94277],[18.26144,39.94409],[18.25759,39.95051],[18.26102,39.9505],[18.26244,39.94851],[18.26324,39.9486],[18.26306,39.94996],[18.26694,39.94912],[18.26858,39.94254],[18.26982,39.94144]]]}},{"type":"Feature","properties":{"nome":"Palude del Capitano","tipo":"ZSC","codice":"IT9150013","ettari":2247,"settori":["LE_01"]},"geometry":{"type":"MultiPolygon","coordinates":[[[[17.92779,40.19547],[17.9242,40.19406],[17.92342,40.19488],[17.92061,40.19321],[17.92507,40.19023],[17.92469,40.1896],[17.92392,40.18952],[17.92377,40.19015],[17.9223,40.19038],[17.92028,40.19219],[17.9195,40.19218],[17.91836,40.19377],[17.91771,40.20099],[17.92132,40.20628],[17.9239,40.20701],[17.92755,40.20711],[17.92779,40.19547]]],[[[17.93102,40.17216],[17.9306,40.16895],[17.92383,40.16804],[17.90679,40.16998],[17.87593,40.17677],[17.8603,40.18555],[17.84874,40.19121],[17.84509,40.19775],[17.84575,40.20024],[17.85478,40.20152],[17.8871,40.20868],[17.89967,40.21374],[17.90089,40.21607],[17.89774,40.22131],[17.89679,40.22521],[17.89833,40.2284],[17.90201,40.22916],[17.90534,40.22822],[17.90806,40.22622],[17.91017,40.22294],[17.91172,40.21967],[17.91215,40.21665],[17.91082,40.21181],[17.90811,40.20737],[17.90752,40.20028],[17.91006,40.19398],[17.91327,40.19025],[17.91558,40.18524],[17.93102,40.17216]]]]}},{"type":"Feature","properties":{"nome":"Bosco di Otranto","tipo":"ZSC","codice":"IT9150016","ettari":9,"settori":["LE_03"]},"geometry":{"type":"Polygon","coordinates":[[[18.47229,40.15373],[18.47178,40.15074],[18.47026,40.1509],[18.46893,40.15242],[18.4687,40.15399],[18.47229,40.15373]]]}},{"type":"Feature","properties":{"nome":"Bosco Chiuso di Presicce","tipo":"ZSC","codice":"IT9150017","ettari":11,"settori":["LE_03"]},"geometry":{"type":"Polygon","coordinates":[[[18.28677,39.92942],[18.2851,39.92804],[18.28627,39.92725],[18.28446,39.92527],[18.2829,39.92645],[18.28335,39.9267],[18.28207,39.92866],[18.2854,39.93018],[18.28677,39.92942]]]}},{"type":"Feature","properties":{"nome":"Bosco Serra dei Cianci","tipo":"ZSC","codice":"IT9150018","ettari":48,"settori":["LE_03"]},"geometry":{"type":"Polygon","coordinates":[[[18.31989,39.89478],[18.31755,39.89599],[18.31532,39.89834],[18.31426,39.89803],[18.31403,39.89872],[18.31337,39.89861],[18.31396,39.899],[18.31325,39.90113],[18.3113,39.90272],[18.30989,39.90588],[18.30933,39.91074],[18.30664,39.91345],[18.30764,39.9141],[18.3049,39.91771],[18.30016,39.92231],[18.30136,39.92289],[18.3075,39.91554],[18.30858,39.9153],[18.3129,39.90356],[18.31566,39.90009],[18.31614,39.90038],[18.31727,39.89959],[18.31623,39.899],[18.31946,39.89649],[18.31989,39.89478]]]}},{"type":"Feature","properties":{"nome":"Parco delle Querce di Castro","tipo":"ZSC","codice":"IT9150019","ettari":4,"settori":["LE_03"]},"geometry":{"type":"Polygon","coordinates":[[[18.42265,40.00558],[18.42087,40.00452],[18.41887,40.00653],[18.42013,40.00705],[18.42265,40.00558]]]}},{"type":"Feature","properties":{"nome":"Bosco Pecorara","tipo":"ZSC","codice":"IT9150020","ettari":24,"settori":["LE_03"]},"geometry":{"type":"Polygon","coordinates":[[[18.29098,40.06557],[18.28673,40.06302],[18.28413,40.06936],[18.28519,40.06912],[18.28666,40.07062],[18.29098,40.06557]]]}},{"type":"Feature","properties":{"nome":"Bosco le Chiuse","tipo":"ZSC","codice":"IT9150021","ettari":37,"settori":["LE_03"]},"geometry":{"type":"Polygon","coordinates":[[[18.38585,39.90982],[18.3878,39.905],[18.38391,39.90761],[18.38174,39.91128],[18.37843,39.91094],[18.37788,39.91409],[18.37672,39.91387],[18.37645,39.9146],[18.37587,39.91426],[18.37498,39.91537],[18.37544,39.91557],[18.37211,39.91832],[18.37142,39.92026],[18.37305,39.91979],[18.37776,39.9157],[18.37874,39.91552],[18.38089,39.9137],[18.38175,39.91259],[18.38134,39.91235],[18.38488,39.90954],[18.38585,39.90982]]]}},{"type":"Feature","properties":{"nome":"Palude dei Tamari","tipo":"ZSC","codice":"IT9150022","ettari":11,"settori":["LE_01"]},"geometry":{"type":"Polygon","coordinates":[[[18.41954,40.28817],[18.41717,40.2872],[18.41522,40.28994],[18.41572,40.29022],[18.41508,40.2913],[18.41711,40.29159],[18.41815,40.29097],[18.41954,40.28817]]]}},{"type":"Feature","properties":{"nome":"Bosco Danieli","tipo":"ZSC","codice":"IT9150023","ettari":14,"settori":["LE_03"]},"geometry":{"type":"Polygon","coordinates":[[[18.28517,39.9601],[18.28425,39.95973],[18.2819,39.9616],[18.28112,39.96102],[18.27925,39.96301],[18.27993,39.96307],[18.27905,39.96459],[18.27971,39.96484],[18.28176,39.96341],[18.28242,39.96367],[18.28245,39.96461],[18.28412,39.96385],[18.28437,39.96342],[18.2837,39.96337],[18.28517,39.9601]]]}},{"type":"Feature","properties":{"nome":"Torre Inserraglio","tipo":"ZSC","codice":"IT9150024","ettari":100,"settori":["LE_01"]},"geometry":{"type":"Polygon","coordinates":[[[17.94912,40.16954],[17.94553,40.17531],[17.94286,40.17716],[17.942,40.17694],[17.94163,40.17767],[17.94011,40.17742],[17.94033,40.17831],[17.93937,40.17808],[17.9384,40.17934],[17.93655,40.1819],[17.93823,40.18253],[17.93555,40.18755],[17.92596,40.18625],[17.92603,40.18795],[17.927,40.18861],[17.92671,40.18937],[17.92747,40.19029],[17.9286,40.18941],[17.93143,40.19097],[17.93099,40.19182],[17.9326,40.19112],[17.93509,40.18823],[17.93781,40.18845],[17.93743,40.18669],[17.93853,40.18661],[17.93814,40.18546],[17.94209,40.18165],[17.9418,40.18072],[17.94258,40.18085],[17.94333,40.17921],[17.94641,40.17918],[17.94715,40.17792],[17.95238,40.17479],[17.95196,40.17386],[17.9506,40.17404],[17.95037,40.1725],[17.95135,40.17234],[17.95158,40.17095],[17.94912,40.16954]]]}},{"type":"Feature","properties":{"nome":"Torre Veneri","tipo":"ZSC","codice":"IT9150025","ettari":1742,"settori":["LE_01"]},"geometry":{"type":"MultiPolygon","coordinates":[[[[18.27559,40.43211],[18.30345,40.44599],[18.31539,40.42748],[18.32245,40.42106],[18.33635,40.39989],[18.31885,40.39121],[18.31483,40.38821],[18.31185,40.39899],[18.30402,40.40544],[18.2953,40.41437],[18.28424,40.42239],[18.27559,40.43211]]],[[[18.29788,40.39647],[18.29494,40.39243],[18.29157,40.39284],[18.29105,40.39413],[18.29011,40.39476],[18.28925,40.39452],[18.28771,40.39613],[18.28593,40.3967],[18.28505,40.39551],[18.28435,40.39587],[18.28454,40.39702],[18.28367,40.39734],[18.27753,40.3968],[18.27053,40.39442],[18.26983,40.39475],[18.26408,40.40643],[18.26567,40.40977],[18.2652,40.41036],[18.26615,40.41073],[18.26576,40.41157],[18.26475,40.41111],[18.26426,40.4129],[18.26039,40.41189],[18.2623,40.41394],[18.26517,40.4157],[18.26645,40.41752],[18.26391,40.41876],[18.26259,40.42034],[18.26085,40.41992],[18.26041,40.42103],[18.25957,40.42114],[18.25942,40.4226],[18.25713,40.42429],[18.25632,40.42315],[18.25558,40.42372],[18.25675,40.42459],[18.25673,40.42576],[18.25946,40.42567],[18.2591,40.42495],[18.26084,40.42328],[18.27062,40.41812],[18.2701,40.41736],[18.27081,40.41619],[18.27239,40.41539],[18.27519,40.41083],[18.27788,40.40901],[18.27895,40.40748],[18.28507,40.40472],[18.28811,40.40175],[18.29788,40.39647]]]]}},{"type":"Feature","properties":{"nome":"Palude del Conte, dune di Punta Prosciutto","tipo":"ZSC","codice":"IT9150027","ettari":5661,"settori":["LE_01"]},"geometry":{"type":"MultiPolygon","coordinates":[[[[17.74198,40.2901],[17.77762,40.28446],[17.80138,40.28215],[17.82085,40.27721],[17.81746,40.26877],[17.81352,40.26553],[17.81022,40.25986],[17.81111,40.25452],[17.81987,40.2509],[17.81764,40.24413],[17.81074,40.19844],[17.79609,40.20732],[17.77909,40.21326],[17.76702,40.21908],[17.75769,40.22044],[17.74539,40.22539],[17.7364,40.23181],[17.73427,40.23974],[17.74132,40.24213],[17.74817,40.23942],[17.75412,40.23523],[17.75546,40.24095],[17.74567,40.2465],[17.73985,40.24707],[17.73448,40.24485],[17.74097,40.26165],[17.74198,40.2901]]],[[[17.85193,40.31609],[17.84743,40.31808],[17.83998,40.31132],[17.83917,40.31157],[17.83839,40.31077],[17.83511,40.31003],[17.8385,40.30879],[17.83607,40.30465],[17.8434,40.30207],[17.84277,40.30098],[17.84161,40.30095],[17.84182,40.30021],[17.80799,40.31225],[17.80732,40.31144],[17.80574,40.31243],[17.80534,40.31202],[17.80419,40.31257],[17.80367,40.3118],[17.80249,40.31246],[17.80348,40.31373],[17.78968,40.31871],[17.79046,40.31985],[17.79118,40.31983],[17.80457,40.31507],[17.80565,40.31733],[17.80506,40.3187],[17.80584,40.31899],[17.80359,40.32431],[17.8059,40.32509],[17.80374,40.32865],[17.80639,40.33113],[17.82777,40.32353],[17.8273,40.32288],[17.83693,40.32197],[17.84709,40.31823],[17.84836,40.32019],[17.85193,40.31609]]]]}},{"type":"Feature","properties":{"nome":"Porto Cesareo","tipo":"ZSC","codice":"IT9150028","ettari":225,"settori":["LE_01"]},"geometry":{"type":"MultiPolygon","coordinates":[[[[17.88895,40.27514],[17.88638,40.27354],[17.88293,40.27462],[17.87979,40.27738],[17.88075,40.27823],[17.87935,40.27984],[17.8739,40.28343],[17.87265,40.28202],[17.87202,40.28249],[17.87225,40.28538],[17.87465,40.2844],[17.87536,40.285],[17.87819,40.28323],[17.88082,40.28066],[17.88191,40.27895],[17.88131,40.27865],[17.88344,40.27646],[17.88527,40.2773],[17.88895,40.27514]]],[[[17.87932,40.26831],[17.87917,40.26777],[17.87884,40.26762],[17.87875,40.26803],[17.87932,40.26831]]],[[[17.89089,40.25305],[17.88973,40.25325],[17.88942,40.25371],[17.89051,40.25384],[17.89089,40.25305]]],[[[17.88788,40.25981],[17.88717,40.25908],[17.88715,40.25988],[17.88788,40.25981]]],[[[17.88845,40.26792],[17.88725,40.26622],[17.88433,40.26633],[17.88464,40.26742],[17.88377,40.26894],[17.88445,40.26931],[17.88068,40.27282],[17.88006,40.27226],[17.8788,40.27306],[17.87823,40.27252],[17.88012,40.27194],[17.88153,40.26999],[17.88125,40.26922],[17.87976,40.26923],[17.88077,40.27049],[17.87893,40.27199],[17.87442,40.27246],[17.87342,40.2711],[17.87277,40.27189],[17.87696,40.27516],[17.87372,40.27513],[17.87266,40.27653],[17.87023,40.27611],[17.8691,40.27992],[17.86751,40.28015],[17.86543,40.28184],[17.86501,40.2816],[17.85663,40.2854],[17.85172,40.28613],[17.84513,40.28544],[17.8435,40.28458],[17.84403,40.28374],[17.84297,40.2827],[17.84373,40.28124],[17.84279,40.28063],[17.84247,40.28251],[17.84149,40.28245],[17.84184,40.28048],[17.84,40.28035],[17.83906,40.28073],[17.83911,40.28251],[17.83799,40.28184],[17.83669,40.28242],[17.83696,40.28139],[17.83665,40.28144],[17.8349,40.28229],[17.83395,40.28388],[17.83212,40.28424],[17.82845,40.28348],[17.8269,40.28489],[17.82581,40.28405],[17.82581,40.28491],[17.82324,40.28524],[17.82292,40.28705],[17.82208,40.28668],[17.8203,40.28755],[17.82,40.28659],[17.81901,40.28681],[17.81959,40.28767],[17.81838,40.28783],[17.81745,40.28918],[17.81815,40.28977],[17.81955,40.2889],[17.83738,40.28479],[17.83671,40.28292],[17.84116,40.2822],[17.84136,40.28277],[17.84278,40.28294],[17.84366,40.28508],[17.84657,40.28615],[17.85159,40.28639],[17.85545,40.286],[17.85598,40.2868],[17.85687,40.28657],[17.85666,40.28582],[17.8582,40.28574],[17.86501,40.28197],[17.86655,40.28337],[17.86843,40.2824],[17.86796,40.28211],[17.86927,40.28012],[17.87008,40.28023],[17.87028,40.27627],[17.87402,40.2773],[17.87591,40.27686],[17.87711,40.27529],[17.87805,40.27597],[17.8836,40.27298],[17.88384,40.27068],[17.88845,40.26792]]],[[[17.89003,40.25581],[17.88809,40.25439],[17.88373,40.25626],[17.88231,40.25802],[17.88442,40.25757],[17.8849,40.25843],[17.88313,40.25883],[17.88181,40.25998],[17.88149,40.26195],[17.88246,40.26193],[17.88412,40.26063],[17.88417,40.25971],[17.88591,40.25808],[17.88544,40.25749],[17.88631,40.25739],[17.88652,40.2583],[17.8875,40.25821],[17.88783,40.25692],[17.88567,40.25631],[17.88797,40.25542],[17.88982,40.25652],[17.89003,40.25581]]],[[[17.87414,40.26981],[17.87411,40.26905],[17.87321,40.26908],[17.87414,40.26981]]],[[[17.86922,40.26869],[17.86705,40.26862],[17.8648,40.2703],[17.86432,40.27149],[17.86779,40.27053],[17.86922,40.26869]]],[[[17.88839,40.25145],[17.88477,40.25095],[17.88324,40.25126],[17.87888,40.25403],[17.87635,40.25852],[17.87711,40.25972],[17.87913,40.26013],[17.8812,40.25872],[17.88324,40.25528],[17.88545,40.25464],[17.88796,40.25259],[17.88839,40.25145]]]]}},{"type":"Feature","properties":{"nome":"Bosco di Cervalora","tipo":"ZSC","codice":"IT9150029","ettari":29,"settori":["LE_01"]},"geometry":{"type":"Polygon","coordinates":[[[18.22076,40.42108],[18.21835,40.41944],[18.21603,40.42136],[18.21486,40.42101],[18.21372,40.41892],[18.21284,40.41889],[18.21058,40.42166],[18.21385,40.42486],[18.21441,40.42405],[18.21622,40.42406],[18.21744,40.42343],[18.22076,40.42108]]]}},{"type":"Feature","properties":{"nome":"Bosco La Lizza e Macchia del Pagliarone","tipo":"ZSC","codice":"IT9150030","ettari":476,"settori":["LE_01"]},"geometry":{"type":"Polygon","coordinates":[[[18.25813,40.39296],[18.2573,40.39257],[18.25803,40.3917],[18.25166,40.38833],[18.25123,40.39006],[18.2499,40.38911],[18.24885,40.3906],[18.24701,40.38997],[18.24769,40.38662],[18.24703,40.38631],[18.24698,40.38484],[18.24496,40.3849],[18.24114,40.39046],[18.24229,40.39182],[18.24091,40.39127],[18.23546,40.39628],[18.23312,40.39515],[18.23018,40.39626],[18.22743,40.39893],[18.22431,40.39631],[18.22166,40.40061],[18.22332,40.4027],[18.23175,40.4087],[18.23304,40.41084],[18.23481,40.41204],[18.23493,40.41312],[18.23131,40.41527],[18.23646,40.42039],[18.23909,40.41666],[18.23827,40.41554],[18.23901,40.41469],[18.23796,40.41411],[18.23912,40.41275],[18.24083,40.41257],[18.24206,40.41115],[18.24555,40.41179],[18.24741,40.40927],[18.24823,40.40415],[18.25076,40.39731],[18.2542,40.39466],[18.25694,40.39409],[18.25813,40.39296]]]}},{"type":"Feature","properties":{"nome":"Masseria Zanzara","tipo":"ZSC","codice":"IT9150031","ettari":49,"settori":["LE_01"]},"geometry":{"type":"Polygon","coordinates":[[[17.91894,40.29876],[17.91445,40.29202],[17.91257,40.29426],[17.91166,40.30167],[17.9093,40.30144],[17.90879,40.30258],[17.91174,40.30191],[17.91356,40.3024],[17.91419,40.30182],[17.91497,40.30241],[17.91701,40.3022],[17.91894,40.29876]]]}},{"type":"Feature","properties":{"nome":"Le Cesine","tipo":"ZSC","codice":"IT9150032","ettari":2148,"settori":["LE_01"]},"geometry":{"type":"MultiPolygon","coordinates":[[[[18.31483,40.38821],[18.31885,40.39121],[18.33635,40.39989],[18.34063,40.39606],[18.35283,40.388],[18.36368,40.3704],[18.38228,40.35089],[18.38488,40.34474],[18.38661,40.33654],[18.38608,40.33374],[18.38215,40.33267],[18.37669,40.33594],[18.36404,40.3507],[18.35025,40.36191],[18.34128,40.37012],[18.33168,40.37588],[18.31483,40.38821]]],[[[18.37468,40.32911],[18.37514,40.32692],[18.37466,40.32763],[18.37112,40.3261],[18.36824,40.32812],[18.36866,40.32862],[18.36628,40.33144],[18.36464,40.33141],[18.35866,40.32939],[18.36149,40.3258],[18.35254,40.32256],[18.35229,40.32656],[18.35135,40.32702],[18.3489,40.32691],[18.34866,40.32952],[18.34721,40.32951],[18.34675,40.33133],[18.35931,40.33544],[18.3583,40.33618],[18.36225,40.33751],[18.36101,40.33892],[18.36235,40.34002],[18.36194,40.3405],[18.36069,40.34028],[18.36091,40.33949],[18.35839,40.33851],[18.35895,40.33764],[18.3553,40.33921],[18.35175,40.33714],[18.34915,40.33687],[18.3492,40.338],[18.34777,40.33858],[18.34855,40.33931],[18.34588,40.34113],[18.34466,40.34435],[18.33875,40.34257],[18.33367,40.34581],[18.33216,40.34868],[18.32784,40.34946],[18.32721,40.35249],[18.32313,40.35622],[18.32184,40.3607],[18.3196,40.36282],[18.31655,40.3675],[18.31646,40.36661],[18.31256,40.36525],[18.31091,40.36602],[18.31103,40.36505],[18.3043,40.36256],[18.30279,40.36049],[18.30193,40.36406],[18.30719,40.36707],[18.30732,40.36646],[18.30829,40.36704],[18.30868,40.36661],[18.30981,40.36687],[18.30956,40.36775],[18.31051,40.36761],[18.3091,40.36921],[18.31108,40.37118],[18.31447,40.3731],[18.31539,40.37252],[18.31574,40.37372],[18.31619,40.37276],[18.32021,40.37054],[18.32623,40.36858],[18.33173,40.36384],[18.33946,40.35999],[18.34062,40.35876],[18.35101,40.35277],[18.35331,40.34946],[18.36027,40.34481],[18.36205,40.34314],[18.36201,40.34235],[18.36592,40.33939],[18.36739,40.33631],[18.37071,40.33383],[18.37042,40.33339],[18.37133,40.333],[18.37298,40.33005],[18.37468,40.32911]]]]}},{"type":"Feature","properties":{"nome":"Specchia dell'Alto","tipo":"ZSC","codice":"IT9150033","ettari":436,"settori":["LE_01"]},"geometry":{"type":"Polygon","coordinates":[[[18.28417,40.36134],[18.28294,40.36116],[18.28282,40.36037],[18.28005,40.3587],[18.27726,40.36017],[18.27502,40.36256],[18.27397,40.36209],[18.27413,40.36106],[18.27324,40.36023],[18.27276,40.3606],[18.27176,40.3597],[18.26996,40.36093],[18.27095,40.36188],[18.26868,40.3624],[18.26773,40.3645],[18.26667,40.36521],[18.26417,40.36558],[18.26164,40.36499],[18.26223,40.3645],[18.26113,40.36414],[18.2614,40.36356],[18.26016,40.36338],[18.25913,40.36429],[18.25729,40.36345],[18.25899,40.36103],[18.26138,40.36171],[18.26616,40.35692],[18.2664,40.35641],[18.26338,40.35576],[18.26425,40.35374],[18.26343,40.35374],[18.26347,40.35179],[18.25513,40.35206],[18.25471,40.35377],[18.24867,40.35341],[18.24811,40.35525],[18.25103,40.35642],[18.25303,40.35889],[18.24748,40.36702],[18.25501,40.36791],[18.25309,40.37142],[18.24642,40.37107],[18.24547,40.37296],[18.24968,40.37373],[18.25153,40.37458],[18.25113,40.37535],[18.25807,40.37724],[18.26227,40.37071],[18.26469,40.36931],[18.26466,40.36854],[18.2664,40.36894],[18.2698,40.36762],[18.27103,40.36646],[18.27294,40.36811],[18.27494,40.36664],[18.27796,40.36793],[18.27907,40.3659],[18.28064,40.36604],[18.27734,40.37123],[18.27536,40.36985],[18.27279,40.3749],[18.27565,40.37575],[18.2738,40.37928],[18.2723,40.37891],[18.27222,40.38057],[18.27542,40.38141],[18.27878,40.37604],[18.27993,40.37228],[18.28374,40.36652],[18.2832,40.36419],[18.28417,40.36134]]]}},{"type":"Feature","properties":{"nome":"Valloni di Spinazzola","tipo":"ZSC","codice":"IT9150041","ettari":2729,"settori":["BAT"]},"geometry":{"type":"Polygon","coordinates":[[[16.09763,40.99061],[16.09701,40.98871],[16.09128,40.98819],[16.09005,40.98489],[16.08843,40.98302],[16.08674,40.98224],[16.08362,40.98304],[16.08379,40.98544],[16.08502,40.98691],[16.08424,40.98713],[16.08096,40.98388],[16.07863,40.98342],[16.07571,40.98186],[16.08024,40.97732],[16.07879,40.97604],[16.0794,40.97478],[16.07899,40.97401],[16.08172,40.97235],[16.08231,40.97109],[16.0847,40.97001],[16.08434,40.96913],[16.08318,40.96889],[16.08593,40.96778],[16.0869,40.96797],[16.08769,40.96675],[16.08885,40.96727],[16.08908,40.96657],[16.09062,40.96644],[16.08761,40.96593],[16.08971,40.96534],[16.09147,40.96301],[16.08716,40.95389],[16.08606,40.95357],[16.07959,40.95229],[16.06875,40.9522],[16.06433,40.95339],[16.05061,40.95879],[16.01316,40.96869],[16.00557,40.96906],[16.0114,40.97717],[16.01563,40.98155],[16.02339,40.98737],[16.02815,40.99202],[16.02925,40.99516],[16.03211,40.99816],[16.03093,41.00444],[16.03152,41.00704],[16.03402,41.00716],[16.03791,41.00563],[16.03891,41.00721],[16.04214,41.0098],[16.0422,41.00765],[16.05143,41.0044],[16.05733,41.00163],[16.05748,41.00044],[16.05814,41.00025],[16.05874,41.00208],[16.06146,41.00324],[16.06231,41.00306],[16.07162,40.99899],[16.08103,40.99646],[16.08386,40.99434],[16.0901,40.99238],[16.09275,40.99048],[16.09595,40.98999],[16.09763,40.99061]]]}},{"type":"Feature","properties":{"nome":"Lago del Capraro","tipo":"ZSC","codice":"IT9150036","ettari":39,"settori":["LE_01"]},"geometry":{"type":"MultiPolygon","coordinates":[[[[18.18626,40.2186],[18.18708,40.21689],[18.18218,40.21647],[18.18528,40.218],[18.18511,40.21844],[18.18626,40.2186]]],[[[18.17181,40.21959],[18.17246,40.21858],[18.17122,40.21808],[18.1723,40.21699],[18.17631,40.21754],[18.17662,40.21644],[18.17659,40.21502],[18.17337,40.21436],[18.17229,40.21331],[18.16926,40.21816],[18.17181,40.21959]]],[[[18.19198,40.22294],[18.19211,40.22259],[18.18845,40.22545],[18.19345,40.2266],[18.19485,40.22635],[18.19517,40.22338],[18.19198,40.22294]]]]}},{"type":"Feature","properties":{"nome":"Padula Mancina","tipo":"ZSC","codice":"IT9150035","ettari":92,"settori":["LE_02","LE_03"]},"geometry":{"type":"MultiPolygon","coordinates":[[[[18.30456,39.97481],[18.3077,39.97463],[18.30996,39.96945],[18.30762,39.97035],[18.30497,39.96934],[18.30455,39.9699],[18.30399,39.96968],[18.30277,39.97139],[18.30213,39.97118],[18.30026,39.9742],[18.30276,39.97384],[18.30445,39.97425],[18.30456,39.97481]]],[[[18.28258,39.97887],[18.28147,39.97618],[18.28005,39.97588],[18.27625,39.98047],[18.2802,39.9813],[18.28095,39.97896],[18.28258,39.97887]]],[[[18.31258,39.98849],[18.31459,39.98388],[18.31407,39.98376],[18.31426,39.98232],[18.31367,39.98225],[18.31386,39.9808],[18.31428,39.98005],[18.31515,39.98012],[18.31541,39.97859],[18.30777,39.9833],[18.3061,39.98717],[18.31258,39.98849]]]]}},{"type":"Feature","properties":{"nome":"Costa Otranto - Santa Maria di Leuca","tipo":"ZSC","codice":"IT9150002","ettari":6093,"settori":["LE_03"]},"geometry":{"type":"MultiPolygon","coordinates":[[[[18.54707,40.12569],[18.54612,40.1234],[18.54468,40.12224],[18.54071,40.12138],[18.53699,40.12274],[18.53536,40.12564],[18.53661,40.12865],[18.53818,40.12972],[18.54118,40.13036],[18.54419,40.12974],[18.54578,40.12869],[18.54707,40.12569]]],[[[18.35818,39.78864],[18.36693,39.79321],[18.36589,39.79542],[18.36716,39.79547],[18.36705,39.79585],[18.36541,39.79771],[18.36336,39.79875],[18.36522,39.80038],[18.36672,39.80033],[18.36814,39.79856],[18.36768,39.79609],[18.36821,39.79523],[18.36904,39.79551],[18.3682,39.79481],[18.3686,39.79445],[18.36984,39.79686],[18.36922,39.79714],[18.37138,39.79802],[18.37535,39.80184],[18.37515,39.80414],[18.37598,39.8042],[18.37705,39.8054],[18.37659,39.80642],[18.37871,39.80784],[18.37832,39.80915],[18.38109,39.80947],[18.3801,39.80982],[18.3842,39.81548],[18.38917,39.81955],[18.38892,39.82285],[18.38721,39.82344],[18.38668,39.8249],[18.38592,39.82515],[18.38449,39.82964],[18.38253,39.83281],[18.38188,39.83708],[18.37934,39.83884],[18.38028,39.83933],[18.37957,39.84086],[18.38046,39.84135],[18.37975,39.84375],[18.38092,39.84349],[18.38006,39.84448],[18.381,39.84509],[18.37941,39.84682],[18.38032,39.84801],[18.37792,39.8499],[18.37764,39.85097],[18.37675,39.85096],[18.37643,39.85252],[18.37743,39.85272],[18.37884,39.8513],[18.37835,39.85094],[18.37904,39.85011],[18.38012,39.85075],[18.3819,39.85042],[18.38357,39.84738],[18.38716,39.84732],[18.38918,39.85109],[18.38721,39.85114],[18.38604,39.85233],[18.38455,39.85212],[18.38375,39.85424],[18.38604,39.85497],[18.38534,39.85774],[18.38407,39.85738],[18.38603,39.86239],[18.3857,39.86389],[18.38839,39.86356],[18.39007,39.86245],[18.38747,39.85922],[18.38869,39.85918],[18.38847,39.85879],[18.38975,39.85817],[18.39153,39.86021],[18.39121,39.86132],[18.3925,39.86118],[18.39202,39.86226],[18.39381,39.86386],[18.39336,39.86475],[18.39098,39.86389],[18.39069,39.86544],[18.3926,39.8667],[18.39082,39.8674],[18.39071,39.86846],[18.38939,39.86885],[18.388,39.86786],[18.38686,39.86839],[18.38771,39.86932],[18.38739,39.87053],[18.38556,39.87293],[18.3835,39.87403],[18.38317,39.87597],[18.38494,39.8757],[18.39042,39.87113],[18.39175,39.87074],[18.39353,39.87048],[18.39532,39.87103],[18.39636,39.87057],[18.39744,39.87219],[18.39584,39.87262],[18.39604,39.87785],[18.39399,39.87795],[18.39365,39.87962],[18.38825,39.88504],[18.39299,39.8883],[18.39335,39.88981],[18.39254,39.89007],[18.39165,39.89344],[18.39224,39.8937],[18.39188,39.89447],[18.39377,39.89465],[18.39005,39.90354],[18.38714,39.90584],[18.38695,39.90765],[18.38572,39.90942],[18.38671,39.91051],[18.38829,39.90918],[18.38888,39.91018],[18.38974,39.91014],[18.38937,39.90959],[18.39081,39.90862],[18.39217,39.90963],[18.39388,39.91314],[18.39321,39.91465],[18.39119,39.91573],[18.39234,39.91846],[18.38943,39.92246],[18.39044,39.92349],[18.38877,39.92467],[18.39002,39.92533],[18.3916,39.92332],[18.39037,39.92231],[18.39081,39.92136],[18.39207,39.92244],[18.39325,39.92133],[18.39615,39.92147],[18.39893,39.93103],[18.39945,39.93456],[18.39779,39.93462],[18.39811,39.93845],[18.39871,39.94123],[18.40073,39.94507],[18.40076,39.94831],[18.39755,39.94936],[18.39708,39.95003],[18.39778,39.95095],[18.39588,39.95031],[18.39671,39.95307],[18.39605,39.95453],[18.39769,39.95481],[18.39881,39.95585],[18.39775,39.95857],[18.39864,39.95856],[18.39801,39.96034],[18.39885,39.96136],[18.3986,39.96369],[18.39936,39.96478],[18.40094,39.96472],[18.40187,39.96391],[18.4023,39.96221],[18.40162,39.95982],[18.40237,39.95978],[18.40248,39.96174],[18.40384,39.96389],[18.405,39.96413],[18.40506,39.96547],[18.40826,39.9652],[18.41059,39.9682],[18.41146,39.97491],[18.40418,39.97581],[18.40394,39.97537],[18.40191,39.97641],[18.40181,39.97737],[18.40126,39.97654],[18.39992,39.97665],[18.40184,39.97982],[18.40158,39.98116],[18.40225,39.98207],[18.40421,39.98238],[18.40421,39.98306],[18.40552,39.98361],[18.40416,39.98387],[18.40519,39.98601],[18.40734,39.98537],[18.40894,39.98684],[18.40892,39.98763],[18.40793,39.98814],[18.40893,39.98877],[18.40784,39.98939],[18.40875,39.98964],[18.40856,39.99059],[18.41108,39.99073],[18.41101,39.99016],[18.41342,39.98983],[18.41227,39.98804],[18.4113,39.98304],[18.40729,39.97902],[18.40601,39.9756],[18.4067,39.9756],[18.40659,39.97626],[18.40777,39.97606],[18.40825,39.9785],[18.41212,39.98247],[18.41455,39.99027],[18.41365,39.99094],[18.41082,39.99101],[18.40981,39.99278],[18.40853,39.99308],[18.40809,39.99383],[18.40882,39.99399],[18.41207,39.99194],[18.41444,39.9925],[18.41497,39.99217],[18.41679,39.9948],[18.42125,39.99874],[18.42304,39.99931],[18.42323,40.00001],[18.42667,39.99725],[18.43172,39.99918],[18.43105,40.00245],[18.43196,40.00391],[18.43169,40.00482],[18.43064,40.00507],[18.43164,40.00631],[18.43129,40.00821],[18.43008,40.00907],[18.42934,40.00892],[18.42905,40.00747],[18.42825,40.00815],[18.42881,40.00874],[18.42793,40.01111],[18.42884,40.01417],[18.42709,40.01601],[18.42562,40.02187],[18.42861,40.02618],[18.431,40.02654],[18.43078,40.02793],[18.43372,40.02899],[18.43547,40.02764],[18.43687,40.02895],[18.4354,40.02969],[18.43757,40.03081],[18.43781,40.03265],[18.43669,40.03226],[18.43567,40.03527],[18.44065,40.03832],[18.44348,40.03404],[18.445,40.03297],[18.44661,40.03351],[18.44894,40.03244],[18.45069,40.03294],[18.4517,40.03156],[18.45667,40.0314],[18.46148,40.03366],[18.45958,40.03505],[18.46154,40.03517],[18.46244,40.03576],[18.46261,40.03695],[18.46362,40.03681],[18.46692,40.03815],[18.46652,40.03876],[18.46522,40.03865],[18.46539,40.03923],[18.4628,40.03865],[18.46247,40.03933],[18.46127,40.03936],[18.45988,40.03754],[18.45875,40.03765],[18.45768,40.03627],[18.45641,40.03707],[18.45681,40.0381],[18.4561,40.03954],[18.4536,40.03918],[18.4525,40.03989],[18.45197,40.03891],[18.44847,40.03992],[18.44905,40.0409],[18.44991,40.04097],[18.45238,40.041],[18.45486,40.04021],[18.45568,40.04041],[18.4555,40.04116],[18.45732,40.04052],[18.4577,40.03948],[18.46156,40.04096],[18.4638,40.04016],[18.46483,40.04052],[18.46497,40.04118],[18.46259,40.04383],[18.46443,40.04518],[18.46278,40.04645],[18.46411,40.04719],[18.46446,40.04897],[18.46584,40.04905],[18.46786,40.0509],[18.4692,40.05767],[18.47068,40.05714],[18.4706,40.05961],[18.47165,40.05931],[18.47157,40.06391],[18.47484,40.06366],[18.47991,40.0667],[18.47853,40.06947],[18.4784,40.07273],[18.47925,40.07415],[18.48115,40.07435],[18.48231,40.07617],[18.48155,40.07737],[18.47902,40.07612],[18.4793,40.07842],[18.4735,40.08268],[18.47352,40.08614],[18.47563,40.08751],[18.47607,40.08908],[18.47593,40.09087],[18.47492,40.09156],[18.47968,40.0918],[18.48102,40.09032],[18.48424,40.09001],[18.48482,40.08886],[18.48396,40.08593],[18.48445,40.08519],[18.48706,40.08794],[18.48983,40.08849],[18.48942,40.09136],[18.49055,40.09516],[18.49009,40.09764],[18.49104,40.09957],[18.49558,40.10208],[18.49669,40.10333],[18.50084,40.10362],[18.50342,40.10176],[18.50502,40.1024],[18.50691,40.102],[18.51548,40.10667],[18.51653,40.10781],[18.51651,40.10879],[18.51146,40.11584],[18.50583,40.11764],[18.50279,40.11937],[18.5012,40.11912],[18.49996,40.12407],[18.49798,40.12772],[18.49893,40.12806],[18.49738,40.13],[18.49641,40.13336],[18.49912,40.13665],[18.50021,40.13532],[18.5049,40.13698],[18.50626,40.13811],[18.50035,40.13974],[18.49733,40.14218],[18.50096,40.14254],[18.50129,40.1461],[18.50242,40.14722],[18.5034,40.14698],[18.50816,40.14235],[18.50809,40.13913],[18.51125,40.13868],[18.51541,40.14083],[18.52157,40.13623],[18.52295,40.13185],[18.52408,40.13106],[18.52563,40.12685],[18.52531,40.12431],[18.52076,40.12126],[18.52181,40.115],[18.52492,40.1095],[18.52343,40.10539],[18.51911,40.10067],[18.51211,40.09738],[18.51246,40.09533],[18.51611,40.09171],[18.51443,40.08855],[18.50586,40.08708],[18.50316,40.08431],[18.49367,40.08044],[18.49083,40.07817],[18.48597,40.06966],[18.48437,40.06388],[18.48127,40.06018],[18.48008,40.05007],[18.47635,40.04182],[18.47358,40.04116],[18.46922,40.03639],[18.46629,40.03434],[18.46097,40.02828],[18.4567,40.02506],[18.45088,40.01933],[18.44866,40.01595],[18.44579,40.00856],[18.44523,40.00509],[18.44871,39.99933],[18.449,39.99728],[18.44754,39.99289],[18.43852,39.98263],[18.43845,39.97926],[18.43978,39.97675],[18.43982,39.97459],[18.43646,39.96896],[18.43803,39.9633],[18.4342,39.9591],[18.43375,39.95632],[18.43433,39.95518],[18.43216,39.95285],[18.43199,39.94993],[18.43082,39.94893],[18.42893,39.94915],[18.42906,39.94777],[18.4276,39.94386],[18.42805,39.94037],[18.41644,39.92971],[18.40872,39.92417],[18.40084,39.91412],[18.40089,39.91109],[18.40255,39.9074],[18.40269,39.90113],[18.40424,39.89461],[18.41299,39.88767],[18.41627,39.88376],[18.41543,39.8823],[18.41258,39.88034],[18.41115,39.87785],[18.40753,39.87738],[18.40556,39.87596],[18.40499,39.87156],[18.40201,39.869],[18.401,39.86622],[18.401,39.85993],[18.39579,39.85398],[18.39072,39.83945],[18.38932,39.83757],[18.39086,39.82875],[18.39287,39.82316],[18.39317,39.81848],[18.39218,39.816],[18.38974,39.81313],[18.38783,39.80746],[18.38551,39.80524],[18.38336,39.80461],[18.38172,39.80324],[18.37828,39.79885],[18.37676,39.79771],[18.37543,39.79783],[18.37402,39.79707],[18.37175,39.79498],[18.37054,39.79266],[18.36973,39.78451],[18.36705,39.7806],[18.36145,39.77889],[18.35929,39.77968],[18.35818,39.78864]],[[18.48427,40.07845],[18.48336,40.07923],[18.48399,40.07973],[18.48375,40.08056],[18.4816,40.08103],[18.48166,40.07954],[18.48243,40.07886],[18.48118,40.07911],[18.48113,40.07825],[18.48335,40.07788],[18.48427,40.07845]],[[18.43021,40.01132],[18.43065,40.012],[18.43277,40.01177],[18.43456,40.01339],[18.43501,40.01462],[18.43373,40.01548],[18.43238,40.01552],[18.43008,40.01261],[18.43021,40.01132]],[[18.38855,39.84494],[18.38783,39.84559],[18.38508,39.84471],[18.38591,39.8444],[18.38855,39.84494]]]]}},{"type":"Feature","properties":{"nome":"Rauccio","tipo":"ZSC","codice":"IT9150006","ettari":6590,"settori":["LE_01"]},"geometry":{"type":"MultiPolygon","coordinates":[[[[18.15876,40.48244],[18.16109,40.48101],[18.17019,40.4807],[18.17477,40.47725],[18.17635,40.47547],[18.17563,40.47467],[18.17719,40.47334],[18.18537,40.46964],[18.19155,40.46817],[18.19924,40.46823],[18.19925,40.46616],[18.19768,40.46599],[18.1978,40.46525],[18.19487,40.46682],[18.19445,40.45675],[18.19234,40.45531],[18.19123,40.45542],[18.18887,40.45732],[18.18429,40.45577],[18.18444,40.45825],[18.18185,40.45872],[18.18273,40.45589],[18.1793,40.45236],[18.17409,40.45474],[18.17239,40.45193],[18.17004,40.45312],[18.1709,40.45476],[18.17328,40.45595],[18.1687,40.45635],[18.17046,40.45932],[18.16912,40.46022],[18.16409,40.45982],[18.16734,40.46405],[18.15825,40.47115],[18.15665,40.47654],[18.15876,40.48244]]],[[[18.22558,40.47384],[18.19399,40.49219],[18.17323,40.50599],[18.14481,40.51409],[18.11928,40.52886],[18.09236,40.54563],[18.13873,40.56577],[18.14559,40.56221],[18.15183,40.55298],[18.16666,40.56032],[18.1878,40.54491],[18.24413,40.51904],[18.24216,40.51482],[18.2622,40.509],[18.22558,40.47384]]]]}},{"type":"Feature","properties":{"nome":"Paludi presso il Golfo di Manfredonia","tipo":"ZPS","codice":"IT9110038","ettari":14437,"settori":["BAT","FG_03","FG_04"]},"geometry":{"type":"Polygon","coordinates":[[[15.85495,41.53837],[15.84835,41.54747],[15.84218,41.54335],[15.84024,41.54503],[15.83366,41.54302],[15.82605,41.54155],[15.82264,41.54167],[15.80762,41.54598],[15.80835,41.54805],[15.82377,41.54386],[15.82648,41.54369],[15.84439,41.54879],[15.8344,41.55676],[15.8339,41.55638],[15.8326,41.55719],[15.83543,41.56001],[15.83598,41.55971],[15.8376,41.561],[15.83712,41.56139],[15.83601,41.56084],[15.83425,41.56158],[15.83322,41.56101],[15.83006,41.56273],[15.85523,41.57749],[15.85955,41.58146],[15.86111,41.57936],[15.86226,41.58164],[15.86341,41.58229],[15.86871,41.58335],[15.87177,41.58476],[15.87363,41.58253],[15.87601,41.58147],[15.87639,41.58019],[15.87675,41.58071],[15.8784,41.58024],[15.88959,41.58152],[15.89108,41.58321],[15.89263,41.58338],[15.89376,41.58726],[15.89486,41.58719],[15.89436,41.57509],[15.89544,41.56701],[15.89833,41.55113],[15.90293,41.53641],[15.9095,41.52487],[15.91832,41.50544],[15.92614,41.49312],[15.93911,41.4776],[15.95182,41.46569],[15.96334,41.45693],[15.98043,41.44589],[15.99839,41.43668],[16.02571,41.42539],[16.03849,41.42128],[16.04165,41.42128],[16.04493,41.42012],[16.10181,41.39744],[16.10214,41.39787],[16.1043,41.39754],[16.10514,41.3971],[16.10302,41.3929],[16.11329,41.39051],[16.11994,41.3877],[16.13392,41.38453],[16.13944,41.38192],[16.13827,41.38052],[16.14529,41.37654],[16.14278,41.37479],[16.14776,41.37173],[16.14888,41.37255],[16.15356,41.3696],[16.15553,41.36763],[16.15212,41.36505],[16.14527,41.36589],[16.13186,41.37107],[16.13017,41.36967],[16.12624,41.37209],[16.12463,41.37197],[16.11881,41.37079],[16.1164,41.36772],[16.11517,41.36357],[16.11304,41.36453],[16.10711,41.36455],[16.10209,41.36551],[16.09918,41.36469],[16.09851,41.36221],[16.08842,41.36446],[16.08302,41.36401],[16.08349,41.36842],[16.08255,41.36867],[16.08007,41.36571],[16.06991,41.37057],[16.06299,41.36301],[16.05588,41.36658],[16.05453,41.37007],[16.0469,41.37263],[16.04511,41.37069],[16.03598,41.37545],[16.03489,41.37465],[16.03331,41.37514],[16.0279,41.37478],[16.02511,41.37341],[16.02389,41.37684],[16.018,41.38153],[16.02031,41.38226],[16.02102,41.38321],[16.01103,41.38607],[16.01217,41.38706],[16.01081,41.3883],[16.00521,41.3909],[15.9965,41.39285],[15.98865,41.39758],[15.98455,41.39553],[15.98054,41.39558],[15.97588,41.39421],[15.97158,41.39386],[15.95953,41.40305],[15.95035,41.40069],[15.94704,41.39675],[15.94438,41.39557],[15.94539,41.38995],[15.94413,41.3894],[15.93128,41.39517],[15.92807,41.39509],[15.92489,41.39385],[15.9235,41.3939],[15.9183,41.39059],[15.91133,41.38917],[15.90981,41.38937],[15.90473,41.39206],[15.9122,41.39216],[15.92011,41.39616],[15.92524,41.40051],[15.92678,41.40812],[15.94912,41.41135],[15.95543,41.41953],[15.94947,41.42134],[15.93509,41.41807],[15.93499,41.41867],[15.91353,41.42718],[15.91377,41.42968],[15.91981,41.42931],[15.92509,41.47286],[15.91261,41.47427],[15.91166,41.46565],[15.90749,41.46595],[15.90933,41.4689],[15.89133,41.47479],[15.88623,41.47033],[15.88589,41.46787],[15.88415,41.46826],[15.88481,41.47128],[15.88984,41.476],[15.89606,41.47777],[15.87938,41.49428],[15.88193,41.4961],[15.86839,41.50536],[15.86707,41.50492],[15.86642,41.50558],[15.85491,41.50019],[15.84508,41.49274],[15.84418,41.49348],[15.85473,41.50159],[15.86275,41.50517],[15.86439,41.50668],[15.86295,41.51693],[15.85577,41.52677],[15.8538,41.53272],[15.85495,41.53837]]]}},{"type":"Feature","properties":{"nome":"Laghi di Lesina e Varano","tipo":"ZPS","codice":"IT9110037","ettari":15195,"settori":["FG_01","FG_02"]},"geometry":{"type":"MultiPolygon","coordinates":[[[[15.76026,41.84305],[15.75655,41.84401],[15.75084,41.84704],[15.74257,41.84853],[15.73951,41.84843],[15.73568,41.84986],[15.72807,41.85091],[15.71907,41.8505],[15.71391,41.85133],[15.70578,41.855],[15.70286,41.85725],[15.69688,41.85891],[15.68942,41.86312],[15.68158,41.86856],[15.68048,41.86999],[15.68163,41.87212],[15.68317,41.87407],[15.68615,41.87526],[15.68634,41.87592],[15.68454,41.87748],[15.6845,41.88072],[15.68626,41.88539],[15.68738,41.88657],[15.68425,41.89003],[15.68555,41.89245],[15.68475,41.89592],[15.68307,41.89699],[15.68166,41.89686],[15.68008,41.89813],[15.67867,41.89814],[15.678,41.90001],[15.67877,41.90175],[15.67791,41.90518],[15.67883,41.90708],[15.67333,41.91301],[15.6717,41.91599],[15.67254,41.917],[15.67424,41.9158],[15.67953,41.91498],[15.69928,41.91447],[15.73547,41.91581],[15.78848,41.91977],[15.78938,41.91697],[15.79703,41.91779],[15.80125,41.91892],[15.80516,41.91555],[15.80778,41.91664],[15.81615,41.91776],[15.81807,41.91741],[15.8219,41.9181],[15.82343,41.9173],[15.82423,41.91526],[15.82282,41.91247],[15.8153,41.91065],[15.81013,41.90767],[15.80532,41.90754],[15.80711,41.90448],[15.80772,41.90097],[15.80438,41.89527],[15.80388,41.89205],[15.8022,41.8905],[15.80309,41.88742],[15.80208,41.88654],[15.80206,41.88393],[15.80388,41.88132],[15.80668,41.88031],[15.80624,41.87705],[15.81011,41.87253],[15.81021,41.87136],[15.80839,41.86489],[15.80659,41.86269],[15.80375,41.86193],[15.80468,41.8573],[15.80334,41.85485],[15.79896,41.85208],[15.79855,41.85086],[15.79568,41.84857],[15.79244,41.84716],[15.78925,41.84752],[15.78263,41.84961],[15.77658,41.84937],[15.77205,41.84842],[15.76753,41.84555],[15.76026,41.84305]]],[[[15.51052,41.90787],[15.50239,41.90708],[15.47675,41.90287],[15.47417,41.90308],[15.47163,41.90165],[15.46229,41.90066],[15.45892,41.89851],[15.45299,41.89774],[15.45306,41.89541],[15.46262,41.89441],[15.4646,41.89478],[15.4723,41.89835],[15.48136,41.89886],[15.49363,41.89823],[15.50275,41.90128],[15.50511,41.90326],[15.50724,41.90404],[15.51102,41.90355],[15.51162,41.9039],[15.51151,41.906],[15.51706,41.90733],[15.57018,41.91808],[15.60543,41.92354],[15.60647,41.92362],[15.60707,41.92223],[15.60519,41.92054],[15.59702,41.91648],[15.59544,41.91801],[15.5911,41.91806],[15.58369,41.91584],[15.58146,41.91638],[15.58162,41.91587],[15.58061,41.91554],[15.57824,41.91279],[15.58008,41.90654],[15.57591,41.90291],[15.563,41.89581],[15.5614,41.89432],[15.56044,41.89492],[15.55259,41.88785],[15.53449,41.88501],[15.53388,41.88612],[15.53252,41.88543],[15.52917,41.8864],[15.52889,41.88455],[15.53079,41.88312],[15.53029,41.88239],[15.5267,41.88352],[15.52643,41.88203],[15.52283,41.88279],[15.52139,41.88427],[15.51136,41.87926],[15.50978,41.8808],[15.50183,41.87655],[15.48351,41.87135],[15.4817,41.87032],[15.48446,41.86759],[15.48212,41.86693],[15.48022,41.86704],[15.47756,41.86865],[15.47743,41.86956],[15.44473,41.86682],[15.42975,41.86786],[15.424,41.86847],[15.41464,41.87301],[15.4096,41.87398],[15.38855,41.87261],[15.39159,41.87025],[15.38951,41.86628],[15.38763,41.86563],[15.38476,41.86339],[15.38494,41.86163],[15.38348,41.86273],[15.38157,41.86278],[15.37826,41.86853],[15.37064,41.86529],[15.36567,41.86237],[15.36326,41.86284],[15.36491,41.86528],[15.36063,41.8654],[15.35608,41.86439],[15.35296,41.86657],[15.35081,41.8666],[15.34913,41.86163],[15.34476,41.86022],[15.34476,41.8607],[15.34224,41.86122],[15.34027,41.86452],[15.33448,41.86864],[15.32746,41.86999],[15.3248,41.87159],[15.32346,41.86995],[15.32168,41.87087],[15.31731,41.86605],[15.30666,41.87932],[15.3082,41.88584],[15.315,41.89369],[15.32113,41.89762],[15.33502,41.89764],[15.33505,41.90289],[15.33706,41.90298],[15.33723,41.90232],[15.33941,41.90175],[15.34328,41.90333],[15.33926,41.91388],[15.33848,41.91388],[15.33937,41.91717],[15.34056,41.91806],[15.34023,41.91741],[15.34097,41.91649],[15.34454,41.91494],[15.34425,41.91388],[15.34755,41.91053],[15.35699,41.905],[15.36609,41.90277],[15.37489,41.90159],[15.39443,41.90067],[15.4163,41.90106],[15.44686,41.9029],[15.48884,41.90715],[15.50943,41.90998],[15.51052,41.90787]]]]}},{"type":"Feature","properties":{"nome":"Promontorio del Gargano","tipo":"ZPS","codice":"IT9110039","ettari":70012,"settori":["FG_01","FG_02","FG_03"]},"geometry":{"type":"MultiPolygon","coordinates":[[[[15.80566,41.55115],[15.79557,41.553],[15.78944,41.55605],[15.78349,41.55629],[15.78119,41.55693],[15.76748,41.56235],[15.77186,41.56614],[15.7677,41.56837],[15.77231,41.57043],[15.77269,41.57121],[15.77159,41.57176],[15.76999,41.57554],[15.7686,41.57704],[15.77188,41.57973],[15.77209,41.58107],[15.76982,41.58252],[15.77094,41.58381],[15.76723,41.5856],[15.76758,41.5863],[15.76847,41.58589],[15.769,41.58651],[15.76707,41.58772],[15.76593,41.58767],[15.76419,41.58939],[15.76474,41.59048],[15.7564,41.59525],[15.7555,41.59681],[15.74575,41.59776],[15.74146,41.59882],[15.7268,41.59973],[15.72427,41.60089],[15.72617,41.60221],[15.72538,41.60297],[15.72256,41.60421],[15.72034,41.60371],[15.71586,41.60483],[15.71098,41.6071],[15.71288,41.60745],[15.71046,41.60908],[15.71093,41.61002],[15.70985,41.61037],[15.70824,41.60991],[15.70791,41.60875],[15.704,41.61007],[15.69868,41.61027],[15.69476,41.61203],[15.69389,41.61101],[15.69591,41.60925],[15.69533,41.60866],[15.67486,41.61267],[15.67197,41.61264],[15.67381,41.61698],[15.66984,41.61775],[15.66726,41.61234],[15.66577,41.61286],[15.66411,41.61539],[15.66069,41.61798],[15.64853,41.62108],[15.64352,41.62429],[15.63472,41.62731],[15.63053,41.63019],[15.64342,41.64168],[15.64164,41.64242],[15.63637,41.63931],[15.63463,41.64039],[15.62473,41.63452],[15.62141,41.63669],[15.61897,41.64028],[15.61987,41.641],[15.62911,41.64258],[15.62048,41.64596],[15.61687,41.64833],[15.61791,41.64955],[15.615,41.65047],[15.61429,41.64906],[15.60751,41.65098],[15.60321,41.64781],[15.60036,41.65113],[15.60318,41.65196],[15.60414,41.65381],[15.60379,41.65512],[15.58874,41.66224],[15.58064,41.66422],[15.5798,41.66361],[15.57639,41.66471],[15.57643,41.66839],[15.57464,41.66932],[15.56967,41.6693],[15.5685,41.67191],[15.5672,41.67248],[15.56656,41.67455],[15.56886,41.67726],[15.57209,41.67628],[15.57202,41.67711],[15.57268,41.67692],[15.57217,41.67909],[15.5735,41.67892],[15.57328,41.67948],[15.57714,41.67773],[15.58786,41.67618],[15.58867,41.67335],[15.58891,41.67614],[15.59044,41.67621],[15.59185,41.67703],[15.59389,41.67639],[15.59576,41.67485],[15.59868,41.67453],[15.59821,41.67616],[15.596,41.67706],[15.59634,41.6787],[15.59724,41.67856],[15.59643,41.68002],[15.59805,41.68027],[15.59771,41.68076],[15.59907,41.68055],[15.59941,41.68136],[15.60026,41.68151],[15.60052,41.68319],[15.60354,41.68178],[15.60341,41.68236],[15.60401,41.6824],[15.60333,41.68803],[15.60502,41.68786],[15.60358,41.68836],[15.60102,41.68759],[15.59873,41.6877],[15.59659,41.68958],[15.59797,41.69171],[15.61433,41.69578],[15.61765,41.69301],[15.62484,41.69066],[15.62536,41.68975],[15.63037,41.69144],[15.63093,41.69245],[15.63213,41.69142],[15.63497,41.69226],[15.63595,41.69],[15.63767,41.68993],[15.6389,41.68823],[15.63841,41.68772],[15.64195,41.68774],[15.64314,41.68617],[15.64616,41.68905],[15.64651,41.68767],[15.64804,41.68726],[15.65174,41.68869],[15.65272,41.68937],[15.65276,41.69036],[15.65345,41.68938],[15.65307,41.68804],[15.6539,41.68781],[15.65442,41.6889],[15.65486,41.6885],[15.65731,41.69008],[15.65778,41.69125],[15.65833,41.69141],[15.65996,41.69004],[15.65973,41.69136],[15.66078,41.69357],[15.65885,41.69612],[15.66115,41.69549],[15.66211,41.696],[15.6637,41.69557],[15.66458,41.69161],[15.66551,41.69186],[15.66701,41.69441],[15.66975,41.69544],[15.67026,41.69413],[15.67155,41.694],[15.67165,41.69604],[15.68098,41.69525],[15.68227,41.6947],[15.68315,41.69284],[15.6823,41.68947],[15.68415,41.68602],[15.68524,41.68618],[15.68531,41.68501],[15.68766,41.68355],[15.69048,41.68357],[15.69146,41.6842],[15.69093,41.6862],[15.68947,41.68785],[15.69125,41.6886],[15.69151,41.69047],[15.6924,41.6903],[15.69404,41.68847],[15.69578,41.68954],[15.69628,41.68914],[15.69856,41.68999],[15.69918,41.68861],[15.69774,41.68823],[15.69733,41.68682],[15.69849,41.68649],[15.6992,41.68707],[15.69919,41.68549],[15.70025,41.68453],[15.69721,41.68411],[15.69892,41.68307],[15.69908,41.68216],[15.70219,41.68214],[15.70268,41.68276],[15.70103,41.68416],[15.70208,41.68634],[15.70331,41.68661],[15.70472,41.68514],[15.70736,41.68488],[15.71028,41.68354],[15.71057,41.68412],[15.71171,41.68378],[15.71298,41.68551],[15.7141,41.68539],[15.71572,41.68626],[15.71732,41.68538],[15.71743,41.68634],[15.71977,41.68733],[15.72058,41.68654],[15.72129,41.68726],[15.72271,41.68692],[15.7241,41.69002],[15.72648,41.68905],[15.72965,41.68431],[15.72942,41.6832],[15.72801,41.6832],[15.72804,41.68253],[15.73013,41.68234],[15.73084,41.68313],[15.73251,41.68264],[15.73345,41.68374],[15.73571,41.68286],[15.73541,41.68467],[15.73668,41.68497],[15.73697,41.68565],[15.73631,41.68525],[15.73532,41.68585],[15.7364,41.68573],[15.73968,41.68945],[15.74323,41.68991],[15.74237,41.69109],[15.74821,41.6884],[15.74819,41.68642],[15.75005,41.68431],[15.7503,41.68241],[15.74954,41.68196],[15.75075,41.67998],[15.75217,41.6794],[15.75371,41.68071],[15.75264,41.68211],[15.75394,41.6816],[15.75489,41.68191],[15.7548,41.68137],[15.75592,41.6809],[15.75734,41.68367],[15.7596,41.68282],[15.7591,41.684],[15.76043,41.68447],[15.75928,41.68551],[15.76084,41.68538],[15.76173,41.68609],[15.76191,41.68714],[15.76049,41.68852],[15.7609,41.68898],[15.75964,41.69157],[15.75555,41.69456],[15.75741,41.69625],[15.75706,41.6977],[15.75516,41.69885],[15.7565,41.69938],[15.75758,41.6986],[15.75808,41.70084],[15.76091,41.70188],[15.76114,41.70291],[15.76218,41.703],[15.77759,41.70192],[15.77817,41.70115],[15.77966,41.70086],[15.79011,41.69986],[15.79887,41.69641],[15.8002,41.6972],[15.80732,41.69299],[15.81015,41.69414],[15.81301,41.68972],[15.81508,41.69588],[15.82091,41.69597],[15.82753,41.69709],[15.82794,41.69634],[15.82922,41.69663],[15.82963,41.69531],[15.83234,41.6959],[15.83208,41.69418],[15.83337,41.69367],[15.83874,41.69404],[15.84009,41.69137],[15.84792,41.68622],[15.85158,41.68594],[15.85504,41.68779],[15.85828,41.68643],[15.85793,41.68588],[15.85981,41.68469],[15.86178,41.6839],[15.86333,41.68419],[15.86367,41.68371],[15.86493,41.68386],[15.86813,41.6864],[15.86904,41.68544],[15.87158,41.6848],[15.87472,41.68528],[15.87578,41.68722],[15.87971,41.68648],[15.88013,41.6872],[15.87886,41.69114],[15.87962,41.6918],[15.88623,41.69291],[15.88827,41.69216],[15.89132,41.69501],[15.89205,41.69944],[15.89539,41.70294],[15.89849,41.70468],[15.89946,41.70468],[15.90202,41.70268],[15.90444,41.70431],[15.90785,41.70395],[15.91169,41.70538],[15.91285,41.70437],[15.91548,41.70393],[15.91686,41.70496],[15.91861,41.70292],[15.91944,41.70343],[15.92106,41.70276],[15.92328,41.70387],[15.92431,41.70587],[15.92582,41.70625],[15.92819,41.70497],[15.9309,41.70688],[15.93314,41.7074],[15.9386,41.70666],[15.94076,41.70737],[15.94325,41.70674],[15.94438,41.70704],[15.94551,41.70691],[15.94615,41.70573],[15.94977,41.70509],[15.95184,41.70386],[15.95439,41.69995],[15.9562,41.70052],[15.95662,41.7001],[15.95698,41.69848],[15.96078,41.69813],[15.96122,41.69901],[15.96229,41.69901],[15.96279,41.7005],[15.96582,41.70075],[15.96606,41.69949],[15.96879,41.69668],[15.9688,41.69527],[15.96997,41.69402],[15.96918,41.6936],[15.96774,41.6948],[15.96869,41.694],[15.96862,41.6919],[15.97178,41.69443],[15.97023,41.69567],[15.96745,41.69999],[15.96933,41.70084],[15.96929,41.70136],[15.97296,41.70133],[15.9759,41.69623],[15.97701,41.69717],[15.97918,41.69541],[15.9814,41.69564],[15.97912,41.69797],[15.97423,41.70113],[15.97507,41.70192],[15.97403,41.70334],[15.97512,41.70391],[15.97636,41.70336],[15.97773,41.70379],[15.97859,41.70341],[15.97835,41.70417],[15.97956,41.70478],[15.98012,41.70458],[15.97968,41.70436],[15.98236,41.70422],[15.98468,41.70563],[15.98453,41.70629],[15.98256,41.70643],[15.98258,41.70606],[15.98046,41.70691],[15.97832,41.70698],[15.97124,41.70579],[15.96808,41.70759],[15.96426,41.70704],[15.96421,41.70799],[15.96273,41.70757],[15.96375,41.70819],[15.96308,41.70871],[15.96172,41.70917],[15.95954,41.70877],[15.95927,41.71089],[15.95793,41.71031],[15.95665,41.71095],[15.95681,41.71058],[15.95562,41.71045],[15.95392,41.71175],[15.95228,41.71175],[15.95175,41.71256],[15.94567,41.71435],[15.94503,41.7159],[15.94349,41.71544],[15.94331,41.71661],[15.94057,41.71671],[15.93949,41.72075],[15.93763,41.72197],[15.93701,41.7245],[15.93576,41.72578],[15.93503,41.72564],[15.93397,41.7273],[15.93353,41.72693],[15.93174,41.72864],[15.92928,41.72945],[15.92503,41.72982],[15.92485,41.73086],[15.92199,41.7331],[15.92426,41.73532],[15.92664,41.73624],[15.9281,41.73601],[15.92975,41.7381],[15.9308,41.73826],[15.93239,41.73697],[15.93533,41.73742],[15.93747,41.73918],[15.94485,41.73914],[15.94823,41.74],[15.94905,41.73944],[15.95069,41.74088],[15.9543,41.74151],[15.95476,41.74045],[15.95857,41.74411],[15.96031,41.74496],[15.96382,41.74176],[15.96452,41.74017],[15.96919,41.73689],[15.9711,41.73445],[15.972,41.73641],[15.97501,41.73697],[15.97777,41.73613],[15.97851,41.73469],[15.98029,41.73894],[15.98239,41.74007],[15.982,41.74113],[15.98355,41.74259],[15.98381,41.74388],[15.9861,41.74532],[15.98628,41.74603],[15.98951,41.74609],[15.99001,41.74658],[15.9891,41.7477],[15.99044,41.75007],[15.99117,41.74989],[15.99249,41.75088],[15.99491,41.74924],[15.99605,41.74653],[15.99828,41.74575],[15.99953,41.74206],[16.00195,41.74034],[16.00316,41.74022],[16.00667,41.74191],[16.00844,41.74179],[16.00925,41.7429],[16.01327,41.74406],[16.01439,41.74543],[16.01491,41.74531],[16.01264,41.75011],[16.00934,41.75222],[16.00853,41.75433],[16.00402,41.75551],[16.00469,41.75652],[16.00323,41.76078],[16.00181,41.76227],[16.00061,41.76173],[15.99932,41.76207],[15.99904,41.76397],[15.9949,41.76307],[15.99549,41.76458],[15.99714,41.766],[15.99659,41.76674],[15.99478,41.76628],[15.99239,41.76676],[15.98879,41.76537],[15.98814,41.76559],[15.98671,41.76441],[15.98663,41.76304],[15.98571,41.76219],[15.98407,41.76231],[15.98395,41.75981],[15.98621,41.75769],[15.98397,41.75712],[15.98014,41.75299],[15.97872,41.75235],[15.97732,41.75247],[15.97406,41.75462],[15.97212,41.75734],[15.957,41.76203],[15.9542,41.76187],[15.95184,41.76399],[15.9487,41.76326],[15.95036,41.76205],[15.95068,41.75984],[15.95167,41.7587],[15.9506,41.75753],[15.95598,41.75419],[15.95725,41.74984],[15.95614,41.74835],[15.95239,41.7485],[15.95133,41.74801],[15.94939,41.74566],[15.94923,41.74297],[15.94812,41.74265],[15.94626,41.74353],[15.94284,41.74834],[15.93969,41.74799],[15.92821,41.75174],[15.9257,41.75116],[15.92499,41.74803],[15.92275,41.74664],[15.91976,41.74671],[15.91504,41.74853],[15.90638,41.74789],[15.89885,41.756],[15.89586,41.76092],[15.89427,41.76214],[15.8811,41.76885],[15.87834,41.76961],[15.87695,41.76918],[15.87386,41.7694],[15.86996,41.77087],[15.86821,41.76869],[15.87825,41.76517],[15.88239,41.76428],[15.88811,41.76212],[15.89109,41.76021],[15.88959,41.75938],[15.88973,41.75846],[15.89438,41.7547],[15.89498,41.74867],[15.89697,41.74616],[15.89617,41.73895],[15.90006,41.73552],[15.89909,41.7332],[15.89986,41.73023],[15.89732,41.72638],[15.89603,41.72564],[15.89574,41.72629],[15.89079,41.72814],[15.88886,41.72549],[15.887,41.72592],[15.88496,41.72441],[15.88239,41.72519],[15.88125,41.72391],[15.88086,41.72426],[15.87544,41.72266],[15.87344,41.72096],[15.87579,41.72011],[15.87536,41.71957],[15.87482,41.72022],[15.86955,41.72088],[15.8664,41.72015],[15.85966,41.72119],[15.85552,41.72114],[15.85373,41.72193],[15.84752,41.72252],[15.84779,41.7218],[15.84371,41.72094],[15.84473,41.71902],[15.84248,41.71916],[15.84062,41.71805],[15.83702,41.7071],[15.83472,41.70674],[15.82791,41.70815],[15.82094,41.70746],[15.81924,41.70787],[15.81493,41.71048],[15.81724,41.71286],[15.81706,41.71375],[15.81924,41.71502],[15.82111,41.71497],[15.8209,41.71558],[15.82276,41.71609],[15.82235,41.71698],[15.82109,41.71684],[15.82072,41.7176],[15.82386,41.72057],[15.82201,41.72128],[15.80773,41.72365],[15.80176,41.72297],[15.79076,41.72326],[15.79919,41.72485],[15.79953,41.72684],[15.80428,41.72598],[15.80599,41.73074],[15.80943,41.7271],[15.81878,41.72768],[15.81612,41.72961],[15.81929,41.72982],[15.8191,41.7313],[15.82042,41.73209],[15.81916,41.73543],[15.82109,41.73573],[15.81765,41.73926],[15.81849,41.73988],[15.81776,41.74257],[15.81862,41.74497],[15.81444,41.74396],[15.81103,41.74494],[15.8127,41.74607],[15.81508,41.74608],[15.81724,41.7504],[15.81619,41.75188],[15.8107,41.75448],[15.81336,41.75438],[15.8174,41.75761],[15.81531,41.75855],[15.80862,41.75901],[15.80243,41.76293],[15.80563,41.76492],[15.80819,41.76545],[15.80818,41.76738],[15.80993,41.76954],[15.81438,41.76925],[15.8092,41.77185],[15.80976,41.773],[15.80916,41.77404],[15.80971,41.77432],[15.81454,41.77444],[15.81664,41.77358],[15.81837,41.77369],[15.82197,41.77491],[15.82184,41.77542],[15.82387,41.7752],[15.82526,41.77822],[15.82685,41.77839],[15.82905,41.77814],[15.82824,41.77706],[15.83358,41.77622],[15.83541,41.77525],[15.83716,41.77547],[15.84102,41.78032],[15.84421,41.78151],[15.84422,41.7849],[15.84206,41.78595],[15.84186,41.78915],[15.83861,41.79148],[15.83966,41.7925],[15.84416,41.79355],[15.84578,41.7931],[15.84926,41.79504],[15.8522,41.79574],[15.85417,41.7957],[15.85767,41.79356],[15.86055,41.79371],[15.86105,41.79495],[15.86223,41.79453],[15.86324,41.79292],[15.86501,41.79332],[15.86692,41.79206],[15.86871,41.79351],[15.87191,41.79471],[15.87384,41.79406],[15.87999,41.79461],[15.89332,41.78902],[15.89123,41.78744],[15.89291,41.7864],[15.89305,41.78542],[15.89371,41.78564],[15.89459,41.78502],[15.89424,41.78276],[15.89513,41.7821],[15.89796,41.78445],[15.9022,41.78658],[15.90573,41.78561],[15.9073,41.78578],[15.90926,41.78715],[15.91251,41.78336],[15.91442,41.78357],[15.91632,41.78502],[15.91437,41.78834],[15.91549,41.78931],[15.91526,41.79017],[15.91223,41.79339],[15.91188,41.79541],[15.91089,41.79567],[15.91229,41.79726],[15.91088,41.79871],[15.91114,41.79936],[15.91407,41.80033],[15.91692,41.79922],[15.91997,41.79959],[15.92118,41.79867],[15.9253,41.79799],[15.92692,41.79686],[15.93062,41.80001],[15.93279,41.79902],[15.93553,41.80064],[15.93489,41.8014],[15.93586,41.80287],[15.93537,41.80315],[15.93688,41.80453],[15.93594,41.80629],[15.93783,41.8089],[15.93305,41.81155],[15.93233,41.8127],[15.93287,41.81431],[15.92967,41.81549],[15.92691,41.81529],[15.92478,41.81679],[15.92244,41.81664],[15.9229,41.81739],[15.92099,41.81869],[15.91923,41.81776],[15.9186,41.81987],[15.91669,41.81872],[15.91372,41.81958],[15.91143,41.82135],[15.91253,41.82364],[15.9118,41.82618],[15.90998,41.8276],[15.9024,41.83078],[15.90179,41.83162],[15.90232,41.83216],[15.90068,41.83237],[15.89858,41.83461],[15.89501,41.83574],[15.88259,41.83766],[15.88097,41.83843],[15.88151,41.8392],[15.88196,41.83872],[15.88245,41.83992],[15.8829,41.83952],[15.88306,41.84045],[15.88446,41.84078],[15.88409,41.84507],[15.88094,41.84485],[15.88117,41.84731],[15.88002,41.84721],[15.87942,41.8478],[15.88145,41.84839],[15.88178,41.84961],[15.88059,41.85331],[15.87535,41.85948],[15.87666,41.86024],[15.87552,41.86127],[15.8729,41.86157],[15.87275,41.86304],[15.87127,41.86401],[15.8712,41.86557],[15.87204,41.86625],[15.87273,41.86568],[15.87327,41.86643],[15.88135,41.86228],[15.88239,41.86118],[15.88635,41.86115],[15.88792,41.86415],[15.89093,41.86745],[15.88924,41.87135],[15.8897,41.87168],[15.89244,41.87115],[15.89329,41.87041],[15.89948,41.86962],[15.90089,41.87012],[15.89987,41.87081],[15.90026,41.87477],[15.89879,41.87778],[15.89961,41.87698],[15.90578,41.87592],[15.91125,41.87311],[15.91608,41.87298],[15.91864,41.87112],[15.92032,41.87051],[15.9219,41.87075],[15.9296,41.86699],[15.93033,41.86279],[15.93341,41.85848],[15.93271,41.85663],[15.93214,41.85571],[15.92684,41.85466],[15.92274,41.85117],[15.9251,41.84959],[15.9425,41.84675],[15.95324,41.84364],[15.95716,41.84677],[15.9586,41.84703],[15.95933,41.85052],[15.96478,41.85457],[15.96802,41.85441],[15.97226,41.84947],[15.97687,41.85131],[15.97763,41.85365],[15.98055,41.85686],[15.98304,41.86312],[15.98967,41.86337],[15.99655,41.86594],[16.0001,41.87047],[16.00162,41.87365],[16.00499,41.87699],[16.00657,41.8796],[16.00981,41.88108],[16.01214,41.88512],[16.01618,41.88919],[16.01594,41.8919],[16.01896,41.8921],[16.02382,41.89442],[16.02739,41.89734],[16.03246,41.89686],[16.03554,41.89396],[16.03912,41.89573],[16.0446,41.89692],[16.04799,41.90112],[16.05078,41.90145],[16.05105,41.901],[16.04895,41.89886],[16.05195,41.89926],[16.05488,41.89859],[16.05434,41.89665],[16.05819,41.89853],[16.06561,41.89998],[16.07177,41.90353],[16.07441,41.90432],[16.07773,41.90445],[16.08096,41.90378],[16.08029,41.90184],[16.07615,41.89742],[16.0793,41.89767],[16.08674,41.89615],[16.09262,41.89662],[16.09469,41.89499],[16.09996,41.89496],[16.10512,41.89187],[16.10602,41.89246],[16.10913,41.89264],[16.11098,41.89092],[16.11206,41.89079],[16.11268,41.8888],[16.10981,41.88332],[16.11218,41.88156],[16.11247,41.88003],[16.11537,41.8822],[16.11674,41.88475],[16.11817,41.88584],[16.1226,41.88719],[16.12249,41.88398],[16.12736,41.88415],[16.13341,41.88212],[16.13197,41.87941],[16.12788,41.87731],[16.1244,41.87429],[16.12668,41.87178],[16.12839,41.87188],[16.12811,41.87057],[16.13363,41.87169],[16.13657,41.87071],[16.13926,41.8714],[16.14621,41.8709],[16.14269,41.86826],[16.1417,41.86604],[16.13529,41.86344],[16.13278,41.86024],[16.13253,41.85789],[16.12609,41.85113],[16.1242,41.84695],[16.12535,41.84456],[16.12718,41.84321],[16.12642,41.84117],[16.12755,41.84011],[16.12466,41.83677],[16.12558,41.8349],[16.12486,41.83085],[16.11725,41.83031],[16.11301,41.8286],[16.11132,41.82877],[16.10879,41.82664],[16.10732,41.82404],[16.10749,41.82043],[16.1066,41.81975],[16.10801,41.81806],[16.10662,41.81645],[16.10749,41.81507],[16.10722,41.81257],[16.11301,41.80771],[16.11305,41.80564],[16.11385,41.80583],[16.11468,41.80785],[16.11525,41.8078],[16.11429,41.81014],[16.1147,41.81104],[16.11645,41.81346],[16.11823,41.8145],[16.12205,41.81404],[16.12454,41.81208],[16.13071,41.81125],[16.13219,41.81189],[16.13309,41.81312],[16.13886,41.81562],[16.14187,41.81546],[16.14349,41.81451],[16.14695,41.81513],[16.14901,41.81512],[16.14904,41.81469],[16.15233,41.81677],[16.15461,41.81919],[16.15518,41.82085],[16.15771,41.8206],[16.16028,41.81913],[16.16303,41.82077],[16.17134,41.81956],[16.17536,41.82141],[16.17929,41.82627],[16.18216,41.83038],[16.18106,41.83118],[16.18486,41.83693],[16.18411,41.83714],[16.18532,41.8391],[16.18596,41.8389],[16.18638,41.83943],[16.19036,41.83846],[16.19202,41.83727],[16.19217,41.83637],[16.18908,41.83495],[16.19041,41.83412],[16.19007,41.83124],[16.19174,41.83096],[16.19209,41.83018],[16.18918,41.82966],[16.18913,41.82858],[16.1917,41.82783],[16.19543,41.82824],[16.1957,41.82729],[16.1974,41.82737],[16.19994,41.82598],[16.19964,41.82506],[16.19807,41.82446],[16.19787,41.82272],[16.19528,41.82219],[16.19471,41.82154],[16.19553,41.81749],[16.18333,41.81489],[16.182,41.81537],[16.17826,41.81505],[16.17672,41.81594],[16.17553,41.81517],[16.1757,41.81457],[16.17943,41.81429],[16.18413,41.81245],[16.18365,41.81134],[16.18167,41.81122],[16.17817,41.80904],[16.17708,41.80738],[16.17792,41.80648],[16.18183,41.80902],[16.18523,41.80939],[16.18811,41.81267],[16.19245,41.81395],[16.19701,41.81242],[16.19782,41.81306],[16.19836,41.81252],[16.19645,41.81048],[16.19379,41.80998],[16.19624,41.80878],[16.19559,41.80754],[16.19674,41.80592],[16.19533,41.80423],[16.19742,41.80349],[16.19689,41.80177],[16.19453,41.80028],[16.19578,41.79485],[16.19552,41.79269],[16.19428,41.79184],[16.19434,41.79041],[16.19319,41.78941],[16.19124,41.78907],[16.18797,41.79061],[16.18653,41.79014],[16.18708,41.78923],[16.19006,41.78783],[16.18753,41.78608],[16.18837,41.78454],[16.191,41.78456],[16.19224,41.78388],[16.19213,41.78325],[16.19052,41.78309],[16.19039,41.78236],[16.18906,41.78205],[16.18544,41.78167],[16.18088,41.77947],[16.17914,41.7795],[16.1802,41.78052],[16.17981,41.78308],[16.17544,41.78134],[16.1729,41.78186],[16.17074,41.78323],[16.16909,41.78269],[16.16787,41.78017],[16.16136,41.77914],[16.16066,41.77828],[16.15865,41.77945],[16.1549,41.77778],[16.1542,41.77887],[16.15498,41.77928],[16.15586,41.78225],[16.15191,41.7778],[16.15227,41.77649],[16.15174,41.77609],[16.14934,41.77546],[16.14475,41.77589],[16.14635,41.77341],[16.14591,41.77283],[16.14284,41.7727],[16.14212,41.77384],[16.14023,41.77433],[16.14023,41.77165],[16.13555,41.77097],[16.13834,41.76927],[16.13731,41.76878],[16.13659,41.76708],[16.13506,41.76763],[16.13356,41.76686],[16.13147,41.76824],[16.13157,41.76632],[16.12805,41.76603],[16.131,41.76489],[16.13476,41.76222],[16.12411,41.76555],[16.12236,41.76567],[16.12122,41.7649],[16.11875,41.7657],[16.11854,41.76415],[16.11722,41.76428],[16.11695,41.76216],[16.11588,41.76153],[16.11718,41.76104],[16.11971,41.75754],[16.11731,41.75679],[16.11507,41.75721],[16.10916,41.75441],[16.11158,41.75215],[16.1097,41.75073],[16.11096,41.75082],[16.11215,41.75012],[16.11116,41.74847],[16.11259,41.74834],[16.1142,41.74542],[16.11554,41.74603],[16.11839,41.74335],[16.12031,41.74401],[16.12117,41.74284],[16.12223,41.74409],[16.12422,41.74483],[16.12299,41.75013],[16.12548,41.748],[16.12848,41.74815],[16.13226,41.74748],[16.13372,41.74654],[16.13599,41.74699],[16.14277,41.7467],[16.14502,41.74566],[16.14399,41.74294],[16.14472,41.74188],[16.14236,41.74203],[16.14083,41.74072],[16.13913,41.74107],[16.13474,41.73995],[16.13404,41.73893],[16.13023,41.73888],[16.12912,41.73783],[16.12618,41.73887],[16.1249,41.73841],[16.12207,41.73891],[16.1194,41.73596],[16.11768,41.73799],[16.11768,41.74046],[16.11874,41.74205],[16.11829,41.74229],[16.11715,41.74144],[16.11722,41.74222],[16.11059,41.73845],[16.10724,41.73958],[16.10046,41.74042],[16.09637,41.74001],[16.09248,41.73673],[16.09153,41.73478],[16.08997,41.73426],[16.08858,41.73414],[16.0878,41.73512],[16.08566,41.73477],[16.08474,41.73673],[16.08514,41.73794],[16.08382,41.73634],[16.08386,41.73419],[16.08115,41.73403],[16.081,41.73323],[16.08063,41.73502],[16.07774,41.73391],[16.07576,41.73435],[16.07422,41.73208],[16.06869,41.7333],[16.06813,41.73479],[16.06669,41.7337],[16.06371,41.73426],[16.06237,41.7337],[16.06066,41.73408],[16.06044,41.73336],[16.06476,41.73168],[16.06771,41.72978],[16.0678,41.72902],[16.0657,41.72737],[16.06311,41.72905],[16.06233,41.73047],[16.05981,41.73082],[16.05918,41.73173],[16.05073,41.73121],[16.05185,41.72792],[16.0534,41.7261],[16.0555,41.72539],[16.05907,41.72822],[16.05947,41.72745],[16.06119,41.72765],[16.06113,41.72624],[16.06501,41.72366],[16.06487,41.7176],[16.06074,41.71776],[16.05836,41.7214],[16.0549,41.72088],[16.05374,41.71965],[16.05005,41.7221],[16.049,41.72134],[16.04676,41.72092],[16.04665,41.7213],[16.04471,41.71791],[16.04511,41.71693],[16.03762,41.72011],[16.03387,41.71952],[16.03636,41.71953],[16.03513,41.71913],[16.03452,41.7179],[16.03509,41.71764],[16.03419,41.71658],[16.03751,41.71543],[16.03907,41.71245],[16.04397,41.71114],[16.0461,41.70957],[16.04483,41.70991],[16.04439,41.70941],[16.04432,41.70739],[16.04284,41.7062],[16.03979,41.70128],[16.04226,41.70064],[16.04198,41.69966],[16.04431,41.70007],[16.04511,41.69918],[16.05065,41.69798],[16.05151,41.69854],[16.0535,41.69765],[16.05811,41.69755],[16.06115,41.69687],[16.06562,41.69545],[16.0659,41.69455],[16.06539,41.69364],[16.06254,41.69233],[16.05856,41.69139],[16.05531,41.6914],[16.05143,41.68959],[16.05012,41.68744],[16.04664,41.68568],[16.045,41.68414],[16.04265,41.68393],[16.03871,41.68171],[16.03507,41.68422],[16.03587,41.68612],[16.03417,41.68947],[16.03272,41.68984],[16.02915,41.68921],[16.0255,41.69042],[16.02589,41.69077],[16.0306,41.69015],[16.03233,41.69094],[16.0322,41.69172],[16.03103,41.69177],[16.02968,41.69089],[16.02846,41.6924],[16.02193,41.69553],[16.01759,41.69472],[16.01679,41.69528],[16.0171,41.69684],[16.01154,41.69736],[16.00835,41.69982],[16.00659,41.69942],[16.00341,41.69976],[16.00604,41.69601],[16.00604,41.69291],[16.00777,41.68938],[16.01032,41.68713],[16.0094,41.68264],[16.00728,41.68383],[16.00393,41.68386],[16.00005,41.68226],[15.99899,41.68337],[15.99821,41.68237],[15.99505,41.68301],[15.99392,41.68171],[15.9902,41.68253],[15.9887,41.68166],[15.98723,41.68251],[15.98685,41.68101],[15.9835,41.68082],[15.98143,41.67991],[15.97399,41.67847],[15.97363,41.67904],[15.97085,41.67841],[15.96752,41.67748],[15.95934,41.67361],[15.95593,41.67094],[15.95189,41.66908],[15.9499,41.66688],[15.9409,41.66385],[15.93819,41.66175],[15.92848,41.65883],[15.92382,41.6581],[15.91365,41.65862],[15.91272,41.65807],[15.90669,41.64389],[15.89765,41.64444],[15.89451,41.64403],[15.89051,41.64218],[15.8886,41.6406],[15.8841,41.63532],[15.88091,41.62544],[15.88438,41.62572],[15.88265,41.62256],[15.8783,41.6094],[15.87007,41.599],[15.86665,41.58892],[15.85684,41.57872],[15.81576,41.55436],[15.80566,41.55115]],[[15.93811,41.79809],[15.93804,41.79823],[15.93759,41.79872],[15.93811,41.79809]]],[[[15.7293,41.51934],[15.68962,41.53267],[15.68242,41.5356],[15.67197,41.54184],[15.70223,41.55215],[15.7193,41.55864],[15.73922,41.56511],[15.73348,41.54737],[15.73046,41.53441],[15.72725,41.5271],[15.73142,41.51972],[15.7293,41.51934]]]]}},{"type":"Feature","properties":{"nome":"Torre Guaceto","tipo":"ZPS","codice":"IT9140008","ettari":548,"settori":["BR_01","BR_02"]},"geometry":{"type":"Polygon","coordinates":[[[17.80754,40.6988],[17.78061,40.71436],[17.77123,40.71636],[17.77284,40.73211],[17.79598,40.72095],[17.80106,40.71903],[17.8076,40.7186],[17.81302,40.71535],[17.81255,40.71404],[17.81392,40.71341],[17.80742,40.70734],[17.8058,40.70505],[17.80754,40.6988]]]}},{"type":"Feature","properties":{"nome":"Le Cesine","tipo":"ZPS","codice":"IT9150014","ettari":647,"settori":["LE_01"]},"geometry":{"type":"Polygon","coordinates":[[[18.36994,40.3338],[18.3634,40.33246],[18.35567,40.33788],[18.35101,40.33706],[18.3453,40.34098],[18.34195,40.3399],[18.33376,40.34494],[18.33073,40.34877],[18.32763,40.34934],[18.32577,40.3534],[18.32296,40.35609],[18.32169,40.3606],[18.31946,40.36266],[18.31507,40.36973],[18.31397,40.37344],[18.31565,40.37413],[18.31634,40.37283],[18.31932,40.37107],[18.32724,40.36813],[18.33144,40.36387],[18.33498,40.36201],[18.33823,40.3611],[18.34309,40.35723],[18.35107,40.35244],[18.35225,40.34997],[18.3602,40.34452],[18.36209,40.34209],[18.36539,40.3396],[18.36686,40.33666],[18.36994,40.3338]]]}},{"type":"Feature","properties":{"nome":"Isole Tremiti","tipo":"ZPS","codice":"IT9110040","ettari":0,"settori":["FG_01"]},"geometry":{"type":"Polygon","coordinates":[[[15.20659,42.12095],[15.21557,42.16516],[15.23055,42.19578],[15.28097,42.25218],[15.34207,42.29496],[15.40224,42.32225],[15.45406,42.33507],[15.52192,42.34007],[15.57381,42.38167],[15.64274,42.41204],[15.71106,42.42517],[15.789,42.42428],[15.85703,42.41026],[15.90353,42.39137],[15.94406,42.36615],[15.98637,42.32426],[16.01001,42.28225],[16.01906,42.24991],[16.02016,42.21059],[16.01512,42.18447],[16.00096,42.15036],[15.5019,42.04233],[15.48209,42.04062],[15.45763,42.04335],[15.20659,42.12095]]]}},{"type":"Feature","properties":{"nome":"Litorale di Gallipoli","tipo":"ZSC e ZPS","codice":"IT9150015","ettari":0,"settori":["LE_02"]},"geometry":{"type":"MultiPolygon","coordinates":[[[[18.04421,40.02838],[18.03561,40.02678],[18.03645,40.02801],[18.0349,40.02877],[18.03511,40.02944],[18.03366,40.02861],[18.03282,40.02885],[18.03307,40.02798],[18.02917,40.02804],[18.02667,40.02742],[18.02726,40.02595],[18.02269,40.02505],[18.02368,40.02019],[18.02309,40.01956],[18.02154,40.0196],[18.02172,40.01895],[18.02241,40.01901],[18.0228,40.01706],[18.02276,40.01219],[18.0212,40.01214],[18.02054,40.01096],[18.02065,40.00828],[18.0194,40.00555],[18.01994,40.00484],[18.01869,40.00405],[18.01823,39.99968],[18.01588,40.00001],[18.01691,39.9992],[18.01585,39.99804],[18.01495,39.99806],[18.0134,39.99411],[18.0121,39.99363],[18.0123,39.99304],[18.01041,39.99047],[18.00673,39.99133],[18.00327,39.99424],[18.00069,39.99372],[18.00219,39.98972],[17.99934,39.98933],[17.99511,39.99418],[17.99337,40.00045],[17.99529,39.99971],[17.99692,39.99816],[18.00191,39.99678],[18.00522,39.99669],[18.00648,39.99577],[18.01012,39.99796],[18.01348,40.002],[18.01305,40.00281],[18.01417,40.00259],[18.01559,40.00398],[18.01544,40.00518],[18.01598,40.00504],[18.01763,40.00684],[18.02071,40.01699],[18.02028,40.0222],[18.02188,40.02237],[18.02171,40.0232],[18.02015,40.02311],[18.01803,40.03034],[18.01465,40.03686],[18.01063,40.04187],[18.00403,40.04746],[18.00306,40.04689],[18.00218,40.04804],[18.0013,40.04773],[18.00023,40.04874],[18.00084,40.04912],[18.00388,40.0479],[18.0042,40.04852],[18.00649,40.04782],[18.00711,40.04743],[18.00601,40.04668],[18.00515,40.04681],[18.00784,40.0451],[18.00875,40.0458],[18.0093,40.04501],[18.01238,40.04617],[18.01429,40.04488],[18.01306,40.04392],[18.0142,40.04339],[18.01336,40.04278],[18.01381,40.04177],[18.0147,40.04233],[18.01545,40.04151],[18.01353,40.03943],[18.01505,40.03804],[18.01461,40.03754],[18.01505,40.03689],[18.01567,40.03711],[18.01825,40.03266],[18.02525,40.03561],[18.02925,40.03196],[18.03309,40.03271],[18.03595,40.03206],[18.03596,40.02884],[18.04122,40.02979],[18.04421,40.02838]]],[[[17.98185,40.07308],[17.99682,40.06736],[17.98935,40.06117],[17.98693,40.06045],[17.98543,40.06023],[17.9837,40.06208],[17.97569,40.06192],[17.97305,40.06028],[17.97088,40.05771],[17.97128,40.05375],[17.97414,40.05],[17.98263,40.05215],[17.98639,40.05205],[17.99532,40.0488],[18.00176,40.04304],[18.00923,40.03378],[18.0116,40.02938],[18.01317,40.02224],[18.01299,40.01436],[18.00802,40.00653],[18.00153,40.00288],[17.99175,40.00208],[17.99045,39.99988],[17.99224,39.99392],[17.99465,39.99031],[18.00018,39.98477],[18.00468,39.97599],[18.01186,39.96629],[18.0195,39.96415],[18.02373,39.96094],[18.02682,39.95478],[18.02569,39.94821],[18.03032,39.94641],[18.03147,39.94199],[18.03655,39.93888],[18.03858,39.93533],[18.0422,39.93356],[18.04648,39.92623],[18.05015,39.92561],[18.05588,39.9221],[18.06215,39.91948],[18.08358,39.89887],[18.08886,39.89666],[18.0952,39.89558],[18.10143,39.89218],[18.1034,39.88893],[18.0811,39.87658],[18.06282,39.89092],[18.04355,39.90422],[18.03217,39.91837],[18.0147,39.93055],[17.99072,39.94442],[17.98892,39.95041],[17.96987,39.94687],[17.95088,39.94572],[17.93876,39.94622],[17.86009,39.93065],[17.7535,39.91041],[17.73128,39.93076],[17.69911,39.97428],[17.6914,40.00237],[17.68571,40.05623],[17.69113,40.0947],[17.68855,40.10011],[17.76551,40.19112],[17.83623,40.16581],[17.87984,40.17584],[17.89538,40.17219],[17.91292,40.16896],[17.92383,40.16804],[17.93038,40.169],[17.93121,40.17027],[17.93904,40.16407],[17.94796,40.16136],[17.94874,40.15761],[17.95413,40.15126],[17.96166,40.14444],[17.96946,40.14383],[17.97512,40.13136],[17.98318,40.1267],[17.98555,40.12002],[17.97573,40.11941],[17.97815,40.1152],[17.98271,40.11367],[17.98393,40.10998],[17.97787,40.09841],[17.97834,40.08809],[17.98586,40.08009],[17.98185,40.07308]]]]}}]}